item_id,order_id,product_id,quantity,unit_price
50001,10001,3051,5,6245.66
50002,10001,3062,2,995.28
50003,10001,3017,3,1119.72
50004,10002,3028,1,3181.64
50005,10002,3041,5,7025.18
50006,10002,3048,4,3325.11
50007,10003,3021,2,5368.53
50008,10003,3023,3,1658.21
50009,10004,3014,5,139.69
50010,10005,3046,2,7701.62
50011,10005,3052,3,9740.53
50012,10006,3023,2,1658.21
50013,10006,3053,1,3472.07
50014,10006,3025,1,2144.12
50015,10006,3033,2,6200.52
50016,10007,3032,1,4321.01
50017,10007,3036,3,5720.11
50018,10008,3002,4,8781.78
50019,10008,3054,2,7863.71
50020,10009,3006,1,9141.20
50021,10009,3018,3,321.55
50022,10009,3053,3,3472.07
50023,10009,3052,1,9740.53
50024,10010,3056,1,6658.86
50025,10010,3025,4,2144.12
50026,10010,3024,3,9586.15
50027,10011,3003,2,8310.63
50028,10012,3007,1,8009.35
50029,10013,3032,2,4321.01
50030,10013,3048,5,3325.11
50031,10014,3018,3,321.55
50032,10014,3021,4,5368.53
50033,10015,3012,5,2130.35
50034,10016,3049,1,7944.07
50035,10016,3001,4,2786.82
50036,10017,3068,2,3066.38
50037,10018,3063,3,8882.89
50038,10018,3005,4,3803.74
50039,10018,3042,1,7907.91
50040,10018,3052,4,9740.53
50041,10019,3061,4,3340.34
50042,10020,3051,2,6245.66
50043,10020,3037,5,1061.90
50044,10021,3002,4,8781.78
50045,10021,3042,2,7907.91
50046,10021,3030,2,386.03
50047,10022,3055,4,5489.82
50048,10022,3012,2,2130.35
50049,10022,3057,2,1230.80
50050,10023,3027,2,5782.42
50051,10024,3015,1,6900.82
50052,10024,3002,4,8781.78
50053,10024,3034,3,8191.68
50054,10024,3037,2,1061.90
50055,10025,3013,3,3936.12
50056,10025,3050,3,4067.08
50057,10026,3015,2,6900.82
50058,10026,3026,4,2782.42
50059,10026,3059,4,1843.12
50060,10027,3067,1,2135.05
50061,10027,3047,4,5127.70
50062,10027,3062,2,995.28
50063,10027,3054,3,7863.71
50064,10028,3024,4,9586.15
50065,10028,3006,1,9141.20
50066,10028,3036,4,5720.11
50067,10029,3044,5,4804.81
50068,10029,3013,4,3936.12
50069,10029,3066,1,6193.16
50070,10030,3064,5,7594.07
50071,10031,3023,2,1658.21
50072,10031,3039,1,1521.84
50073,10032,3037,4,1061.90
50074,10032,3029,3,5450.71
50075,10033,3035,2,9738.45
50076,10033,3010,2,7776.78
50077,10033,3064,3,7594.07
50078,10034,3055,5,5489.82
50079,10034,3043,4,4586.50
50080,10034,3026,5,2782.42
50081,10035,3058,3,3320.24
50082,10035,3002,3,8781.78
50083,10035,3022,5,6743.13
50084,10036,3029,4,5450.71
50085,10036,3049,5,7944.07
50086,10036,3018,5,321.55
50087,10037,3036,4,5720.11
50088,10038,3026,4,2782.42
50089,10038,3067,3,2135.05
50090,10039,3002,1,8781.78
50091,10040,3030,3,386.03
50092,10040,3065,4,4583.45
50093,10040,3044,3,4804.81
50094,10041,3012,3,2130.35
50095,10041,3051,2,6245.66
50096,10042,3003,4,8310.63
50097,10042,3005,5,3803.74
50098,10042,3029,1,5450.71
50099,10043,3055,4,5489.82
50100,10043,3007,4,8009.35
50101,10043,3040,1,9136.33
50102,10044,3029,5,5450.71
50103,10044,3059,3,1843.12
50104,10044,3065,3,4583.45
50105,10045,3059,4,1843.12
50106,10045,3007,4,8009.35
50107,10046,3070,4,7205.13
50108,10047,3054,2,7863.71
50109,10047,3033,4,6200.52
50110,10047,3060,2,788.12
50111,10048,3009,5,7350.17
50112,10048,3048,3,3325.11
50113,10048,3039,5,1521.84
50114,10048,3012,5,2130.35
50115,10049,3008,2,1982.10
50116,10050,3061,5,3340.34
50117,10050,3022,3,6743.13
50118,10050,3015,3,6900.82
50119,10050,3002,1,8781.78
50120,10051,3050,3,4067.08
50121,10051,3003,4,8310.63
50122,10051,3038,4,4757.40
50123,10051,3031,1,1147.68
50124,10052,3005,4,3803.74
50125,10052,3030,3,386.03
50126,10052,3032,4,4321.01
50127,10053,3028,4,3181.64
50128,10053,3004,4,5297.49
50129,10054,3028,1,3181.64
50130,10054,3003,5,8310.63
50131,10054,3052,2,9740.53
50132,10054,3061,2,3340.34
50133,10055,3054,4,7863.71
50134,10055,3053,5,3472.07
50135,10056,3011,4,8238.17
50136,10056,3003,5,8310.63
50137,10056,3066,5,6193.16
50138,10057,3043,4,4586.50
50139,10057,3028,4,3181.64
50140,10057,3065,2,4583.45
50141,10057,3006,5,9141.20
50142,10058,3027,5,5782.42
50143,10058,3039,5,1521.84
50144,10058,3022,4,6743.13
50145,10058,3066,4,6193.16
50146,10059,3041,3,7025.18
50147,10060,3039,5,1521.84
50148,10061,3018,4,321.55
50149,10061,3016,1,3398.57
50150,10062,3055,4,5489.82
50151,10062,3010,4,7776.78
50152,10062,3070,1,7205.13
50153,10063,3051,1,6245.66
50154,10063,3027,4,5782.42
50155,10063,3024,2,9586.15
50156,10063,3008,5,1982.10
50157,10064,3061,2,3340.34
50158,10065,3066,5,6193.16
50159,10065,3011,5,8238.17
50160,10066,3063,5,8882.89
50161,10066,3016,2,3398.57
50162,10067,3042,1,7907.91
50163,10067,3027,4,5782.42
50164,10067,3030,1,386.03
50165,10067,3060,5,788.12
50166,10068,3040,5,9136.33
50167,10068,3034,3,8191.68
50168,10068,3022,2,6743.13
50169,10068,3052,1,9740.53
50170,10069,3069,1,9192.17
50171,10069,3031,2,1147.68
50172,10070,3039,3,1521.84
50173,10070,3003,3,8310.63
50174,10070,3015,5,6900.82
50175,10071,3058,1,3320.24
50176,10071,3004,5,5297.49
50177,10071,3049,3,7944.07
50178,10071,3023,5,1658.21
50179,10072,3025,5,2144.12
50180,10072,3001,5,2786.82
50181,10072,3048,2,3325.11
50182,10072,3034,3,8191.68
50183,10073,3066,2,6193.16
50184,10073,3036,1,5720.11
50185,10074,3010,5,7776.78
50186,10074,3060,1,788.12
50187,10075,3061,4,3340.34
50188,10075,3065,3,4583.45
50189,10075,3001,2,2786.82
50190,10075,3050,1,4067.08
50191,10076,3068,4,3066.38
50192,10076,3007,3,8009.35
50193,10076,3014,5,139.69
50194,10077,3066,3,6193.16
50195,10077,3012,1,2130.35
50196,10078,3058,1,3320.24
50197,10078,3006,4,9141.20
50198,10079,3020,4,2084.50
50199,10080,3006,2,9141.20
50200,10080,3058,1,3320.24
50201,10080,3007,5,8009.35
50202,10081,3067,1,2135.05
50203,10082,3021,2,5368.53
50204,10082,3052,5,9740.53
50205,10082,3020,4,2084.50
50206,10082,3068,5,3066.38
50207,10083,3038,5,4757.40
50208,10083,3039,3,1521.84
50209,10084,3003,4,8310.63
50210,10085,3067,5,2135.05
50211,10085,3065,3,4583.45
50212,10086,3060,1,788.12
50213,10086,3036,1,5720.11
50214,10087,3070,5,7205.13
50215,10087,3001,4,2786.82
50216,10087,3055,1,5489.82
50217,10087,3015,2,6900.82
50218,10088,3052,5,9740.53
50219,10088,3051,1,6245.66
50220,10088,3017,5,1119.72
50221,10088,3002,2,8781.78
50222,10089,3031,5,1147.68
50223,10090,3059,1,1843.12
50224,10091,3054,3,7863.71
50225,10091,3025,3,2144.12
50226,10092,3028,2,3181.64
50227,10092,3042,3,7907.91
50228,10092,3049,3,7944.07
50229,10093,3001,3,2786.82
50230,10093,3011,2,8238.17
50231,10093,3023,3,1658.21
50232,10093,3002,2,8781.78
50233,10094,3028,5,3181.64
50234,10094,3053,1,3472.07
50235,10094,3003,2,8310.63
50236,10095,3059,2,1843.12
50237,10095,3047,1,5127.70
50238,10096,3035,4,9738.45
50239,10096,3058,1,3320.24
50240,10097,3049,1,7944.07
50241,10097,3058,2,3320.24
50242,10098,3032,2,4321.01
50243,10098,3049,3,7944.07
50244,10098,3041,1,7025.18
50245,10099,3046,3,7701.62
50246,10099,3029,5,5450.71
50247,10099,3055,1,5489.82
50248,10100,3048,4,3325.11
50249,10100,3036,3,5720.11
50250,10100,3003,5,8310.63
50251,10100,3032,5,4321.01
50252,10101,3016,5,3398.57
50253,10101,3046,4,7701.62
50254,10102,3032,4,4321.01
50255,10102,3067,4,2135.05
50256,10102,3048,2,3325.11
50257,10102,3036,2,5720.11
50258,10103,3030,1,386.03
50259,10103,3055,4,5489.82
50260,10104,3060,5,788.12
50261,10104,3068,1,3066.38
50262,10104,3053,2,3472.07
50263,10104,3037,3,1061.90
50264,10105,3063,1,8882.89
50265,10105,3023,3,1658.21
50266,10105,3018,2,321.55
50267,10106,3024,1,9586.15
50268,10106,3022,4,6743.13
50269,10106,3053,4,3472.07
50270,10106,3017,4,1119.72
50271,10107,3059,5,1843.12
50272,10108,3023,5,1658.21
50273,10108,3025,5,2144.12
50274,10108,3045,5,4665.29
50275,10108,3049,2,7944.07
50276,10109,3028,5,3181.64
50277,10109,3042,4,7907.91
50278,10110,3066,5,6193.16
50279,10110,3060,2,788.12
50280,10110,3064,3,7594.07
50281,10110,3058,4,3320.24
50282,10111,3039,1,1521.84
50283,10112,3033,2,6200.52
50284,10112,3068,1,3066.38
50285,10113,3032,2,4321.01
50286,10113,3013,5,3936.12
50287,10113,3042,5,7907.91
50288,10114,3011,2,8238.17
50289,10114,3020,4,2084.50
50290,10115,3004,1,5297.49
50291,10116,3038,3,4757.40
50292,10117,3060,4,788.12
50293,10118,3009,2,7350.17
50294,10118,3040,1,9136.33
50295,10119,3010,1,7776.78
50296,10119,3028,1,3181.64
50297,10119,3039,2,1521.84
50298,10120,3042,2,7907.91
50299,10120,3020,1,2084.50
50300,10120,3070,5,7205.13
50301,10120,3061,5,3340.34
50302,10121,3042,2,7907.91
50303,10121,3050,3,4067.08
50304,10121,3039,1,1521.84
50305,10121,3021,3,5368.53
50306,10122,3008,2,1982.10
50307,10122,3067,2,2135.05
50308,10123,3030,4,386.03
50309,10123,3004,4,5297.49
50310,10123,3063,5,8882.89
50311,10124,3034,5,8191.68
50312,10125,3017,4,1119.72
50313,10125,3070,5,7205.13
50314,10125,3005,2,3803.74
50315,10125,3048,1,3325.11
50316,10126,3061,3,3340.34
50317,10127,3001,5,2786.82
50318,10127,3058,4,3320.24
50319,10128,3013,4,3936.12
50320,10128,3068,2,3066.38
50321,10128,3056,3,6658.86
50322,10128,3043,1,4586.50
50323,10129,3032,3,4321.01
50324,10129,3040,1,9136.33
50325,10129,3063,2,8882.89
50326,10130,3029,4,5450.71
50327,10130,3010,5,7776.78
50328,10130,3025,3,2144.12
50329,10131,3013,4,3936.12
50330,10131,3002,4,8781.78
50331,10131,3007,2,8009.35
50332,10131,3064,2,7594.07
50333,10132,3064,3,7594.07
50334,10133,3029,4,5450.71
50335,10134,3023,1,1658.21
50336,10135,3043,5,4586.50
50337,10135,3010,2,7776.78
50338,10136,3025,2,2144.12
50339,10136,3027,3,5782.42
50340,10136,3059,2,1843.12
50341,10136,3006,3,9141.20
50342,10137,3036,5,5720.11
50343,10137,3058,5,3320.24
50344,10137,3037,1,1061.90
50345,10138,3064,4,7594.07
50346,10138,3056,5,6658.86
50347,10138,3004,4,5297.49
50348,10139,3029,1,5450.71
50349,10139,3041,1,7025.18
50350,10140,3053,1,3472.07
50351,10140,3042,5,7907.91
50352,10140,3010,3,7776.78
50353,10140,3061,1,3340.34
50354,10141,3031,1,1147.68
50355,10141,3022,3,6743.13
50356,10141,3069,3,9192.17
50357,10141,3045,4,4665.29
50358,10142,3033,5,6200.52
50359,10142,3005,1,3803.74
50360,10143,3066,3,6193.16
50361,10143,3001,5,2786.82
50362,10143,3045,1,4665.29
50363,10144,3042,4,7907.91
50364,10145,3035,2,9738.45
50365,10145,3051,5,6245.66
50366,10145,3047,1,5127.70
50367,10146,3007,1,8009.35
50368,10146,3063,3,8882.89
50369,10146,3061,1,3340.34
50370,10146,3001,5,2786.82
50371,10147,3002,3,8781.78
50372,10147,3040,3,9136.33
50373,10148,3070,3,7205.13
50374,10149,3032,5,4321.01
50375,10150,3023,5,1658.21
50376,10150,3011,1,8238.17
50377,10151,3049,2,7944.07
50378,10151,3051,1,6245.66
50379,10152,3066,5,6193.16
50380,10152,3048,5,3325.11
50381,10153,3036,5,5720.11
50382,10153,3003,1,8310.63
50383,10153,3057,2,1230.80
50384,10153,3069,4,9192.17
50385,10154,3021,4,5368.53
50386,10154,3044,3,4804.81
50387,10154,3012,4,2130.35
50388,10155,3027,3,5782.42
50389,10155,3031,4,1147.68
50390,10156,3026,2,2782.42
50391,10156,3008,5,1982.10
50392,10157,3039,5,1521.84
50393,10157,3034,1,8191.68
50394,10157,3003,4,8310.63
50395,10157,3065,4,4583.45
50396,10158,3065,5,4583.45
50397,10159,3006,5,9141.20
50398,10159,3022,3,6743.13
50399,10159,3016,2,3398.57
50400,10159,3012,1,2130.35
50401,10160,3026,2,2782.42
50402,10161,3049,3,7944.07
50403,10161,3013,5,3936.12
50404,10161,3043,3,4586.50
50405,10161,3069,5,9192.17
50406,10162,3044,2,4804.81
50407,10163,3031,5,1147.68
50408,10163,3024,4,9586.15
50409,10163,3016,1,3398.57
50410,10163,3015,3,6900.82
50411,10164,3021,2,5368.53
50412,10164,3019,5,6423.62
50413,10164,3003,4,8310.63
50414,10164,3041,1,7025.18
50415,10165,3062,3,995.28
50416,10165,3035,4,9738.45
50417,10165,3047,1,5127.70
50418,10165,3036,5,5720.11
50419,10166,3026,4,2782.42
50420,10166,3011,1,8238.17
50421,10167,3050,2,4067.08
50422,10167,3010,5,7776.78
50423,10167,3044,3,4804.81
50424,10168,3063,4,8882.89
50425,10168,3050,2,4067.08
50426,10168,3053,2,3472.07
50427,10168,3017,3,1119.72
50428,10169,3001,2,2786.82
50429,10169,3047,4,5127.70
50430,10169,3030,1,386.03
50431,10169,3002,5,8781.78
50432,10170,3003,4,8310.63
50433,10170,3017,5,1119.72
50434,10170,3048,4,3325.11
50435,10171,3028,4,3181.64
50436,10172,3007,1,8009.35
50437,10172,3043,4,4586.50
50438,10172,3051,4,6245.66
50439,10172,3031,2,1147.68
50440,10173,3002,5,8781.78
50441,10173,3048,1,3325.11
50442,10173,3006,4,9141.20
50443,10173,3017,3,1119.72
50444,10174,3070,5,7205.13
50445,10175,3002,2,8781.78
50446,10176,3016,2,3398.57
50447,10177,3031,1,1147.68
50448,10178,3047,1,5127.70
50449,10178,3018,5,321.55
50450,10179,3044,4,4804.81
50451,10179,3021,3,5368.53
50452,10179,3026,5,2782.42
50453,10180,3047,4,5127.70
50454,10180,3030,1,386.03
50455,10180,3015,1,6900.82
50456,10180,3024,5,9586.15
50457,10181,3006,4,9141.20
50458,10181,3018,3,321.55
50459,10181,3060,3,788.12
50460,10181,3045,3,4665.29
50461,10182,3018,3,321.55
50462,10182,3006,5,9141.20
50463,10182,3041,5,7025.18
50464,10183,3037,5,1061.90
50465,10183,3043,1,4586.50
50466,10183,3029,1,5450.71
50467,10184,3016,5,3398.57
50468,10185,3045,3,4665.29
50469,10185,3068,3,3066.38
50470,10185,3028,4,3181.64
50471,10185,3037,4,1061.90
50472,10186,3022,2,6743.13
50473,10186,3048,1,3325.11
50474,10187,3064,4,7594.07
50475,10187,3007,1,8009.35
50476,10187,3041,2,7025.18
50477,10187,3053,4,3472.07
50478,10188,3054,2,7863.71
50479,10189,3070,4,7205.13
50480,10189,3055,1,5489.82
50481,10189,3004,3,5297.49
50482,10190,3020,2,2084.50
50483,10190,3054,2,7863.71
50484,10190,3052,3,9740.53
50485,10190,3003,1,8310.63
50486,10191,3065,1,4583.45
50487,10191,3047,3,5127.70
50488,10191,3004,2,5297.49
50489,10192,3009,4,7350.17
50490,10193,3012,4,2130.35
50491,10193,3055,1,5489.82
50492,10194,3055,5,5489.82
50493,10194,3007,4,8009.35
50494,10194,3045,5,4665.29
50495,10195,3048,2,3325.11
50496,10196,3033,1,6200.52
50497,10196,3039,2,1521.84
50498,10197,3042,4,7907.91
50499,10197,3040,5,9136.33
50500,10198,3008,3,1982.10
50501,10198,3049,2,7944.07
50502,10198,3034,1,8191.68
50503,10199,3060,4,788.12
50504,10199,3007,1,8009.35
50505,10199,3041,5,7025.18
50506,10200,3068,5,3066.38
50507,10201,3056,4,6658.86
50508,10201,3039,3,1521.84
50509,10201,3052,4,9740.53
50510,10201,3028,1,3181.64
50511,10202,3025,5,2144.12
50512,10202,3042,4,7907.91
50513,10203,3059,3,1843.12
50514,10203,3051,4,6245.66
50515,10203,3001,1,2786.82
50516,10204,3032,4,4321.01
50517,10204,3062,1,995.28
50518,10205,3032,5,4321.01
50519,10205,3001,2,2786.82
50520,10205,3013,2,3936.12
50521,10206,3047,4,5127.70
50522,10207,3031,5,1147.68
50523,10207,3028,4,3181.64
50524,10207,3025,2,2144.12
50525,10207,3019,2,6423.62
50526,10208,3052,3,9740.53
50527,10208,3038,1,4757.40
50528,10209,3018,2,321.55
50529,10209,3042,2,7907.91
50530,10210,3059,2,1843.12
50531,10210,3049,4,7944.07
50532,10210,3024,4,9586.15
50533,10210,3034,2,8191.68
50534,10211,3029,3,5450.71
50535,10211,3069,2,9192.17
50536,10212,3018,2,321.55
50537,10213,3003,3,8310.63
50538,10213,3013,1,3936.12
50539,10214,3055,5,5489.82
50540,10215,3030,5,386.03
50541,10215,3023,3,1658.21
50542,10216,3018,4,321.55
50543,10216,3028,1,3181.64
50544,10216,3039,5,1521.84
50545,10217,3002,3,8781.78
50546,10217,3062,3,995.28
50547,10218,3043,3,4586.50
50548,10219,3017,4,1119.72
50549,10219,3050,3,4067.08
50550,10219,3008,4,1982.10
50551,10220,3026,5,2782.42
50552,10221,3016,1,3398.57
50553,10221,3004,4,5297.49
50554,10222,3032,2,4321.01
50555,10222,3028,4,3181.64
50556,10222,3020,2,2084.50
50557,10223,3064,4,7594.07
50558,10223,3058,4,3320.24
50559,10224,3027,4,5782.42
50560,10224,3010,5,7776.78
50561,10225,3051,4,6245.66
50562,10226,3062,1,995.28
50563,10226,3004,2,5297.49
50564,10226,3057,5,1230.80
50565,10227,3007,1,8009.35
50566,10227,3031,3,1147.68
50567,10227,3049,5,7944.07
50568,10228,3022,2,6743.13
50569,10228,3065,3,4583.45
50570,10228,3039,1,1521.84
50571,10229,3061,3,3340.34
50572,10230,3017,4,1119.72
50573,10231,3003,3,8310.63
50574,10231,3056,5,6658.86
50575,10231,3061,2,3340.34
50576,10232,3059,5,1843.12
50577,10232,3054,1,7863.71
50578,10232,3018,4,321.55
50579,10232,3048,2,3325.11
50580,10233,3006,2,9141.20
50581,10234,3025,3,2144.12
50582,10234,3066,4,6193.16
50583,10234,3046,1,7701.62
50584,10234,3052,3,9740.53
50585,10235,3035,1,9738.45
50586,10235,3041,5,7025.18
50587,10235,3063,2,8882.89
50588,10235,3027,5,5782.42
50589,10236,3070,5,7205.13
50590,10236,3036,5,5720.11
50591,10236,3010,4,7776.78
50592,10236,3033,1,6200.52
50593,10237,3041,5,7025.18
50594,10237,3002,2,8781.78
50595,10237,3037,2,1061.90
50596,10238,3056,2,6658.86
50597,10238,3038,2,4757.40
50598,10238,3028,5,3181.64
50599,10238,3017,3,1119.72
50600,10239,3013,1,3936.12
50601,10239,3017,1,1119.72
50602,10239,3021,3,5368.53
50603,10239,3069,5,9192.17
50604,10240,3044,1,4804.81
50605,10240,3030,1,386.03
50606,10240,3033,1,6200.52
50607,10241,3058,2,3320.24
50608,10241,3056,2,6658.86
50609,10242,3068,4,3066.38
50610,10242,3039,3,1521.84
50611,10243,3021,4,5368.53
50612,10243,3044,4,4804.81
50613,10244,3009,2,7350.17
50614,10244,3066,2,6193.16
50615,10244,3065,2,4583.45
50616,10244,3068,4,3066.38
50617,10245,3008,1,1982.10
50618,10245,3043,4,4586.50
50619,10245,3070,5,7205.13
50620,10245,3038,1,4757.40
50621,10246,3010,4,7776.78
50622,10246,3026,3,2782.42
50623,10246,3033,4,6200.52
50624,10246,3048,5,3325.11
50625,10247,3051,5,6245.66
50626,10247,3004,4,5297.49
50627,10247,3042,4,7907.91
50628,10248,3050,2,4067.08
50629,10248,3025,1,2144.12
50630,10248,3070,5,7205.13
50631,10249,3020,1,2084.50
50632,10249,3026,5,2782.42
50633,10249,3051,1,6245.66
50634,10249,3016,5,3398.57
50635,10250,3054,4,7863.71
50636,10250,3011,4,8238.17
50637,10251,3001,4,2786.82
50638,10251,3013,3,3936.12
50639,10252,3041,4,7025.18
50640,10252,3058,3,3320.24
50641,10252,3065,3,4583.45
50642,10253,3067,4,2135.05
50643,10253,3052,3,9740.53
50644,10253,3042,1,7907.91
50645,10253,3046,2,7701.62
50646,10254,3061,1,3340.34
50647,10254,3056,1,6658.86
50648,10254,3036,1,5720.11
50649,10255,3068,4,3066.38
50650,10255,3058,5,3320.24
50651,10255,3044,2,4804.81
50652,10255,3067,3,2135.05
50653,10256,3046,1,7701.62
50654,10257,3049,1,7944.07
50655,10257,3046,2,7701.62
50656,10257,3033,2,6200.52
50657,10257,3042,3,7907.91
50658,10258,3034,5,8191.68
50659,10258,3009,5,7350.17
50660,10258,3066,4,6193.16
50661,10259,3001,2,2786.82
50662,10259,3019,5,6423.62
50663,10259,3026,4,2782.42
50664,10260,3003,4,8310.63
50665,10260,3066,1,6193.16
50666,10260,3030,1,386.03
50667,10260,3041,4,7025.18
50668,10261,3032,4,4321.01
50669,10262,3006,3,9141.20
50670,10262,3039,2,1521.84
50671,10263,3066,1,6193.16
50672,10263,3053,2,3472.07
50673,10264,3043,1,4586.50
50674,10265,3004,1,5297.49
50675,10265,3036,2,5720.11
50676,10266,3002,5,8781.78
50677,10266,3056,4,6658.86
50678,10266,3009,5,7350.17
50679,10267,3063,2,8882.89
50680,10267,3018,5,321.55
50681,10267,3035,3,9738.45
50682,10267,3044,1,4804.81
50683,10268,3047,5,5127.70
50684,10268,3050,3,4067.08
50685,10269,3039,3,1521.84
50686,10270,3060,2,788.12
50687,10271,3049,5,7944.07
50688,10271,3063,1,8882.89
50689,10271,3039,5,1521.84
50690,10272,3064,1,7594.07
50691,10272,3029,3,5450.71
50692,10272,3033,5,6200.52
50693,10273,3018,4,321.55
50694,10274,3022,5,6743.13
50695,10275,3035,2,9738.45
50696,10275,3019,1,6423.62
50697,10275,3006,3,9141.20
50698,10276,3043,3,4586.50
50699,10276,3067,5,2135.05
50700,10277,3060,2,788.12
50701,10278,3020,1,2084.50
50702,10278,3006,5,9141.20
50703,10278,3030,4,386.03
50704,10279,3061,4,3340.34
50705,10279,3037,3,1061.90
50706,10279,3069,5,9192.17
50707,10279,3056,3,6658.86
50708,10280,3040,1,9136.33
50709,10281,3035,1,9738.45
50710,10281,3067,5,2135.05
50711,10281,3021,5,5368.53
50712,10281,3026,2,2782.42
50713,10282,3067,3,2135.05
50714,10282,3051,1,6245.66
50715,10282,3066,5,6193.16
50716,10283,3021,4,5368.53
50717,10283,3032,1,4321.01
50718,10283,3029,3,5450.71
50719,10283,3022,5,6743.13
50720,10284,3036,4,5720.11
50721,10284,3022,3,6743.13
50722,10284,3059,5,1843.12
50723,10284,3054,2,7863.71
50724,10285,3057,2,1230.80
50725,10286,3050,4,4067.08
50726,10287,3028,3,3181.64
50727,10287,3012,1,2130.35
50728,10288,3060,5,788.12
50729,10289,3038,4,4757.40
50730,10289,3019,3,6423.62
50731,10290,3040,4,9136.33
50732,10290,3054,2,7863.71
50733,10290,3003,2,8310.63
50734,10291,3059,2,1843.12
50735,10291,3019,4,6423.62
50736,10292,3058,5,3320.24
50737,10293,3020,2,2084.50
50738,10294,3061,1,3340.34
50739,10294,3008,4,1982.10
50740,10295,3035,1,9738.45
50741,10295,3070,5,7205.13
50742,10295,3058,3,3320.24
50743,10296,3058,4,3320.24
50744,10296,3042,4,7907.91
50745,10296,3034,4,8191.68
50746,10296,3010,3,7776.78
50747,10297,3026,5,2782.42
50748,10297,3068,5,3066.38
50749,10297,3010,5,7776.78
50750,10298,3058,2,3320.24
50751,10299,3066,4,6193.16
50752,10299,3009,5,7350.17
50753,10299,3046,1,7701.62
50754,10299,3042,5,7907.91
50755,10300,3048,2,3325.11
50756,10300,3066,4,6193.16
50757,10300,3050,5,4067.08
50758,10301,3065,5,4583.45
50759,10301,3034,5,8191.68
50760,10302,3053,2,3472.07
50761,10302,3027,1,5782.42
50762,10302,3068,4,3066.38
50763,10302,3003,4,8310.63
50764,10303,3020,2,2084.50
50765,10304,3014,3,139.69
50766,10304,3024,1,9586.15
50767,10304,3015,5,6900.82
50768,10304,3004,5,5297.49
50769,10305,3020,5,2084.50
50770,10306,3013,4,3936.12
50771,10306,3066,1,6193.16
50772,10306,3018,4,321.55
50773,10306,3004,4,5297.49
50774,10307,3016,1,3398.57
50775,10308,3017,5,1119.72
50776,10308,3029,5,5450.71
50777,10308,3062,2,995.28
50778,10308,3019,4,6423.62
50779,10309,3029,5,5450.71
50780,10309,3036,4,5720.11
50781,10310,3059,3,1843.12
50782,10310,3006,1,9141.20
50783,10310,3032,4,4321.01
50784,10311,3042,5,7907.91
50785,10311,3059,2,1843.12
50786,10311,3066,2,6193.16
50787,10311,3053,3,3472.07
50788,10312,3058,4,3320.24
50789,10312,3002,2,8781.78
50790,10312,3063,1,8882.89
50791,10313,3028,3,3181.64
50792,10313,3013,3,3936.12
50793,10314,3006,1,9141.20
50794,10314,3041,3,7025.18
50795,10314,3057,2,1230.80
50796,10315,3068,4,3066.38
50797,10316,3067,3,2135.05
50798,10316,3036,3,5720.11
50799,10317,3040,3,9136.33
50800,10318,3014,3,139.69
50801,10318,3010,1,7776.78
50802,10319,3062,2,995.28
50803,10319,3007,2,8009.35
50804,10319,3014,3,139.69
50805,10320,3026,4,2782.42
50806,10321,3015,5,6900.82
50807,10321,3042,1,7907.91
50808,10321,3051,1,6245.66
50809,10321,3069,5,9192.17
50810,10322,3058,2,3320.24
50811,10322,3069,3,9192.17
50812,10322,3007,3,8009.35
50813,10322,3019,3,6423.62
50814,10323,3066,4,6193.16
50815,10323,3038,5,4757.40
50816,10323,3034,3,8191.68
50817,10323,3053,1,3472.07
50818,10324,3055,1,5489.82
50819,10324,3039,1,1521.84
50820,10325,3028,2,3181.64
50821,10325,3018,4,321.55
50822,10325,3041,5,7025.18
50823,10325,3062,2,995.28
50824,10326,3046,5,7701.62
50825,10327,3047,4,5127.70
50826,10327,3058,2,3320.24
50827,10327,3021,1,5368.53
50828,10327,3019,5,6423.62
50829,10328,3027,3,5782.42
50830,10328,3005,5,3803.74
50831,10328,3018,3,321.55
50832,10328,3012,3,2130.35
50833,10329,3030,3,386.03
50834,10329,3023,1,1658.21
50835,10330,3048,5,3325.11
50836,10330,3009,2,7350.17
50837,10330,3045,5,4665.29
50838,10330,3033,4,6200.52
50839,10331,3004,3,5297.49
50840,10331,3060,4,788.12
50841,10331,3027,4,5782.42
50842,10331,3039,3,1521.84
50843,10332,3023,5,1658.21
50844,10332,3016,3,3398.57
50845,10332,3045,1,4665.29
50846,10332,3046,4,7701.62
50847,10333,3015,4,6900.82
50848,10333,3055,1,5489.82
50849,10333,3009,3,7350.17
50850,10334,3021,2,5368.53
50851,10335,3066,1,6193.16
50852,10336,3010,3,7776.78
50853,10336,3037,3,1061.90
50854,10336,3013,4,3936.12
50855,10336,3030,4,386.03
50856,10337,3033,5,6200.52
50857,10338,3063,3,8882.89
50858,10338,3058,1,3320.24
50859,10339,3017,4,1119.72
50860,10339,3069,3,9192.17
50861,10340,3026,2,2782.42
50862,10340,3004,4,5297.49
50863,10341,3004,1,5297.49
50864,10341,3050,5,4067.08
50865,10341,3024,2,9586.15
50866,10342,3049,5,7944.07
50867,10342,3058,4,3320.24
50868,10342,3059,4,1843.12
50869,10342,3016,4,3398.57
50870,10343,3010,4,7776.78
50871,10343,3001,2,2786.82
50872,10343,3018,3,321.55
50873,10343,3041,2,7025.18
50874,10344,3018,2,321.55
50875,10345,3029,5,5450.71
50876,10345,3035,5,9738.45
50877,10346,3010,2,7776.78
50878,10347,3055,3,5489.82
50879,10347,3029,5,5450.71
50880,10347,3054,1,7863.71
50881,10347,3063,1,8882.89
50882,10348,3058,3,3320.24
50883,10348,3010,3,7776.78
50884,10348,3042,4,7907.91
50885,10348,3020,1,2084.50
50886,10349,3038,2,4757.40
50887,10349,3004,2,5297.49
50888,10349,3022,3,6743.13
50889,10350,3059,3,1843.12
50890,10351,3047,4,5127.70
50891,10351,3056,1,6658.86
50892,10351,3040,1,9136.33
50893,10351,3018,5,321.55
50894,10352,3032,2,4321.01
50895,10352,3063,1,8882.89
50896,10352,3017,5,1119.72
50897,10352,3049,5,7944.07
50898,10353,3049,5,7944.07
50899,10353,3043,2,4586.50
50900,10353,3046,2,7701.62
50901,10354,3057,3,1230.80
50902,10354,3049,5,7944.07
50903,10354,3034,1,8191.68
50904,10354,3012,1,2130.35
50905,10355,3042,2,7907.91
50906,10355,3001,3,2786.82
50907,10356,3009,3,7350.17
50908,10356,3027,3,5782.42
50909,10356,3035,5,9738.45
50910,10357,3062,5,995.28
50911,10357,3019,2,6423.62
50912,10357,3024,5,9586.15
50913,10357,3069,1,9192.17
50914,10358,3061,1,3340.34
50915,10358,3031,3,1147.68
50916,10358,3030,3,386.03
50917,10359,3049,4,7944.07
50918,10359,3011,3,8238.17
50919,10359,3048,5,3325.11
50920,10360,3020,1,2084.50
50921,10360,3046,1,7701.62
50922,10361,3059,4,1843.12
50923,10361,3068,5,3066.38
50924,10361,3067,3,2135.05
50925,10362,3009,1,7350.17
50926,10362,3018,3,321.55
50927,10363,3042,3,7907.91
50928,10364,3057,4,1230.80
50929,10364,3064,4,7594.07
50930,10365,3066,2,6193.16
50931,10366,3068,3,3066.38
50932,10367,3008,1,1982.10
50933,10368,3032,5,4321.01
50934,10368,3011,1,8238.17
50935,10368,3040,3,9136.33
50936,10368,3027,1,5782.42
50937,10369,3033,2,6200.52
50938,10370,3062,1,995.28
50939,10370,3069,1,9192.17
50940,10370,3053,4,3472.07
50941,10370,3022,5,6743.13
50942,10371,3059,1,1843.12
50943,10372,3052,5,9740.53
50944,10373,3055,3,5489.82
50945,10373,3039,4,1521.84
50946,10373,3017,1,1119.72
50947,10374,3001,2,2786.82
50948,10374,3019,1,6423.62
50949,10374,3055,3,5489.82
50950,10374,3026,3,2782.42
50951,10375,3026,4,2782.42
50952,10375,3002,1,8781.78
50953,10376,3024,2,9586.15
50954,10377,3024,5,9586.15
50955,10378,3043,2,4586.50
50956,10378,3003,3,8310.63
50957,10378,3042,1,7907.91
50958,10378,3018,1,321.55
50959,10379,3020,4,2084.50
50960,10379,3004,4,5297.49
50961,10379,3052,1,9740.53
50962,10380,3041,1,7025.18
50963,10381,3041,1,7025.18
50964,10381,3019,4,6423.62
50965,10381,3003,4,8310.63
50966,10382,3027,2,5782.42
50967,10382,3067,2,2135.05
50968,10383,3018,1,321.55
50969,10383,3036,1,5720.11
50970,10384,3030,2,386.03
50971,10384,3017,1,1119.72
50972,10384,3024,3,9586.15
50973,10385,3018,1,321.55
50974,10385,3004,1,5297.49
50975,10385,3013,2,3936.12
50976,10385,3006,3,9141.20
50977,10386,3027,2,5782.42
50978,10386,3029,2,5450.71
50979,10386,3013,2,3936.12
50980,10387,3024,1,9586.15
50981,10387,3067,2,2135.05
50982,10387,3049,2,7944.07
50983,10388,3033,4,6200.52
50984,10388,3043,3,4586.50
50985,10389,3017,2,1119.72
50986,10389,3028,5,3181.64
50987,10389,3039,4,1521.84
50988,10390,3039,1,1521.84
50989,10390,3057,2,1230.80
50990,10390,3055,3,5489.82
50991,10391,3055,1,5489.82
50992,10391,3025,5,2144.12
50993,10391,3035,3,9738.45
50994,10391,3023,2,1658.21
50995,10392,3059,5,1843.12
50996,10392,3061,5,3340.34
50997,10392,3032,3,4321.01
50998,10392,3036,2,5720.11
50999,10393,3030,3,386.03
51000,10393,3046,2,7701.62
51001,10393,3052,4,9740.53
51002,10393,3012,4,2130.35
51003,10394,3043,4,4586.50
51004,10394,3009,4,7350.17
51005,10394,3035,2,9738.45
51006,10395,3032,5,4321.01
51007,10395,3066,4,6193.16
51008,10395,3008,4,1982.10
51009,10396,3014,3,139.69
51010,10396,3035,2,9738.45
51011,10396,3061,2,3340.34
51012,10397,3048,3,3325.11
51013,10397,3021,4,5368.53
51014,10397,3037,4,1061.90
51015,10397,3057,3,1230.80
51016,10398,3044,5,4804.81
51017,10398,3027,5,5782.42
51018,10399,3017,3,1119.72
51019,10399,3044,2,4804.81
51020,10399,3032,4,4321.01
51021,10399,3020,4,2084.50
51022,10400,3039,3,1521.84
51023,10400,3014,4,139.69
51024,10401,3021,4,5368.53
51025,10402,3026,2,2782.42
51026,10402,3029,3,5450.71
51027,10402,3042,4,7907.91
51028,10402,3035,5,9738.45
51029,10403,3065,5,4583.45
51030,10403,3055,1,5489.82
51031,10403,3032,4,4321.01
51032,10404,3051,5,6245.66
51033,10405,3038,5,4757.40
51034,10405,3061,2,3340.34
51035,10406,3054,1,7863.71
51036,10407,3029,1,5450.71
51037,10407,3065,4,4583.45
51038,10407,3011,5,8238.17
51039,10408,3060,1,788.12
51040,10408,3012,2,2130.35
51041,10409,3064,2,7594.07
51042,10410,3017,2,1119.72
51043,10410,3049,1,7944.07
51044,10410,3008,1,1982.10
51045,10410,3061,3,3340.34
51046,10411,3062,3,995.28
51047,10411,3003,5,8310.63
51048,10411,3018,2,321.55
51049,10411,3050,1,4067.08
51050,10412,3016,4,3398.57
51051,10412,3037,2,1061.90
51052,10413,3057,3,1230.80
51053,10413,3051,3,6245.66
51054,10413,3024,2,9586.15
51055,10414,3050,3,4067.08
51056,10414,3038,4,4757.40
51057,10415,3025,4,2144.12
51058,10415,3014,2,139.69
51059,10416,3002,5,8781.78
51060,10416,3028,3,3181.64
51061,10416,3051,5,6245.66
51062,10417,3015,2,6900.82
51063,10418,3050,5,4067.08
51064,10418,3038,4,4757.40
51065,10418,3059,4,1843.12
51066,10418,3012,1,2130.35
51067,10419,3029,1,5450.71
51068,10419,3028,1,3181.64
51069,10419,3043,4,4586.50
51070,10419,3015,1,6900.82
51071,10420,3045,1,4665.29
51072,10420,3004,4,5297.49
51073,10421,3035,1,9738.45
51074,10421,3005,2,3803.74
51075,10422,3030,3,386.03
51076,10422,3035,2,9738.45
51077,10423,3054,5,7863.71
51078,10423,3062,1,995.28
51079,10423,3027,3,5782.42
51080,10423,3036,1,5720.11
51081,10424,3012,4,2130.35
51082,10424,3008,4,1982.10
51083,10424,3010,5,7776.78
51084,10425,3005,3,3803.74
51085,10425,3010,5,7776.78
51086,10426,3014,4,139.69
51087,10427,3037,5,1061.90
51088,10428,3004,1,5297.49
51089,10429,3021,5,5368.53
51090,10429,3005,5,3803.74
51091,10429,3020,4,2084.50
51092,10430,3016,1,3398.57
51093,10430,3052,5,9740.53
51094,10430,3070,5,7205.13
51095,10430,3005,1,3803.74
51096,10431,3038,1,4757.40
51097,10431,3019,2,6423.62
51098,10432,3065,5,4583.45
51099,10432,3043,3,4586.50
51100,10432,3039,2,1521.84
51101,10433,3027,3,5782.42
51102,10434,3010,1,7776.78
51103,10434,3055,4,5489.82
51104,10435,3063,5,8882.89
51105,10436,3027,5,5782.42
51106,10437,3008,1,1982.10
51107,10437,3011,1,8238.17
51108,10437,3042,4,7907.91
51109,10437,3062,1,995.28
51110,10438,3018,5,321.55
51111,10438,3013,3,3936.12
51112,10439,3018,3,321.55
51113,10440,3001,3,2786.82
51114,10440,3021,1,5368.53
51115,10440,3067,1,2135.05
51116,10440,3012,2,2130.35
51117,10441,3039,1,1521.84
51118,10441,3041,5,7025.18
51119,10441,3018,2,321.55
51120,10441,3063,4,8882.89
51121,10442,3066,3,6193.16
51122,10442,3048,4,3325.11
51123,10442,3063,2,8882.89
51124,10442,3049,5,7944.07
51125,10443,3031,5,1147.68
51126,10444,3005,4,3803.74
51127,10445,3015,5,6900.82
51128,10445,3049,3,7944.07
51129,10445,3016,2,3398.57
51130,10446,3020,3,2084.50
51131,10446,3016,3,3398.57
51132,10447,3010,2,7776.78
51133,10448,3043,2,4586.50
51134,10449,3007,2,8009.35
51135,10449,3053,4,3472.07
51136,10449,3056,1,6658.86
51137,10450,3033,3,6200.52
51138,10450,3045,2,4665.29
51139,10450,3044,4,4804.81
51140,10450,3022,3,6743.13
51141,10451,3001,2,2786.82
51142,10452,3037,4,1061.90
51143,10452,3063,5,8882.89
51144,10452,3009,5,7350.17
51145,10453,3067,4,2135.05
51146,10453,3068,4,3066.38
51147,10453,3046,5,7701.62
51148,10454,3065,1,4583.45
51149,10454,3029,3,5450.71
51150,10454,3008,1,1982.10
51151,10455,3056,4,6658.86
51152,10455,3058,2,3320.24
51153,10455,3045,3,4665.29
51154,10456,3065,2,4583.45
51155,10456,3038,4,4757.40
51156,10456,3019,1,6423.62
51157,10457,3020,3,2084.50
51158,10457,3050,4,4067.08
51159,10457,3052,3,9740.53
51160,10457,3018,1,321.55
51161,10458,3049,1,7944.07
51162,10458,3002,1,8781.78
51163,10458,3061,1,3340.34
51164,10459,3036,1,5720.11
51165,10459,3015,4,6900.82
51166,10459,3029,5,5450.71
51167,10460,3024,4,9586.15
51168,10460,3034,1,8191.68
51169,10460,3006,1,9141.20
51170,10460,3066,1,6193.16
51171,10461,3053,1,3472.07
51172,10461,3070,4,7205.13
51173,10461,3008,2,1982.10
51174,10461,3035,5,9738.45
51175,10462,3001,4,2786.82
51176,10462,3061,2,3340.34
51177,10463,3065,1,4583.45
51178,10463,3015,3,6900.82
51179,10464,3018,2,321.55
51180,10464,3030,5,386.03
51181,10465,3024,5,9586.15
51182,10465,3023,2,1658.21
51183,10466,3002,4,8781.78
51184,10466,3069,3,9192.17
51185,10466,3036,2,5720.11
51186,10467,3046,1,7701.62
51187,10467,3039,1,1521.84
51188,10468,3012,4,2130.35
51189,10468,3005,5,3803.74
51190,10468,3035,1,9738.45
51191,10469,3048,1,3325.11
51192,10469,3014,2,139.69
51193,10470,3004,3,5297.49
51194,10470,3041,4,7025.18
51195,10470,3025,2,2144.12
51196,10471,3068,1,3066.38
51197,10471,3017,4,1119.72
51198,10472,3016,5,3398.57
51199,10472,3047,1,5127.70
51200,10472,3063,5,8882.89
51201,10473,3068,5,3066.38
51202,10473,3031,1,1147.68
51203,10473,3004,1,5297.49
51204,10473,3017,1,1119.72
51205,10474,3014,2,139.69
51206,10474,3037,3,1061.90
51207,10474,3043,1,4586.50
51208,10475,3017,3,1119.72
51209,10475,3066,3,6193.16
51210,10475,3013,4,3936.12
51211,10476,3059,2,1843.12
51212,10476,3037,1,1061.90
51213,10476,3017,5,1119.72
51214,10476,3005,5,3803.74
51215,10477,3003,2,8310.63
51216,10477,3050,3,4067.08
51217,10478,3004,2,5297.49
51218,10478,3030,1,386.03
51219,10478,3060,2,788.12
51220,10478,3015,5,6900.82
51221,10479,3033,3,6200.52
51222,10479,3031,3,1147.68
51223,10479,3052,5,9740.53
51224,10479,3002,3,8781.78
51225,10480,3064,1,7594.07
51226,10480,3048,5,3325.11
51227,10480,3040,3,9136.33
51228,10481,3001,5,2786.82
51229,10481,3054,4,7863.71
51230,10482,3039,3,1521.84
51231,10483,3067,4,2135.05
51232,10483,3070,1,7205.13
51233,10484,3009,4,7350.17
51234,10484,3007,4,8009.35
51235,10484,3050,2,4067.08
51236,10484,3043,2,4586.50
51237,10485,3035,1,9738.45
51238,10485,3048,4,3325.11
51239,10485,3057,3,1230.80
51240,10485,3006,2,9141.20
51241,10486,3054,3,7863.71
51242,10486,3012,5,2130.35
51243,10486,3029,5,5450.71
51244,10486,3009,1,7350.17
51245,10487,3046,1,7701.62
51246,10487,3029,5,5450.71
51247,10488,3025,5,2144.12
51248,10488,3062,5,995.28
51249,10488,3052,2,9740.53
51250,10489,3038,4,4757.40
51251,10489,3035,2,9738.45
51252,10489,3039,3,1521.84
51253,10489,3059,1,1843.12
51254,10490,3024,3,9586.15
51255,10490,3031,2,1147.68
51256,10490,3019,2,6423.62
51257,10491,3066,3,6193.16
51258,10491,3001,1,2786.82
51259,10491,3005,4,3803.74
51260,10492,3040,3,9136.33
51261,10492,3015,3,6900.82
51262,10493,3051,3,6245.66
51263,10493,3014,5,139.69
51264,10494,3041,5,7025.18
51265,10494,3059,1,1843.12
51266,10494,3037,4,1061.90
51267,10495,3064,1,7594.07
51268,10495,3049,2,7944.07
51269,10496,3022,1,6743.13
51270,10496,3048,2,3325.11
51271,10496,3058,2,3320.24
51272,10497,3019,5,6423.62
51273,10497,3044,3,4804.81
51274,10498,3024,3,9586.15
51275,10498,3029,5,5450.71
51276,10498,3011,2,8238.17
51277,10499,3029,2,5450.71
51278,10499,3006,5,9141.20
51279,10499,3036,4,5720.11
51280,10499,3003,4,8310.63
51281,10500,3012,2,2130.35
51282,10500,3057,1,1230.80
51283,10501,3038,1,4757.40
51284,10501,3021,3,5368.53
51285,10501,3018,1,321.55
51286,10501,3017,4,1119.72
51287,10502,3070,2,7205.13
51288,10502,3023,5,1658.21
51289,10502,3016,2,3398.57
51290,10502,3046,4,7701.62
51291,10503,3027,2,5782.42
51292,10503,3061,2,3340.34
51293,10503,3001,3,2786.82
51294,10503,3051,1,6245.66
51295,10504,3016,5,3398.57
51296,10504,3030,2,386.03
51297,10505,3039,5,1521.84
51298,10506,3001,1,2786.82
51299,10506,3024,4,9586.15
51300,10506,3020,1,2084.50
51301,10507,3014,5,139.69
51302,10508,3032,3,4321.01
51303,10508,3028,5,3181.64
51304,10509,3063,5,8882.89
51305,10509,3011,1,8238.17
51306,10510,3008,1,1982.10
51307,10511,3044,1,4804.81
51308,10511,3056,4,6658.86
51309,10512,3024,4,9586.15
51310,10512,3044,3,4804.81
51311,10513,3009,5,7350.17
51312,10513,3066,3,6193.16
51313,10513,3048,1,3325.11
51314,10513,3046,4,7701.62
51315,10514,3030,3,386.03
51316,10514,3001,3,2786.82
51317,10515,3018,1,321.55
51318,10515,3030,4,386.03
51319,10516,3060,3,788.12
51320,10516,3069,4,9192.17
51321,10516,3010,3,7776.78
51322,10516,3037,4,1061.90
51323,10517,3032,1,4321.01
51324,10517,3057,5,1230.80
51325,10517,3002,3,8781.78
51326,10518,3026,4,2782.42
51327,10518,3014,4,139.69
51328,10518,3011,4,8238.17
51329,10519,3055,2,5489.82
51330,10519,3044,4,4804.81
51331,10519,3008,4,1982.10
51332,10519,3045,1,4665.29
51333,10520,3004,5,5297.49
51334,10520,3021,1,5368.53
51335,10521,3062,1,995.28
51336,10521,3008,5,1982.10
51337,10521,3053,1,3472.07
51338,10522,3017,1,1119.72
51339,10522,3032,1,4321.01
51340,10523,3062,4,995.28
51341,10523,3057,4,1230.80
51342,10523,3004,2,5297.49
51343,10523,3050,3,4067.08
51344,10524,3018,2,321.55
51345,10524,3020,4,2084.50
51346,10525,3070,3,7205.13
51347,10526,3010,4,7776.78
51348,10526,3018,5,321.55
51349,10527,3066,2,6193.16
51350,10527,3048,4,3325.11
51351,10527,3054,1,7863.71
51352,10528,3037,2,1061.90
51353,10529,3025,1,2144.12
51354,10529,3003,2,8310.63
51355,10529,3006,4,9141.20
51356,10530,3032,2,4321.01
51357,10530,3069,1,9192.17
51358,10530,3020,2,2084.50
51359,10531,3034,3,8191.68
51360,10531,3056,5,6658.86
51361,10532,3049,5,7944.07
51362,10532,3027,3,5782.42
51363,10532,3017,1,1119.72
51364,10532,3062,4,995.28
51365,10533,3064,3,7594.07
51366,10533,3053,5,3472.07
51367,10534,3044,2,4804.81
51368,10535,3006,1,9141.20
51369,10535,3013,3,3936.12
51370,10536,3050,3,4067.08
51371,10537,3055,3,5489.82
51372,10537,3051,2,6245.66
51373,10538,3057,2,1230.80
51374,10538,3029,4,5450.71
51375,10538,3048,2,3325.11
51376,10538,3009,3,7350.17
51377,10539,3045,4,4665.29
51378,10539,3029,3,5450.71
51379,10539,3032,4,4321.01
51380,10540,3050,3,4067.08
51381,10540,3061,5,3340.34
51382,10540,3053,4,3472.07
51383,10541,3055,3,5489.82
51384,10541,3021,5,5368.53
51385,10541,3022,3,6743.13
51386,10542,3016,4,3398.57
51387,10542,3003,2,8310.63
51388,10542,3040,3,9136.33
51389,10543,3053,5,3472.07
51390,10544,3054,4,7863.71
51391,10544,3042,5,7907.91
51392,10545,3015,4,6900.82
51393,10545,3019,2,6423.62
51394,10545,3007,4,8009.35
51395,10546,3064,1,7594.07
51396,10546,3023,5,1658.21
51397,10546,3030,4,386.03
51398,10546,3041,5,7025.18
51399,10547,3033,2,6200.52
51400,10547,3035,1,9738.45
51401,10548,3015,4,6900.82
51402,10548,3039,3,1521.84
51403,10549,3024,2,9586.15
51404,10550,3038,4,4757.40
51405,10550,3064,5,7594.07
51406,10551,3037,3,1061.90
51407,10552,3060,5,788.12
51408,10552,3018,3,321.55
51409,10552,3048,1,3325.11
51410,10552,3015,4,6900.82
51411,10553,3027,2,5782.42
51412,10554,3012,4,2130.35
51413,10554,3038,5,4757.40
51414,10555,3032,4,4321.01
51415,10555,3025,2,2144.12
51416,10556,3035,3,9738.45
51417,10557,3051,4,6245.66
51418,10558,3057,4,1230.80
51419,10558,3002,2,8781.78
51420,10558,3051,2,6245.66
51421,10558,3026,5,2782.42
51422,10559,3026,2,2782.42
51423,10559,3001,2,2786.82
51424,10559,3015,1,6900.82
51425,10559,3009,1,7350.17
51426,10560,3065,4,4583.45
51427,10560,3035,3,9738.45
51428,10560,3017,5,1119.72
51429,10561,3027,4,5782.42
51430,10561,3028,4,3181.64
51431,10562,3003,5,8310.63
51432,10562,3066,4,6193.16
51433,10562,3022,4,6743.13
51434,10562,3070,1,7205.13
51435,10563,3049,3,7944.07
51436,10563,3002,3,8781.78
51437,10564,3056,5,6658.86
51438,10564,3018,3,321.55
51439,10564,3004,4,5297.49
51440,10565,3007,2,8009.35
51441,10565,3015,3,6900.82
51442,10565,3025,5,2144.12
51443,10566,3012,1,2130.35
51444,10566,3028,1,3181.64
51445,10566,3048,1,3325.11
51446,10567,3043,3,4586.50
51447,10568,3015,1,6900.82
51448,10568,3061,5,3340.34
51449,10568,3045,1,4665.29
51450,10568,3068,2,3066.38
51451,10569,3037,3,1061.90
51452,10570,3008,3,1982.10
51453,10571,3035,2,9738.45
51454,10572,3045,4,4665.29
51455,10573,3066,3,6193.16
51456,10573,3044,2,4804.81
51457,10573,3010,5,7776.78
51458,10573,3028,1,3181.64
51459,10574,3066,3,6193.16
51460,10574,3028,4,3181.64
51461,10574,3062,3,995.28
51462,10575,3065,1,4583.45
51463,10575,3007,5,8009.35
51464,10575,3026,1,2782.42
51465,10576,3052,5,9740.53
51466,10577,3049,1,7944.07
51467,10577,3037,4,1061.90
51468,10577,3058,4,3320.24
51469,10578,3005,4,3803.74
51470,10578,3012,1,2130.35
51471,10578,3020,4,2084.50
51472,10579,3062,4,995.28
51473,10579,3014,1,139.69
51474,10580,3047,5,5127.70
51475,10581,3055,5,5489.82
51476,10581,3067,5,2135.05
51477,10581,3015,4,6900.82
51478,10581,3011,4,8238.17
51479,10582,3046,4,7701.62
51480,10582,3067,1,2135.05
51481,10582,3026,4,2782.42
51482,10582,3021,1,5368.53
51483,10583,3004,2,5297.49
51484,10583,3043,3,4586.50
51485,10583,3069,2,9192.17
51486,10584,3046,5,7701.62
51487,10584,3070,3,7205.13
51488,10584,3009,4,7350.17
51489,10585,3057,3,1230.80
51490,10585,3020,2,2084.50
51491,10585,3070,3,7205.13
51492,10586,3032,2,4321.01
51493,10586,3066,3,6193.16
51494,10587,3050,2,4067.08
51495,10587,3052,1,9740.53
51496,10588,3062,3,995.28
51497,10588,3043,5,4586.50
51498,10588,3006,3,9141.20
51499,10588,3009,4,7350.17
51500,10589,3063,1,8882.89
51501,10589,3027,2,5782.42
51502,10589,3001,5,2786.82
51503,10589,3026,3,2782.42
51504,10590,3021,2,5368.53
51505,10590,3060,4,788.12
51506,10591,3056,1,6658.86
51507,10591,3029,3,5450.71
51508,10591,3033,1,6200.52
51509,10591,3041,2,7025.18
51510,10592,3017,3,1119.72
51511,10592,3067,4,2135.05
51512,10592,3048,1,3325.11
51513,10593,3001,4,2786.82
51514,10593,3070,2,7205.13
51515,10594,3069,5,9192.17
51516,10595,3017,5,1119.72
51517,10595,3002,2,8781.78
51518,10595,3059,4,1843.12
51519,10595,3029,4,5450.71
51520,10596,3059,3,1843.12
51521,10596,3015,2,6900.82
51522,10596,3016,3,3398.57
51523,10596,3065,2,4583.45
51524,10597,3065,5,4583.45
51525,10597,3050,1,4067.08
51526,10597,3026,1,2782.42
51527,10597,3001,4,2786.82
51528,10598,3019,1,6423.62
51529,10599,3019,3,6423.62
51530,10600,3025,3,2144.12
51531,10600,3038,4,4757.40
51532,10601,3007,4,8009.35
51533,10601,3045,4,4665.29
51534,10602,3013,1,3936.12
51535,10602,3055,4,5489.82
51536,10602,3016,3,3398.57
51537,10602,3061,5,3340.34
51538,10603,3045,3,4665.29
51539,10603,3052,1,9740.53
51540,10603,3059,5,1843.12
51541,10603,3053,5,3472.07
51542,10604,3068,3,3066.38
51543,10604,3031,1,1147.68
51544,10604,3025,1,2144.12
51545,10604,3037,5,1061.90
51546,10605,3020,2,2084.50
51547,10605,3021,4,5368.53
51548,10605,3037,3,1061.90
51549,10606,3059,2,1843.12
51550,10606,3026,2,2782.42
51551,10607,3010,3,7776.78
51552,10608,3002,1,8781.78
51553,10608,3059,3,1843.12
51554,10609,3062,1,995.28
51555,10609,3032,1,4321.01
51556,10609,3054,3,7863.71
51557,10610,3015,1,6900.82
51558,10610,3011,1,8238.17
51559,10610,3043,1,4586.50
51560,10610,3005,4,3803.74
51561,10611,3054,1,7863.71
51562,10611,3002,5,8781.78
51563,10612,3018,4,321.55
51564,10613,3027,3,5782.42
51565,10613,3034,5,8191.68
51566,10613,3060,4,788.12
51567,10614,3029,3,5450.71
51568,10614,3041,5,7025.18
51569,10615,3046,1,7701.62
51570,10615,3063,5,8882.89
51571,10616,3014,5,139.69
51572,10616,3037,4,1061.90
51573,10617,3012,5,2130.35
51574,10617,3033,4,6200.52
51575,10617,3050,4,4067.08
51576,10617,3032,3,4321.01
51577,10618,3020,2,2084.50
51578,10618,3003,1,8310.63
51579,10619,3018,2,321.55
51580,10619,3053,5,3472.07
51581,10619,3055,2,5489.82
51582,10619,3047,3,5127.70
51583,10620,3069,4,9192.17
51584,10620,3043,2,4586.50
51585,10620,3034,3,8191.68
51586,10620,3022,1,6743.13
51587,10621,3005,2,3803.74
51588,10622,3070,4,7205.13
51589,10623,3012,3,2130.35
51590,10624,3003,5,8310.63
51591,10624,3041,3,7025.18
51592,10624,3012,3,2130.35
51593,10624,3004,2,5297.49
51594,10625,3064,4,7594.07
51595,10625,3015,2,6900.82
51596,10626,3026,2,2782.42
51597,10627,3054,5,7863.71
51598,10627,3028,2,3181.64
51599,10627,3049,1,7944.07
51600,10628,3008,1,1982.10
51601,10629,3007,5,8009.35
51602,10630,3009,5,7350.17
51603,10630,3057,1,1230.80
51604,10631,3040,5,9136.33
51605,10632,3023,5,1658.21
51606,10633,3043,1,4586.50
51607,10633,3036,3,5720.11
51608,10634,3007,1,8009.35
51609,10634,3030,3,386.03
51610,10635,3057,4,1230.80
51611,10635,3054,1,7863.71
51612,10636,3054,2,7863.71
51613,10636,3051,5,6245.66
51614,10637,3066,1,6193.16
51615,10638,3018,5,321.55
51616,10638,3055,1,5489.82
51617,10639,3039,4,1521.84
51618,10639,3059,1,1843.12
51619,10639,3033,3,6200.52
51620,10640,3010,1,7776.78
51621,10640,3012,3,2130.35
51622,10641,3032,5,4321.01
51623,10641,3002,4,8781.78
51624,10642,3026,2,2782.42
51625,10642,3058,1,3320.24
51626,10642,3065,5,4583.45
51627,10642,3038,5,4757.40
51628,10643,3040,2,9136.33
51629,10644,3030,1,386.03
51630,10644,3061,1,3340.34
51631,10644,3053,4,3472.07
51632,10644,3046,4,7701.62
51633,10645,3062,4,995.28
51634,10645,3013,4,3936.12
51635,10645,3066,2,6193.16
51636,10645,3064,5,7594.07
51637,10646,3053,4,3472.07
51638,10646,3031,5,1147.68
51639,10647,3004,2,5297.49
51640,10647,3012,4,2130.35
51641,10647,3051,4,6245.66
51642,10648,3021,4,5368.53
51643,10648,3024,4,9586.15
51644,10649,3057,4,1230.80
51645,10649,3066,4,6193.16
51646,10649,3002,1,8781.78
51647,10649,3025,4,2144.12
51648,10650,3022,5,6743.13
51649,10650,3024,1,9586.15
51650,10650,3069,4,9192.17
51651,10651,3031,1,1147.68
51652,10651,3041,2,7025.18
51653,10651,3069,3,9192.17
51654,10652,3062,4,995.28
51655,10652,3060,3,788.12
51656,10652,3020,5,2084.50
51657,10653,3049,5,7944.07
51658,10653,3038,3,4757.40
51659,10653,3004,5,5297.49
51660,10653,3025,1,2144.12
51661,10654,3004,1,5297.49
51662,10654,3010,4,7776.78
51663,10654,3038,1,4757.40
51664,10655,3043,2,4586.50
51665,10655,3062,5,995.28
51666,10655,3025,3,2144.12
51667,10655,3009,4,7350.17
51668,10656,3012,1,2130.35
51669,10656,3069,1,9192.17
51670,10656,3057,3,1230.80
51671,10657,3006,5,9141.20
51672,10657,3008,2,1982.10
51673,10657,3047,3,5127.70
51674,10657,3001,3,2786.82
51675,10658,3067,5,2135.05
51676,10658,3058,4,3320.24
51677,10659,3060,1,788.12
51678,10659,3007,2,8009.35
51679,10659,3030,5,386.03
51680,10660,3003,1,8310.63
51681,10660,3016,2,3398.57
51682,10661,3002,4,8781.78
51683,10661,3009,1,7350.17
51684,10661,3065,4,4583.45
51685,10662,3022,5,6743.13
51686,10662,3003,3,8310.63
51687,10662,3052,2,9740.53
51688,10663,3021,2,5368.53
51689,10663,3030,4,386.03
51690,10664,3016,4,3398.57
51691,10664,3003,2,8310.63
51692,10665,3002,4,8781.78
51693,10666,3003,3,8310.63
51694,10666,3018,2,321.55
51695,10667,3055,3,5489.82
51696,10667,3018,2,321.55
51697,10667,3034,4,8191.68
51698,10667,3058,3,3320.24
51699,10668,3042,4,7907.91
51700,10669,3036,3,5720.11
51701,10670,3048,1,3325.11
51702,10670,3053,4,3472.07
51703,10670,3064,5,7594.07
51704,10670,3033,4,6200.52
51705,10671,3047,3,5127.70
51706,10671,3039,3,1521.84
51707,10672,3033,1,6200.52
51708,10672,3043,3,4586.50
51709,10673,3055,5,5489.82
51710,10673,3069,2,9192.17
51711,10673,3054,3,7863.71
51712,10673,3046,5,7701.62
51713,10674,3038,3,4757.40
51714,10674,3030,5,386.03
51715,10675,3021,4,5368.53
51716,10675,3054,4,7863.71
51717,10675,3064,3,7594.07
51718,10675,3028,5,3181.64
51719,10676,3031,4,1147.68
51720,10676,3020,4,2084.50
51721,10676,3004,3,5297.49
51722,10677,3001,2,2786.82
51723,10677,3066,4,6193.16
51724,10677,3038,5,4757.40
51725,10677,3032,5,4321.01
51726,10678,3033,2,6200.52
51727,10678,3039,4,1521.84
51728,10679,3069,1,9192.17
51729,10679,3005,3,3803.74
51730,10679,3046,3,7701.62
51731,10680,3047,1,5127.70
51732,10681,3069,4,9192.17
51733,10681,3035,4,9738.45
51734,10682,3002,4,8781.78
51735,10682,3007,2,8009.35
51736,10683,3023,4,1658.21
51737,10683,3026,4,2782.42
51738,10683,3006,2,9141.20
51739,10684,3019,1,6423.62
51740,10684,3041,2,7025.18
51741,10684,3035,5,9738.45
51742,10684,3045,1,4665.29
51743,10685,3054,2,7863.71
51744,10686,3045,1,4665.29
51745,10686,3015,2,6900.82
51746,10686,3046,1,7701.62
51747,10687,3044,5,4804.81
51748,10687,3003,1,8310.63
51749,10687,3024,3,9586.15
51750,10688,3044,1,4804.81
51751,10688,3030,2,386.03
51752,10689,3034,5,8191.68
51753,10689,3030,3,386.03
51754,10689,3029,2,5450.71
51755,10689,3063,1,8882.89
51756,10690,3015,2,6900.82
51757,10691,3046,3,7701.62
51758,10691,3004,2,5297.49
51759,10692,3046,2,7701.62
51760,10692,3024,5,9586.15
51761,10692,3059,4,1843.12
51762,10692,3034,4,8191.68
51763,10693,3045,1,4665.29
51764,10693,3015,5,6900.82
51765,10694,3064,2,7594.07
51766,10694,3029,5,5450.71
51767,10694,3068,3,3066.38
51768,10695,3038,3,4757.40
51769,10695,3044,4,4804.81
51770,10695,3011,1,8238.17
51771,10696,3030,3,386.03
51772,10697,3011,4,8238.17
51773,10698,3045,2,4665.29
51774,10698,3046,4,7701.62
51775,10698,3041,1,7025.18
51776,10699,3018,1,321.55
51777,10699,3061,4,3340.34
51778,10699,3024,4,9586.15
51779,10699,3070,2,7205.13
51780,10700,3057,4,1230.80
51781,10700,3033,1,6200.52
51782,10701,3012,4,2130.35
51783,10701,3041,3,7025.18
51784,10702,3022,2,6743.13
51785,10702,3055,4,5489.82
51786,10702,3033,1,6200.52
51787,10702,3013,5,3936.12
51788,10703,3068,4,3066.38
51789,10703,3016,4,3398.57
51790,10703,3066,2,6193.16
51791,10704,3008,4,1982.10
51792,10705,3011,2,8238.17
51793,10705,3056,1,6658.86
51794,10706,3044,4,4804.81
51795,10706,3010,4,7776.78
51796,10707,3040,3,9136.33
51797,10708,3043,5,4586.50
51798,10709,3017,4,1119.72
51799,10709,3054,2,7863.71
51800,10710,3023,2,1658.21
51801,10711,3030,3,386.03
51802,10711,3068,5,3066.38
51803,10711,3005,3,3803.74
51804,10712,3038,2,4757.40
51805,10713,3019,3,6423.62
51806,10714,3052,3,9740.53
51807,10714,3039,1,1521.84
51808,10715,3023,1,1658.21
51809,10715,3031,2,1147.68
51810,10716,3017,3,1119.72
51811,10716,3061,4,3340.34
51812,10716,3047,4,5127.70
51813,10717,3024,3,9586.15
51814,10717,3009,5,7350.17
51815,10717,3015,1,6900.82
51816,10717,3043,3,4586.50
51817,10718,3025,2,2144.12
51818,10718,3011,3,8238.17
51819,10718,3067,2,2135.05
51820,10719,3048,2,3325.11
51821,10719,3029,5,5450.71
51822,10719,3011,4,8238.17
51823,10719,3005,4,3803.74
51824,10720,3014,3,139.69
51825,10721,3053,2,3472.07
51826,10722,3060,5,788.12
51827,10723,3050,1,4067.08
51828,10723,3044,4,4804.81
51829,10724,3021,1,5368.53
51830,10724,3066,4,6193.16
51831,10725,3011,5,8238.17
51832,10725,3007,4,8009.35
51833,10726,3020,1,2084.50
51834,10726,3021,5,5368.53
51835,10727,3051,3,6245.66
51836,10727,3010,4,7776.78
51837,10728,3059,4,1843.12
51838,10728,3056,1,6658.86
51839,10729,3046,2,7701.62
51840,10730,3063,3,8882.89
51841,10730,3001,5,2786.82
51842,10730,3057,5,1230.80
51843,10730,3038,1,4757.40
51844,10731,3026,3,2782.42
51845,10731,3008,3,1982.10
51846,10731,3033,1,6200.52
51847,10732,3023,1,1658.21
51848,10733,3049,2,7944.07
51849,10733,3067,5,2135.05
51850,10734,3005,1,3803.74
51851,10734,3028,2,3181.64
51852,10734,3040,5,9136.33
51853,10734,3045,3,4665.29
51854,10735,3058,1,3320.24
51855,10735,3051,3,6245.66
51856,10735,3007,1,8009.35
51857,10735,3031,5,1147.68
51858,10736,3035,4,9738.45
51859,10736,3053,3,3472.07
51860,10737,3009,2,7350.17
51861,10737,3069,4,9192.17
51862,10737,3019,5,6423.62
51863,10738,3006,1,9141.20
51864,10739,3017,2,1119.72
51865,10739,3058,1,3320.24
51866,10740,3041,1,7025.18
51867,10741,3032,4,4321.01
51868,10741,3036,1,5720.11
51869,10742,3070,3,7205.13
51870,10743,3020,1,2084.50
51871,10743,3001,2,2786.82
51872,10744,3047,2,5127.70
51873,10744,3031,1,1147.68
51874,10745,3010,5,7776.78
51875,10745,3050,1,4067.08
51876,10746,3029,5,5450.71
51877,10746,3054,5,7863.71
51878,10746,3002,1,8781.78
51879,10746,3031,4,1147.68
51880,10747,3049,4,7944.07
51881,10747,3002,5,8781.78
51882,10748,3063,2,8882.89
51883,10748,3055,1,5489.82
51884,10748,3062,1,995.28
51885,10749,3046,2,7701.62
51886,10750,3033,1,6200.52
51887,10751,3061,1,3340.34
51888,10752,3015,5,6900.82
51889,10752,3056,3,6658.86
51890,10752,3031,1,1147.68
51891,10752,3035,5,9738.45
51892,10753,3014,4,139.69
51893,10753,3024,1,9586.15
51894,10753,3028,5,3181.64
51895,10754,3011,3,8238.17
51896,10754,3015,3,6900.82
51897,10754,3034,3,8191.68
51898,10755,3054,5,7863.71
51899,10755,3061,4,3340.34
51900,10755,3019,3,6423.62
51901,10756,3050,4,4067.08
51902,10756,3015,4,6900.82
51903,10756,3024,4,9586.15
51904,10757,3031,4,1147.68
51905,10758,3015,4,6900.82
51906,10758,3065,2,4583.45
51907,10758,3054,5,7863.71
51908,10758,3019,3,6423.62
51909,10759,3014,4,139.69
51910,10759,3018,5,321.55
51911,10759,3052,2,9740.53
51912,10759,3049,1,7944.07
51913,10760,3047,4,5127.70
51914,10760,3064,1,7594.07
51915,10760,3027,2,5782.42
51916,10761,3037,2,1061.90
51917,10761,3006,3,9141.20
51918,10761,3022,4,6743.13
51919,10761,3018,1,321.55
51920,10762,3039,2,1521.84
51921,10762,3051,4,6245.66
51922,10762,3049,4,7944.07
51923,10763,3028,3,3181.64
51924,10763,3001,1,2786.82
51925,10764,3059,4,1843.12
51926,10765,3039,2,1521.84
51927,10766,3048,2,3325.11
51928,10767,3066,5,6193.16
51929,10767,3030,4,386.03
51930,10767,3015,5,6900.82
51931,10768,3027,1,5782.42
51932,10768,3054,3,7863.71
51933,10768,3034,4,8191.68
51934,10768,3062,3,995.28
51935,10769,3069,1,9192.17
51936,10769,3050,2,4067.08
51937,10769,3066,4,6193.16
51938,10769,3062,5,995.28
51939,10770,3001,3,2786.82
51940,10770,3004,5,5297.49
51941,10771,3063,4,8882.89
51942,10771,3030,2,386.03
51943,10772,3045,5,4665.29
51944,10773,3019,2,6423.62
51945,10773,3015,4,6900.82
51946,10774,3050,3,4067.08
51947,10775,3036,1,5720.11
51948,10775,3009,3,7350.17
51949,10776,3049,2,7944.07
51950,10777,3011,5,8238.17
51951,10778,3022,3,6743.13
51952,10778,3017,4,1119.72
51953,10778,3066,1,6193.16
51954,10778,3021,5,5368.53
51955,10779,3003,5,8310.63
51956,10779,3012,1,2130.35
51957,10780,3052,4,9740.53
51958,10780,3007,5,8009.35
51959,10780,3062,5,995.28
51960,10780,3043,5,4586.50
51961,10781,3062,5,995.28
51962,10781,3037,5,1061.90
51963,10781,3058,1,3320.24
51964,10782,3021,4,5368.53
51965,10782,3018,1,321.55
51966,10782,3014,1,139.69
51967,10783,3070,4,7205.13
51968,10783,3053,3,3472.07
51969,10783,3043,5,4586.50
51970,10784,3069,1,9192.17
51971,10785,3056,1,6658.86
51972,10786,3028,1,3181.64
51973,10786,3041,4,7025.18
51974,10786,3053,2,3472.07
51975,10786,3032,1,4321.01
51976,10787,3060,3,788.12
51977,10787,3047,4,5127.70
51978,10788,3054,4,7863.71
51979,10788,3014,5,139.69
51980,10789,3053,5,3472.07
51981,10789,3028,5,3181.64
51982,10789,3063,1,8882.89
51983,10790,3028,5,3181.64
51984,10791,3051,5,6245.66
51985,10792,3007,2,8009.35
51986,10792,3015,1,6900.82
51987,10793,3010,2,7776.78
51988,10793,3055,2,5489.82
51989,10793,3064,1,7594.07
51990,10793,3045,4,4665.29
51991,10794,3025,1,2144.12
51992,10794,3054,2,7863.71
51993,10795,3061,5,3340.34
51994,10796,3035,3,9738.45
51995,10796,3005,5,3803.74
51996,10796,3006,1,9141.20
51997,10797,3061,5,3340.34
51998,10797,3021,3,5368.53
51999,10798,3048,5,3325.11
52000,10798,3067,2,2135.05
52001,10798,3043,3,4586.50
52002,10799,3031,3,1147.68
52003,10799,3016,2,3398.57
52004,10799,3020,5,2084.50
52005,10799,3062,2,995.28
52006,10800,3042,1,7907.91
52007,10800,3044,4,4804.81
52008,10801,3009,5,7350.17
52009,10801,3024,1,9586.15
52010,10801,3042,3,7907.91
52011,10802,3054,2,7863.71
52012,10802,3023,4,1658.21
52013,10802,3014,1,139.69
52014,10802,3024,1,9586.15
52015,10803,3030,2,386.03
52016,10803,3034,5,8191.68
52017,10803,3046,3,7701.62
52018,10803,3013,3,3936.12
52019,10804,3013,4,3936.12
52020,10804,3041,2,7025.18
52021,10805,3032,1,4321.01
52022,10806,3052,5,9740.53
52023,10806,3067,4,2135.05
52024,10806,3044,3,4804.81
52025,10806,3006,3,9141.20
52026,10807,3018,1,321.55
52027,10807,3036,4,5720.11
52028,10807,3005,4,3803.74
52029,10807,3023,2,1658.21
52030,10808,3012,5,2130.35
52031,10808,3054,1,7863.71
52032,10808,3052,1,9740.53
52033,10809,3028,2,3181.64
52034,10809,3061,4,3340.34
52035,10810,3004,4,5297.49
52036,10810,3062,2,995.28
52037,10810,3018,3,321.55
52038,10810,3016,1,3398.57
52039,10811,3040,2,9136.33
52040,10811,3017,2,1119.72
52041,10812,3013,1,3936.12
52042,10812,3068,4,3066.38
52043,10812,3030,2,386.03
52044,10813,3031,3,1147.68
52045,10813,3056,3,6658.86
52046,10814,3013,5,3936.12
52047,10815,3040,3,9136.33
52048,10816,3022,2,6743.13
52049,10816,3038,1,4757.40
52050,10816,3035,2,9738.45
52051,10817,3032,5,4321.01
52052,10817,3048,3,3325.11
52053,10817,3001,4,2786.82
52054,10818,3045,4,4665.29
52055,10818,3012,1,2130.35
52056,10818,3016,3,3398.57
52057,10818,3066,4,6193.16
52058,10819,3002,3,8781.78
52059,10819,3037,4,1061.90
52060,10819,3014,3,139.69
52061,10820,3070,2,7205.13
52062,10820,3009,4,7350.17
52063,10821,3041,3,7025.18
52064,10822,3039,1,1521.84
52065,10822,3042,5,7907.91
52066,10823,3066,2,6193.16
52067,10824,3010,4,7776.78
52068,10824,3004,3,5297.49
52069,10824,3026,5,2782.42
52070,10824,3041,3,7025.18
52071,10825,3023,2,1658.21
52072,10825,3005,2,3803.74
52073,10826,3049,2,7944.07
52074,10826,3056,5,6658.86
52075,10826,3055,3,5489.82
52076,10826,3023,2,1658.21
52077,10827,3069,1,9192.17
52078,10827,3050,5,4067.08
52079,10828,3012,2,2130.35
52080,10828,3009,5,7350.17
52081,10828,3070,1,7205.13
52082,10829,3040,3,9136.33
52083,10829,3017,2,1119.72
52084,10830,3001,2,2786.82
52085,10830,3049,5,7944.07
52086,10830,3055,2,5489.82
52087,10831,3053,3,3472.07
52088,10831,3025,5,2144.12
52089,10831,3026,5,2782.42
52090,10832,3031,2,1147.68
52091,10832,3033,4,6200.52
52092,10833,3014,4,139.69
52093,10833,3068,5,3066.38
52094,10833,3049,3,7944.07
52095,10834,3065,4,4583.45
52096,10835,3037,5,1061.90
52097,10835,3023,2,1658.21
52098,10835,3032,4,4321.01
52099,10836,3043,1,4586.50
52100,10836,3044,4,4804.81
52101,10837,3027,5,5782.42
52102,10837,3044,3,4804.81
52103,10837,3003,2,8310.63
52104,10838,3035,2,9738.45
52105,10838,3062,5,995.28
52106,10838,3002,4,8781.78
52107,10839,3037,4,1061.90
52108,10839,3042,4,7907.91
52109,10839,3027,3,5782.42
52110,10839,3013,1,3936.12
52111,10840,3059,2,1843.12
52112,10840,3016,1,3398.57
52113,10840,3067,1,2135.05
52114,10841,3036,4,5720.11
52115,10841,3018,2,321.55
52116,10841,3066,3,6193.16
52117,10842,3052,4,9740.53
52118,10842,3049,4,7944.07
52119,10842,3067,4,2135.05
52120,10843,3059,1,1843.12
52121,10843,3003,4,8310.63
52122,10843,3053,1,3472.07
52123,10844,3007,1,8009.35
52124,10844,3011,1,8238.17
52125,10844,3034,1,8191.68
52126,10844,3057,2,1230.80
52127,10845,3058,4,3320.24
52128,10845,3014,4,139.69
52129,10845,3044,3,4804.81
52130,10846,3056,1,6658.86
52131,10846,3042,5,7907.91
52132,10846,3001,5,2786.82
52133,10846,3044,4,4804.81
52134,10847,3013,4,3936.12
52135,10848,3038,3,4757.40
52136,10848,3034,2,8191.68
52137,10848,3024,3,9586.15
52138,10848,3027,5,5782.42
52139,10849,3067,3,2135.05
52140,10849,3042,1,7907.91
52141,10849,3003,3,8310.63
52142,10849,3036,4,5720.11
52143,10850,3030,1,386.03
52144,10850,3063,2,8882.89
52145,10850,3044,3,4804.81
52146,10850,3040,2,9136.33
52147,10851,3010,3,7776.78
52148,10851,3061,4,3340.34
52149,10851,3069,1,9192.17
52150,10851,3022,3,6743.13
52151,10852,3017,3,1119.72
52152,10853,3031,5,1147.68
52153,10854,3063,4,8882.89
52154,10854,3055,3,5489.82
52155,10854,3023,5,1658.21
52156,10855,3053,2,3472.07
52157,10856,3032,4,4321.01
52158,10856,3053,2,3472.07
52159,10856,3007,3,8009.35
52160,10857,3029,1,5450.71
52161,10857,3003,1,8310.63
52162,10857,3011,2,8238.17
52163,10858,3049,1,7944.07
52164,10858,3043,3,4586.50
52165,10858,3011,5,8238.17
52166,10858,3027,3,5782.42
52167,10859,3063,3,8882.89
52168,10859,3059,5,1843.12
52169,10860,3061,3,3340.34
52170,10860,3007,4,8009.35
52171,10860,3028,2,3181.64
52172,10860,3050,1,4067.08
52173,10861,3055,3,5489.82
52174,10861,3028,3,3181.64
52175,10862,3028,5,3181.64
52176,10862,3034,5,8191.68
52177,10862,3052,4,9740.53
52178,10863,3030,5,386.03
52179,10863,3014,1,139.69
52180,10864,3026,3,2782.42
52181,10864,3029,4,5450.71
52182,10865,3012,2,2130.35
52183,10865,3062,1,995.28
52184,10865,3007,4,8009.35
52185,10865,3058,3,3320.24
52186,10866,3046,2,7701.62
52187,10866,3060,4,788.12
52188,10866,3055,2,5489.82
52189,10867,3032,3,4321.01
52190,10867,3051,1,6245.66
52191,10867,3057,5,1230.80
52192,10867,3069,5,9192.17
52193,10868,3064,3,7594.07
52194,10868,3034,2,8191.68
52195,10868,3048,3,3325.11
52196,10868,3035,5,9738.45
52197,10869,3018,4,321.55
52198,10869,3046,4,7701.62
52199,10869,3025,3,2144.12
52200,10870,3031,4,1147.68
52201,10871,3060,1,788.12
52202,10871,3054,3,7863.71
52203,10871,3061,2,3340.34
52204,10871,3037,1,1061.90
52205,10872,3054,3,7863.71
52206,10872,3060,5,788.12
52207,10872,3046,4,7701.62
52208,10872,3011,3,8238.17
52209,10873,3039,1,1521.84
52210,10873,3012,3,2130.35
52211,10874,3027,5,5782.42
52212,10874,3008,3,1982.10
52213,10874,3005,1,3803.74
52214,10874,3006,4,9141.20
52215,10875,3051,2,6245.66
52216,10875,3046,2,7701.62
52217,10875,3065,3,4583.45
52218,10876,3044,3,4804.81
52219,10876,3032,4,4321.01
52220,10876,3068,3,3066.38
52221,10877,3044,2,4804.81
52222,10877,3024,2,9586.15
52223,10878,3056,4,6658.86
52224,10878,3005,1,3803.74
52225,10878,3002,5,8781.78
52226,10878,3034,1,8191.68
52227,10879,3008,2,1982.10
52228,10880,3047,1,5127.70
52229,10880,3054,5,7863.71
52230,10880,3010,5,7776.78
52231,10881,3041,3,7025.18
52232,10881,3011,5,8238.17
52233,10881,3012,2,2130.35
52234,10881,3014,4,139.69
52235,10882,3052,3,9740.53
52236,10882,3055,3,5489.82
52237,10882,3010,4,7776.78
52238,10883,3055,5,5489.82
52239,10883,3012,4,2130.35
52240,10883,3066,1,6193.16
52241,10883,3053,3,3472.07
52242,10884,3053,5,3472.07
52243,10884,3052,1,9740.53
52244,10884,3050,3,4067.08
52245,10884,3019,2,6423.62
52246,10885,3052,1,9740.53
52247,10885,3044,5,4804.81
52248,10885,3048,5,3325.11
52249,10886,3036,2,5720.11
52250,10887,3030,2,386.03
52251,10887,3001,5,2786.82
52252,10888,3064,3,7594.07
52253,10888,3055,1,5489.82
52254,10889,3036,5,5720.11
52255,10889,3062,5,995.28
52256,10889,3031,4,1147.68
52257,10890,3020,3,2084.50
52258,10890,3009,1,7350.17
52259,10891,3009,5,7350.17
52260,10891,3028,4,3181.64
52261,10891,3012,4,2130.35
52262,10892,3040,4,9136.33
52263,10893,3058,5,3320.24
52264,10893,3032,5,4321.01
52265,10893,3028,1,3181.64
52266,10894,3059,2,1843.12
52267,10894,3065,3,4583.45
52268,10894,3044,4,4804.81
52269,10895,3039,2,1521.84
52270,10895,3017,3,1119.72
52271,10895,3001,5,2786.82
52272,10896,3037,2,1061.90
52273,10896,3014,2,139.69
52274,10896,3003,5,8310.63
52275,10897,3029,4,5450.71
52276,10897,3046,4,7701.62
52277,10897,3011,3,8238.17
52278,10897,3069,4,9192.17
52279,10898,3039,2,1521.84
52280,10898,3013,3,3936.12
52281,10898,3027,1,5782.42
52282,10898,3012,5,2130.35
52283,10899,3002,3,8781.78
52284,10899,3019,5,6423.62
52285,10900,3026,3,2782.42
52286,10900,3035,5,9738.45
52287,10900,3054,1,7863.71
52288,10901,3027,3,5782.42
52289,10901,3068,2,3066.38
52290,10901,3069,1,9192.17
52291,10902,3042,3,7907.91
52292,10902,3044,1,4804.81
52293,10902,3008,2,1982.10
52294,10902,3067,5,2135.05
52295,10903,3043,4,4586.50
52296,10903,3047,4,5127.70
52297,10903,3067,3,2135.05
52298,10903,3015,5,6900.82
52299,10904,3028,2,3181.64
52300,10904,3069,1,9192.17
52301,10905,3040,5,9136.33
52302,10905,3069,1,9192.17
52303,10906,3008,2,1982.10
52304,10907,3034,4,8191.68
52305,10908,3034,5,8191.68
52306,10908,3017,2,1119.72
52307,10909,3021,5,5368.53
52308,10909,3014,4,139.69
52309,10909,3048,2,3325.11
52310,10910,3014,2,139.69
52311,10911,3066,3,6193.16
52312,10912,3061,3,3340.34
52313,10912,3025,1,2144.12
52314,10913,3038,4,4757.40
52315,10914,3026,2,2782.42
52316,10915,3043,3,4586.50
52317,10916,3026,3,2782.42
52318,10916,3007,2,8009.35
52319,10916,3009,1,7350.17
52320,10917,3008,3,1982.10
52321,10917,3040,1,9136.33
52322,10918,3057,1,1230.80
52323,10918,3069,5,9192.17
52324,10918,3012,4,2130.35
52325,10918,3013,3,3936.12
52326,10919,3041,4,7025.18
52327,10919,3059,2,1843.12
52328,10919,3053,3,3472.07
52329,10920,3039,5,1521.84
52330,10920,3016,5,3398.57
52331,10920,3024,1,9586.15
52332,10921,3053,3,3472.07
52333,10921,3035,2,9738.45
52334,10922,3054,3,7863.71
52335,10923,3014,1,139.69
52336,10924,3014,1,139.69
52337,10924,3049,5,7944.07
52338,10924,3012,2,2130.35
52339,10924,3003,2,8310.63
52340,10925,3018,5,321.55
52341,10925,3016,2,3398.57
52342,10925,3052,4,9740.53
52343,10926,3020,4,2084.50
52344,10926,3011,3,8238.17
52345,10927,3022,5,6743.13
52346,10927,3049,2,7944.07
52347,10927,3019,3,6423.62
52348,10927,3004,4,5297.49
52349,10928,3001,1,2786.82
52350,10929,3030,4,386.03
52351,10929,3018,2,321.55
52352,10929,3046,2,7701.62
52353,10930,3007,1,8009.35
52354,10930,3026,1,2782.42
52355,10930,3021,4,5368.53
52356,10930,3019,3,6423.62
52357,10931,3064,2,7594.07
52358,10931,3017,5,1119.72
52359,10931,3033,4,6200.52
52360,10932,3019,5,6423.62
52361,10933,3012,2,2130.35
52362,10933,3038,1,4757.40
52363,10933,3043,3,4586.50
52364,10934,3019,5,6423.62
52365,10935,3003,5,8310.63
52366,10935,3049,1,7944.07
52367,10935,3006,2,9141.20
52368,10935,3037,2,1061.90
52369,10936,3002,3,8781.78
52370,10936,3054,4,7863.71
52371,10936,3046,3,7701.62
52372,10937,3052,3,9740.53
52373,10937,3044,1,4804.81
52374,10937,3006,5,9141.20
52375,10937,3003,5,8310.63
52376,10938,3056,2,6658.86
52377,10938,3051,1,6245.66
52378,10938,3034,1,8191.68
52379,10939,3043,2,4586.50
52380,10939,3046,5,7701.62
52381,10939,3056,5,6658.86
52382,10939,3018,4,321.55
52383,10940,3049,1,7944.07
52384,10940,3045,2,4665.29
52385,10940,3055,4,5489.82
52386,10940,3031,1,1147.68
52387,10941,3017,1,1119.72
52388,10941,3018,2,321.55
52389,10941,3003,5,8310.63
52390,10941,3012,4,2130.35
52391,10942,3036,4,5720.11
52392,10943,3058,2,3320.24
52393,10943,3011,5,8238.17
52394,10943,3002,1,8781.78
52395,10944,3043,3,4586.50
52396,10944,3016,5,3398.57
52397,10945,3032,3,4321.01
52398,10945,3022,1,6743.13
52399,10945,3038,5,4757.40
52400,10946,3034,4,8191.68
52401,10947,3047,2,5127.70
52402,10948,3057,5,1230.80
52403,10948,3017,3,1119.72
52404,10948,3031,1,1147.68
52405,10949,3061,2,3340.34
52406,10949,3028,2,3181.64
52407,10949,3008,4,1982.10
52408,10949,3043,4,4586.50
52409,10950,3033,5,6200.52
52410,10951,3068,2,3066.38
52411,10951,3053,5,3472.07
52412,10951,3043,2,4586.50
52413,10951,3049,3,7944.07
52414,10952,3021,2,5368.53
52415,10952,3068,5,3066.38
52416,10953,3015,5,6900.82
52417,10954,3020,3,2084.50
52418,10954,3032,2,4321.01
52419,10955,3056,5,6658.86
52420,10956,3055,4,5489.82
52421,10956,3069,4,9192.17
52422,10956,3039,4,1521.84
52423,10957,3065,3,4583.45
52424,10957,3003,5,8310.63
52425,10957,3052,2,9740.53
52426,10957,3036,4,5720.11
52427,10958,3036,3,5720.11
52428,10958,3042,2,7907.91
52429,10958,3061,1,3340.34
52430,10959,3046,1,7701.62
52431,10959,3026,4,2782.42
52432,10960,3045,5,4665.29
52433,10960,3043,5,4586.50
52434,10960,3021,4,5368.53
52435,10961,3069,1,9192.17
52436,10961,3059,1,1843.12
52437,10961,3036,3,5720.11
52438,10962,3021,1,5368.53
52439,10962,3055,1,5489.82
52440,10962,3057,5,1230.80
52441,10962,3042,5,7907.91
52442,10963,3055,3,5489.82
52443,10963,3033,5,6200.52
52444,10963,3043,4,4586.50
52445,10963,3029,3,5450.71
52446,10964,3010,3,7776.78
52447,10964,3046,1,7701.62
52448,10964,3056,5,6658.86
52449,10965,3057,1,1230.80
52450,10965,3068,1,3066.38
52451,10965,3055,5,5489.82
52452,10965,3031,2,1147.68
52453,10966,3065,1,4583.45
52454,10966,3024,4,9586.15
52455,10966,3008,2,1982.10
52456,10967,3011,3,8238.17
52457,10968,3020,2,2084.50
52458,10968,3023,5,1658.21
52459,10968,3036,3,5720.11
52460,10968,3019,5,6423.62
52461,10969,3040,4,9136.33
52462,10969,3022,4,6743.13
52463,10970,3007,1,8009.35
52464,10970,3067,1,2135.05
52465,10970,3033,5,6200.52
52466,10970,3056,1,6658.86
52467,10971,3002,3,8781.78
52468,10971,3027,5,5782.42
52469,10971,3026,1,2782.42
52470,10972,3043,2,4586.50
52471,10973,3031,4,1147.68
52472,10973,3048,4,3325.11
52473,10973,3068,1,3066.38
52474,10973,3052,3,9740.53
52475,10974,3034,1,8191.68
52476,10974,3035,3,9738.45
52477,10974,3054,2,7863.71
52478,10975,3051,5,6245.66
52479,10975,3006,4,9141.20
52480,10976,3035,2,9738.45
52481,10976,3052,1,9740.53
52482,10976,3018,3,321.55
52483,10976,3064,2,7594.07
52484,10977,3039,5,1521.84
52485,10977,3009,3,7350.17
52486,10977,3014,4,139.69
52487,10977,3020,4,2084.50
52488,10978,3065,1,4583.45
52489,10978,3047,2,5127.70
52490,10979,3046,3,7701.62
52491,10980,3032,4,4321.01
52492,10980,3003,4,8310.63
52493,10981,3041,2,7025.18
52494,10981,3018,4,321.55
52495,10981,3012,2,2130.35
52496,10982,3034,4,8191.68
52497,10982,3028,5,3181.64
52498,10982,3048,3,3325.11
52499,10982,3051,3,6245.66
52500,10983,3001,3,2786.82
52501,10983,3058,1,3320.24
52502,10983,3003,5,8310.63
52503,10983,3062,5,995.28
52504,10984,3065,1,4583.45
52505,10985,3062,5,995.28
52506,10985,3048,3,3325.11
52507,10985,3009,3,7350.17
52508,10985,3020,1,2084.50
52509,10986,3022,1,6743.13
52510,10986,3044,4,4804.81
52511,10986,3027,3,5782.42
52512,10987,3067,5,2135.05
52513,10987,3032,3,4321.01
52514,10988,3035,4,9738.45
52515,10988,3057,3,1230.80
52516,10988,3056,5,6658.86
52517,10988,3045,1,4665.29
52518,10989,3003,5,8310.63
52519,10989,3047,3,5127.70
52520,10989,3042,2,7907.91
52521,10989,3039,3,1521.84
52522,10990,3056,4,6658.86
52523,10990,3069,4,9192.17
52524,10991,3044,4,4804.81
52525,10992,3019,5,6423.62
52526,10992,3001,3,2786.82
52527,10993,3063,4,8882.89
52528,10994,3039,3,1521.84
52529,10994,3015,2,6900.82
52530,10995,3060,1,788.12
52531,10995,3016,1,3398.57
52532,10995,3007,1,8009.35
52533,10996,3033,2,6200.52
52534,10996,3060,3,788.12
52535,10996,3059,5,1843.12
52536,10997,3031,5,1147.68
52537,10997,3010,4,7776.78
52538,10997,3034,2,8191.68
52539,10998,3046,4,7701.62
52540,10998,3047,5,5127.70
52541,10999,3052,2,9740.53
52542,10999,3033,3,6200.52
52543,10999,3014,3,139.69
52544,11000,3040,3,9136.33
52545,11000,3013,3,3936.12
52546,11000,3051,4,6245.66
52547,11000,3069,2,9192.17
52548,11001,3020,5,2084.50
52549,11001,3031,3,1147.68
52550,11001,3019,3,6423.62
52551,11002,3003,5,8310.63
52552,11002,3045,3,4665.29
52553,11002,3063,4,8882.89
52554,11003,3065,4,4583.45
52555,11003,3013,1,3936.12
52556,11003,3053,2,3472.07
52557,11004,3016,2,3398.57
52558,11004,3025,2,2144.12
52559,11004,3053,2,3472.07
52560,11005,3057,1,1230.80
52561,11005,3001,4,2786.82
52562,11005,3039,1,1521.84
52563,11006,3052,3,9740.53
52564,11006,3057,4,1230.80
52565,11006,3013,5,3936.12
52566,11007,3032,3,4321.01
52567,11007,3038,5,4757.40
52568,11007,3016,3,3398.57
52569,11007,3045,1,4665.29
52570,11008,3064,3,7594.07
52571,11008,3037,4,1061.90
52572,11009,3016,4,3398.57
52573,11010,3025,5,2144.12
52574,11011,3013,3,3936.12
52575,11011,3003,5,8310.63
52576,11011,3010,1,7776.78
52577,11011,3059,1,1843.12
52578,11012,3057,1,1230.80
52579,11013,3059,5,1843.12
52580,11013,3035,4,9738.45
52581,11013,3005,5,3803.74
52582,11013,3063,2,8882.89
52583,11014,3041,2,7025.18
52584,11014,3013,1,3936.12
52585,11014,3051,3,6245.66
52586,11015,3055,4,5489.82
52587,11015,3057,2,1230.80
52588,11016,3026,2,2782.42
52589,11016,3055,3,5489.82
52590,11016,3063,3,8882.89
52591,11017,3006,2,9141.20
52592,11017,3063,2,8882.89
52593,11017,3008,5,1982.10
52594,11017,3059,5,1843.12
52595,11018,3035,2,9738.45
52596,11018,3011,2,8238.17
52597,11019,3014,1,139.69
52598,11019,3025,3,2144.12
52599,11019,3001,2,2786.82
52600,11020,3060,3,788.12
52601,11021,3064,5,7594.07
52602,11021,3040,2,9136.33
52603,11022,3052,5,9740.53
52604,11022,3029,4,5450.71
52605,11022,3041,4,7025.18
52606,11022,3062,1,995.28
52607,11023,3067,1,2135.05
52608,11023,3003,1,8310.63
52609,11023,3026,4,2782.42
52610,11024,3047,3,5127.70
52611,11024,3056,5,6658.86
52612,11025,3050,5,4067.08
52613,11025,3004,2,5297.49
52614,11026,3024,4,9586.15
52615,11026,3054,5,7863.71
52616,11026,3031,3,1147.68
52617,11027,3019,5,6423.62
52618,11028,3055,2,5489.82
52619,11028,3014,2,139.69
52620,11028,3012,2,2130.35
52621,11028,3017,1,1119.72
52622,11029,3022,4,6743.13
52623,11029,3042,1,7907.91
52624,11029,3021,1,5368.53
52625,11030,3070,4,7205.13
52626,11030,3019,3,6423.62
52627,11030,3043,4,4586.50
52628,11030,3040,3,9136.33
52629,11031,3049,2,7944.07
52630,11031,3048,3,3325.11
52631,11031,3028,3,3181.64
52632,11032,3037,5,1061.90
52633,11032,3010,1,7776.78
52634,11032,3015,5,6900.82
52635,11033,3011,4,8238.17
52636,11033,3028,2,3181.64
52637,11033,3049,5,7944.07
52638,11034,3044,2,4804.81
52639,11035,3027,5,5782.42
52640,11036,3028,4,3181.64
52641,11037,3066,3,6193.16
52642,11037,3039,4,1521.84
52643,11037,3013,1,3936.12
52644,11037,3069,3,9192.17
52645,11038,3018,3,321.55
52646,11038,3022,5,6743.13
52647,11038,3004,2,5297.49
52648,11038,3010,2,7776.78
52649,11039,3042,1,7907.91
52650,11039,3035,1,9738.45
52651,11040,3024,4,9586.15
52652,11041,3070,4,7205.13
52653,11041,3027,1,5782.42
52654,11042,3001,4,2786.82
52655,11042,3066,4,6193.16
52656,11043,3060,5,788.12
52657,11043,3062,1,995.28
52658,11043,3006,4,9141.20
52659,11044,3056,4,6658.86
52660,11044,3014,4,139.69
52661,11044,3070,2,7205.13
52662,11044,3031,5,1147.68
52663,11045,3001,4,2786.82
52664,11045,3062,1,995.28
52665,11045,3054,4,7863.71
52666,11046,3013,2,3936.12
52667,11046,3064,1,7594.07
52668,11047,3070,4,7205.13
52669,11047,3068,5,3066.38
52670,11047,3067,1,2135.05
52671,11048,3014,5,139.69
52672,11048,3065,2,4583.45
52673,11048,3050,1,4067.08
52674,11049,3021,3,5368.53
52675,11049,3050,3,4067.08
52676,11050,3033,1,6200.52
52677,11050,3055,5,5489.82
52678,11050,3060,5,788.12
52679,11050,3039,1,1521.84
52680,11051,3005,4,3803.74
52681,11051,3042,3,7907.91
52682,11051,3030,5,386.03
52683,11051,3003,1,8310.63
52684,11052,3002,3,8781.78
52685,11052,3030,1,386.03
52686,11052,3039,5,1521.84
52687,11052,3017,4,1119.72
52688,11053,3016,5,3398.57
52689,11054,3048,5,3325.11
52690,11055,3025,4,2144.12
52691,11056,3051,1,6245.66
52692,11056,3060,4,788.12
52693,11057,3023,2,1658.21
52694,11057,3016,1,3398.57
52695,11057,3043,5,4586.50
52696,11058,3051,3,6245.66
52697,11058,3018,2,321.55
52698,11059,3001,4,2786.82
52699,11059,3018,5,321.55
52700,11059,3023,1,1658.21
52701,11059,3015,5,6900.82
52702,11060,3047,2,5127.70
52703,11060,3036,5,5720.11
52704,11060,3066,2,6193.16
52705,11060,3002,2,8781.78
52706,11061,3070,3,7205.13
52707,11061,3030,2,386.03
52708,11061,3065,5,4583.45
52709,11062,3001,4,2786.82
52710,11063,3058,1,3320.24
52711,11063,3031,4,1147.68
52712,11063,3042,3,7907.91
52713,11064,3033,3,6200.52
52714,11064,3049,1,7944.07
52715,11064,3028,1,3181.64
52716,11065,3011,1,8238.17
52717,11065,3039,1,1521.84
52718,11066,3070,2,7205.13
52719,11066,3032,1,4321.01
52720,11067,3048,5,3325.11
52721,11067,3066,5,6193.16
52722,11067,3062,1,995.28
52723,11068,3044,1,4804.81
52724,11068,3059,4,1843.12
52725,11069,3011,1,8238.17
52726,11069,3063,3,8882.89
52727,11069,3004,4,5297.49
52728,11069,3025,5,2144.12
52729,11070,3008,3,1982.10
52730,11070,3039,4,1521.84
52731,11070,3010,1,7776.78
52732,11070,3017,3,1119.72
52733,11071,3051,3,6245.66
52734,11072,3042,2,7907.91
52735,11072,3027,4,5782.42
52736,11073,3034,4,8191.68
52737,11073,3015,4,6900.82
52738,11073,3059,4,1843.12
52739,11073,3052,1,9740.53
52740,11074,3050,3,4067.08
52741,11075,3040,5,9136.33
52742,11075,3042,4,7907.91
52743,11076,3011,2,8238.17
52744,11076,3061,1,3340.34
52745,11077,3029,3,5450.71
52746,11077,3023,5,1658.21
52747,11078,3058,3,3320.24
52748,11078,3043,1,4586.50
52749,11078,3064,1,7594.07
52750,11078,3034,3,8191.68
52751,11079,3069,4,9192.17
52752,11079,3006,2,9141.20
52753,11079,3039,1,1521.84
52754,11080,3045,4,4665.29
52755,11081,3044,3,4804.81
52756,11082,3062,4,995.28
52757,11082,3007,5,8009.35
52758,11083,3039,1,1521.84
52759,11083,3062,1,995.28
52760,11083,3053,1,3472.07
52761,11084,3062,5,995.28
52762,11085,3051,3,6245.66
52763,11085,3040,3,9136.33
52764,11085,3058,4,3320.24
52765,11085,3047,3,5127.70
52766,11086,3020,4,2084.50
52767,11086,3066,5,6193.16
52768,11086,3059,2,1843.12
52769,11086,3022,3,6743.13
52770,11087,3035,5,9738.45
52771,11087,3004,1,5297.49
52772,11087,3027,5,5782.42
52773,11088,3049,4,7944.07
52774,11088,3068,1,3066.38
52775,11088,3045,4,4665.29
52776,11089,3024,5,9586.15
52777,11089,3053,2,3472.07
52778,11089,3009,4,7350.17
52779,11089,3028,5,3181.64
52780,11090,3005,4,3803.74
52781,11090,3057,1,1230.80
52782,11090,3059,2,1843.12
52783,11090,3048,5,3325.11
52784,11091,3019,4,6423.62
52785,11091,3049,5,7944.07
52786,11091,3029,2,5450.71
52787,11091,3064,4,7594.07
52788,11092,3011,1,8238.17
52789,11093,3031,5,1147.68
52790,11093,3046,5,7701.62
52791,11093,3016,4,3398.57
52792,11093,3017,2,1119.72
52793,11094,3005,5,3803.74
52794,11094,3053,2,3472.07
52795,11095,3026,2,2782.42
52796,11095,3021,2,5368.53
52797,11095,3030,1,386.03
52798,11096,3028,3,3181.64
52799,11096,3030,3,386.03
52800,11097,3003,5,8310.63
52801,11097,3052,3,9740.53
52802,11097,3004,2,5297.49
52803,11097,3049,1,7944.07
52804,11098,3045,4,4665.29
52805,11098,3017,5,1119.72
52806,11098,3025,4,2144.12
52807,11098,3044,3,4804.81
52808,11099,3040,2,9136.33
52809,11099,3012,5,2130.35
52810,11100,3032,1,4321.01
52811,11100,3062,4,995.28
52812,11100,3007,3,8009.35
52813,11101,3068,5,3066.38
52814,11101,3044,4,4804.81
52815,11101,3037,3,1061.90
52816,11102,3014,5,139.69
52817,11102,3015,5,6900.82
52818,11103,3033,2,6200.52
52819,11104,3045,5,4665.29
52820,11104,3040,1,9136.33
52821,11104,3019,3,6423.62
52822,11105,3057,3,1230.80
52823,11105,3053,2,3472.07
52824,11106,3043,5,4586.50
52825,11106,3004,4,5297.49
52826,11106,3062,5,995.28
52827,11107,3070,1,7205.13
52828,11107,3051,2,6245.66
52829,11107,3004,5,5297.49
52830,11107,3024,2,9586.15
52831,11108,3016,1,3398.57
52832,11108,3032,4,4321.01
52833,11109,3012,5,2130.35
52834,11110,3052,5,9740.53
52835,11110,3054,5,7863.71
52836,11110,3027,2,5782.42
52837,11111,3068,4,3066.38
52838,11111,3062,2,995.28
52839,11111,3021,1,5368.53
52840,11111,3067,3,2135.05
52841,11112,3040,4,9136.33
52842,11112,3047,2,5127.70
52843,11113,3061,5,3340.34
52844,11114,3040,1,9136.33
52845,11114,3039,2,1521.84
52846,11114,3015,2,6900.82
52847,11114,3055,2,5489.82
52848,11115,3061,1,3340.34
52849,11116,3042,1,7907.91
52850,11117,3023,5,1658.21
52851,11118,3040,1,9136.33
52852,11118,3044,2,4804.81
52853,11118,3011,2,8238.17
52854,11118,3020,1,2084.50
52855,11119,3063,3,8882.89
52856,11120,3047,4,5127.70
52857,11120,3035,3,9738.45
52858,11120,3009,5,7350.17
52859,11121,3018,4,321.55
52860,11121,3009,4,7350.17
52861,11121,3008,2,1982.10
52862,11121,3035,4,9738.45
52863,11122,3003,2,8310.63
52864,11122,3013,4,3936.12
52865,11122,3046,5,7701.62
52866,11123,3033,2,6200.52
52867,11123,3036,4,5720.11
52868,11123,3022,1,6743.13
52869,11123,3007,4,8009.35
52870,11124,3038,2,4757.40
52871,11124,3070,1,7205.13
52872,11124,3025,5,2144.12
52873,11125,3065,2,4583.45
52874,11125,3064,5,7594.07
52875,11125,3019,2,6423.62
52876,11126,3069,1,9192.17
52877,11126,3002,3,8781.78
52878,11126,3055,3,5489.82
52879,11126,3007,4,8009.35
52880,11127,3030,4,386.03
52881,11127,3018,4,321.55
52882,11128,3035,5,9738.45
52883,11129,3065,1,4583.45
52884,11129,3013,1,3936.12
52885,11129,3059,3,1843.12
52886,11130,3014,5,139.69
52887,11131,3064,5,7594.07
52888,11131,3062,2,995.28
52889,11131,3017,3,1119.72
52890,11131,3004,1,5297.49
52891,11132,3006,5,9141.20
52892,11132,3016,2,3398.57
52893,11133,3017,2,1119.72
52894,11133,3031,5,1147.68
52895,11133,3030,4,386.03
52896,11134,3035,5,9738.45
52897,11135,3062,5,995.28
52898,11135,3044,2,4804.81
52899,11136,3044,5,4804.81
52900,11137,3042,4,7907.91
52901,11137,3016,2,3398.57
52902,11137,3010,5,7776.78
52903,11138,3011,4,8238.17
52904,11138,3037,3,1061.90
52905,11138,3022,4,6743.13
52906,11138,3003,3,8310.63
52907,11139,3040,2,9136.33
52908,11140,3060,2,788.12
52909,11140,3031,4,1147.68
52910,11140,3053,2,3472.07
52911,11141,3011,2,8238.17
52912,11141,3067,1,2135.05
52913,11141,3070,2,7205.13
52914,11142,3061,4,3340.34
52915,11142,3058,4,3320.24
52916,11142,3031,4,1147.68
52917,11143,3034,2,8191.68
52918,11143,3039,3,1521.84
52919,11144,3044,5,4804.81
52920,11144,3039,4,1521.84
52921,11145,3022,1,6743.13
52922,11145,3049,3,7944.07
52923,11145,3047,4,5127.70
52924,11145,3061,3,3340.34
52925,11146,3067,2,2135.05
52926,11146,3006,5,9141.20
52927,11147,3029,3,5450.71
52928,11148,3038,2,4757.40
52929,11149,3061,1,3340.34
52930,11149,3054,1,7863.71
52931,11149,3007,5,8009.35
52932,11150,3002,3,8781.78
52933,11150,3009,4,7350.17
52934,11150,3054,2,7863.71
52935,11151,3054,4,7863.71
52936,11151,3017,4,1119.72
52937,11151,3037,2,1061.90
52938,11151,3022,2,6743.13
52939,11152,3034,2,8191.68
52940,11152,3020,4,2084.50
52941,11152,3005,5,3803.74
52942,11153,3007,3,8009.35
52943,11153,3011,1,8238.17
52944,11154,3043,2,4586.50
52945,11155,3031,2,1147.68
52946,11155,3014,2,139.69
52947,11155,3015,4,6900.82
52948,11155,3059,3,1843.12
52949,11156,3034,4,8191.68
52950,11157,3054,5,7863.71
52951,11157,3002,3,8781.78
52952,11157,3009,2,7350.17
52953,11158,3028,5,3181.64
52954,11158,3043,5,4586.50
52955,11159,3058,2,3320.24
52956,11159,3040,5,9136.33
52957,11159,3021,5,5368.53
52958,11160,3042,4,7907.91
52959,11160,3054,4,7863.71
52960,11161,3011,2,8238.17
52961,11161,3046,2,7701.62
52962,11161,3032,4,4321.01
52963,11161,3003,2,8310.63
52964,11162,3060,3,788.12
52965,11162,3031,1,1147.68
52966,11162,3052,1,9740.53
52967,11163,3019,5,6423.62
52968,11163,3003,1,8310.63
52969,11164,3056,3,6658.86
52970,11165,3053,2,3472.07
52971,11165,3009,4,7350.17
52972,11165,3040,5,9136.33
52973,11165,3039,4,1521.84
52974,11166,3042,3,7907.91
52975,11166,3041,1,7025.18
52976,11167,3023,4,1658.21
52977,11167,3032,5,4321.01
52978,11167,3016,4,3398.57
52979,11168,3008,4,1982.10
52980,11168,3056,3,6658.86
52981,11169,3029,2,5450.71
52982,11169,3026,5,2782.42
52983,11169,3040,4,9136.33
52984,11170,3036,3,5720.11
52985,11171,3024,2,9586.15
52986,11171,3045,5,4665.29
52987,11172,3029,2,5450.71
52988,11172,3043,5,4586.50
52989,11172,3059,1,1843.12
52990,11172,3026,2,2782.42
52991,11173,3003,2,8310.63
52992,11173,3062,3,995.28
52993,11174,3032,2,4321.01
52994,11174,3027,2,5782.42
52995,11174,3007,4,8009.35
52996,11175,3013,3,3936.12
52997,11175,3023,4,1658.21
52998,11175,3020,3,2084.50
52999,11176,3069,3,9192.17
53000,11177,3059,1,1843.12
53001,11177,3021,2,5368.53
53002,11178,3045,3,4665.29
53003,11178,3006,1,9141.20
53004,11179,3007,1,8009.35
53005,11179,3017,1,1119.72
53006,11179,3032,4,4321.01
53007,11179,3042,1,7907.91
53008,11180,3046,4,7701.62
53009,11180,3042,1,7907.91
53010,11180,3069,5,9192.17
53011,11181,3007,2,8009.35
53012,11181,3035,3,9738.45
53013,11181,3020,3,2084.50
53014,11182,3040,3,9136.33
53015,11182,3010,3,7776.78
53016,11182,3011,1,8238.17
53017,11182,3021,2,5368.53
53018,11183,3030,4,386.03
53019,11183,3066,5,6193.16
53020,11183,3005,1,3803.74
53021,11184,3032,3,4321.01
53022,11185,3045,2,4665.29
53023,11186,3033,1,6200.52
53024,11186,3009,3,7350.17
53025,11186,3061,4,3340.34
53026,11187,3046,4,7701.62
53027,11187,3064,4,7594.07
53028,11187,3016,2,3398.57
53029,11188,3066,3,6193.16
53030,11188,3017,4,1119.72
53031,11189,3003,1,8310.63
53032,11189,3056,4,6658.86
53033,11190,3010,3,7776.78
53034,11190,3069,4,9192.17
53035,11191,3041,1,7025.18
53036,11191,3017,1,1119.72
53037,11192,3056,3,6658.86
53038,11192,3010,2,7776.78
53039,11192,3041,1,7025.18
53040,11192,3006,3,9141.20
53041,11193,3065,4,4583.45
53042,11193,3046,1,7701.62
53043,11193,3054,3,7863.71
53044,11193,3058,2,3320.24
53045,11194,3055,5,5489.82
53046,11194,3004,1,5297.49
53047,11195,3014,1,139.69
53048,11196,3037,4,1061.90
53049,11197,3007,2,8009.35
53050,11198,3063,5,8882.89
53051,11198,3066,5,6193.16
53052,11199,3069,5,9192.17
53053,11200,3005,4,3803.74
53054,11200,3036,1,5720.11
53055,11201,3032,5,4321.01
53056,11201,3067,4,2135.05
53057,11201,3015,5,6900.82
53058,11201,3053,3,3472.07
53059,11202,3068,3,3066.38
53060,11203,3006,3,9141.20
53061,11203,3045,4,4665.29
53062,11203,3005,5,3803.74
53063,11203,3049,5,7944.07
53064,11204,3049,2,7944.07
53065,11204,3062,5,995.28
53066,11205,3002,4,8781.78
53067,11206,3063,1,8882.89
53068,11206,3021,5,5368.53
53069,11207,3038,4,4757.40
53070,11208,3025,2,2144.12
53071,11208,3059,3,1843.12
53072,11209,3037,2,1061.90
53073,11209,3003,1,8310.63
53074,11209,3060,5,788.12
53075,11209,3067,2,2135.05
53076,11210,3052,5,9740.53
53077,11211,3067,3,2135.05
53078,11211,3048,3,3325.11
53079,11211,3014,5,139.69
53080,11211,3033,5,6200.52
53081,11212,3053,1,3472.07
53082,11212,3060,3,788.12
53083,11213,3062,4,995.28
53084,11213,3034,5,8191.68
53085,11213,3005,5,3803.74
53086,11213,3056,4,6658.86
53087,11214,3048,1,3325.11
53088,11214,3009,1,7350.17
53089,11214,3044,4,4804.81
53090,11214,3063,3,8882.89
53091,11215,3056,5,6658.86
53092,11215,3006,3,9141.20
53093,11215,3045,4,4665.29
53094,11216,3039,1,1521.84
53095,11216,3032,5,4321.01
53096,11217,3057,2,1230.80
53097,11218,3003,2,8310.63
53098,11218,3005,3,3803.74
53099,11219,3055,2,5489.82
53100,11219,3043,4,4586.50
53101,11219,3028,4,3181.64
53102,11220,3031,4,1147.68
53103,11220,3003,4,8310.63
53104,11220,3026,5,2782.42
53105,11220,3013,4,3936.12
53106,11221,3021,4,5368.53
53107,11222,3048,3,3325.11
53108,11223,3020,3,2084.50
53109,11223,3002,1,8781.78
53110,11223,3014,2,139.69
53111,11223,3019,3,6423.62
53112,11224,3044,1,4804.81
53113,11224,3042,3,7907.91
53114,11224,3004,3,5297.49
53115,11225,3065,1,4583.45
53116,11226,3064,4,7594.07
53117,11226,3052,2,9740.53
53118,11227,3018,4,321.55
53119,11227,3040,2,9136.33
53120,11227,3049,1,7944.07
53121,11227,3013,2,3936.12
53122,11228,3032,1,4321.01
53123,11228,3068,1,3066.38
53124,11228,3029,1,5450.71
53125,11229,3038,2,4757.40
53126,11230,3021,1,5368.53
53127,11230,3040,4,9136.33
53128,11230,3029,3,5450.71
53129,11231,3057,5,1230.80
53130,11232,3041,2,7025.18
53131,11232,3035,5,9738.45
53132,11232,3053,5,3472.07
53133,11232,3050,4,4067.08
53134,11233,3046,5,7701.62
53135,11233,3013,5,3936.12
53136,11234,3021,4,5368.53
53137,11234,3019,3,6423.62
53138,11234,3044,4,4804.81
53139,11234,3020,1,2084.50
53140,11235,3022,2,6743.13
53141,11236,3005,2,3803.74
53142,11236,3017,3,1119.72
53143,11237,3048,4,3325.11
53144,11238,3058,1,3320.24
53145,11238,3014,3,139.69
53146,11238,3024,5,9586.15
53147,11238,3047,5,5127.70
53148,11239,3034,1,8191.68
53149,11240,3065,3,4583.45
53150,11240,3002,1,8781.78
53151,11241,3052,1,9740.53
53152,11241,3056,2,6658.86
53153,11241,3006,2,9141.20
53154,11241,3070,5,7205.13
53155,11242,3063,5,8882.89
53156,11242,3068,3,3066.38
53157,11243,3063,2,8882.89
53158,11243,3005,4,3803.74
53159,11243,3049,1,7944.07
53160,11244,3018,5,321.55
53161,11244,3061,3,3340.34
53162,11244,3051,5,6245.66
53163,11245,3039,2,1521.84
53164,11245,3020,2,2084.50
53165,11245,3002,3,8781.78
53166,11246,3033,5,6200.52
53167,11246,3069,4,9192.17
53168,11247,3010,4,7776.78
53169,11247,3032,2,4321.01
53170,11248,3010,2,7776.78
53171,11248,3039,1,1521.84
53172,11248,3047,1,5127.70
53173,11248,3006,5,9141.20
53174,11249,3020,4,2084.50
53175,11250,3016,1,3398.57
53176,11250,3034,4,8191.68
53177,11250,3032,1,4321.01
53178,11250,3053,1,3472.07
53179,11251,3059,5,1843.12
53180,11251,3012,1,2130.35
53181,11251,3065,1,4583.45
53182,11252,3041,5,7025.18
53183,11252,3049,2,7944.07
53184,11253,3063,3,8882.89
53185,11253,3053,1,3472.07
53186,11253,3028,1,3181.64
53187,11254,3034,3,8191.68
53188,11254,3011,1,8238.17
53189,11255,3009,1,7350.17
53190,11255,3067,1,2135.05
53191,11256,3040,1,9136.33
53192,11257,3011,3,8238.17
53193,11257,3030,1,386.03
53194,11257,3021,4,5368.53
53195,11258,3040,3,9136.33
53196,11259,3005,1,3803.74
53197,11259,3065,5,4583.45
53198,11259,3047,3,5127.70
53199,11259,3054,1,7863.71
53200,11260,3059,4,1843.12
53201,11260,3013,5,3936.12
53202,11260,3038,2,4757.40
53203,11260,3065,1,4583.45
53204,11261,3026,1,2782.42
53205,11262,3046,3,7701.62
53206,11262,3050,4,4067.08
53207,11262,3035,2,9738.45
53208,11263,3059,4,1843.12
53209,11263,3042,5,7907.91
53210,11264,3007,1,8009.35
53211,11264,3059,2,1843.12
53212,11264,3035,2,9738.45
53213,11265,3034,5,8191.68
53214,11265,3068,2,3066.38
53215,11265,3058,2,3320.24
53216,11265,3001,5,2786.82
53217,11266,3030,4,386.03
53218,11267,3012,3,2130.35
53219,11267,3024,1,9586.15
53220,11267,3052,1,9740.53
53221,11268,3003,4,8310.63
53222,11268,3029,3,5450.71
53223,11268,3022,2,6743.13
53224,11268,3055,1,5489.82
53225,11269,3045,4,4665.29
53226,11270,3031,1,1147.68
53227,11270,3012,5,2130.35
53228,11270,3005,5,3803.74
53229,11270,3011,4,8238.17
53230,11271,3038,2,4757.40
53231,11271,3053,3,3472.07
53232,11271,3013,2,3936.12
53233,11272,3005,1,3803.74
53234,11272,3050,3,4067.08
53235,11272,3037,4,1061.90
53236,11272,3003,3,8310.63
53237,11273,3060,5,788.12
53238,11273,3039,3,1521.84
53239,11273,3049,5,7944.07
53240,11273,3067,3,2135.05
53241,11274,3060,1,788.12
53242,11275,3052,1,9740.53
53243,11275,3014,1,139.69
53244,11276,3060,4,788.12
53245,11276,3001,2,2786.82
53246,11276,3010,4,7776.78
53247,11276,3057,3,1230.80
53248,11277,3026,5,2782.42
53249,11277,3005,1,3803.74
53250,11277,3057,1,1230.80
53251,11278,3057,1,1230.80
53252,11279,3007,2,8009.35
53253,11279,3005,1,3803.74
53254,11279,3036,3,5720.11
53255,11279,3004,3,5297.49
53256,11280,3012,5,2130.35
53257,11280,3046,4,7701.62
53258,11280,3043,4,4586.50
53259,11281,3030,5,386.03
53260,11281,3067,4,2135.05
53261,11281,3039,3,1521.84
53262,11282,3021,4,5368.53
53263,11282,3030,1,386.03
53264,11282,3014,2,139.69
53265,11283,3047,1,5127.70
53266,11283,3032,1,4321.01
53267,11284,3024,3,9586.15
53268,11284,3050,2,4067.08
53269,11284,3052,4,9740.53
53270,11285,3062,4,995.28
53271,11286,3014,2,139.69
53272,11286,3059,5,1843.12
53273,11287,3055,5,5489.82
53274,11287,3020,4,2084.50
53275,11287,3035,2,9738.45
53276,11288,3045,4,4665.29
53277,11288,3068,3,3066.38
53278,11289,3020,4,2084.50
53279,11289,3062,5,995.28
53280,11290,3012,3,2130.35
53281,11290,3034,5,8191.68
53282,11290,3011,2,8238.17
53283,11290,3031,1,1147.68
53284,11291,3050,1,4067.08
53285,11291,3057,3,1230.80
53286,11291,3005,3,3803.74
53287,11291,3056,5,6658.86
53288,11292,3062,2,995.28
53289,11293,3060,1,788.12
53290,11293,3017,4,1119.72
53291,11293,3016,2,3398.57
53292,11294,3004,3,5297.49
53293,11294,3051,3,6245.66
53294,11294,3025,4,2144.12
53295,11295,3052,5,9740.53
53296,11295,3027,4,5782.42
53297,11295,3069,1,9192.17
53298,11296,3038,3,4757.40
53299,11297,3063,5,8882.89
53300,11297,3001,2,2786.82
53301,11297,3030,3,386.03
53302,11298,3061,5,3340.34
53303,11298,3013,4,3936.12
53304,11299,3020,5,2084.50
53305,11299,3047,1,5127.70
53306,11299,3042,3,7907.91
53307,11299,3017,1,1119.72
53308,11300,3050,1,4067.08
53309,11300,3007,1,8009.35
53310,11301,3015,1,6900.82
53311,11302,3042,4,7907.91
53312,11303,3054,1,7863.71
53313,11304,3025,1,2144.12
53314,11304,3034,2,8191.68
53315,11304,3033,1,6200.52
53316,11304,3066,2,6193.16
53317,11305,3007,5,8009.35
53318,11306,3025,3,2144.12
53319,11306,3068,4,3066.38
53320,11307,3052,4,9740.53
53321,11308,3026,1,2782.42
53322,11308,3028,1,3181.64
53323,11309,3034,4,8191.68
53324,11309,3068,4,3066.38
53325,11309,3016,2,3398.57
53326,11310,3047,5,5127.70
53327,11310,3041,2,7025.18
53328,11310,3054,2,7863.71
53329,11310,3009,1,7350.17
53330,11311,3018,4,321.55
53331,11311,3003,2,8310.63
53332,11312,3068,4,3066.38
53333,11313,3016,1,3398.57
53334,11313,3062,2,995.28
53335,11313,3050,1,4067.08
53336,11314,3025,3,2144.12
53337,11314,3053,1,3472.07
53338,11315,3031,3,1147.68
53339,11315,3055,5,5489.82
53340,11315,3065,5,4583.45
53341,11315,3025,1,2144.12
53342,11316,3060,2,788.12
53343,11316,3056,2,6658.86
53344,11316,3036,2,5720.11
53345,11316,3002,5,8781.78
53346,11317,3030,2,386.03
53347,11318,3018,4,321.55
53348,11318,3069,4,9192.17
53349,11318,3020,1,2084.50
53350,11319,3049,4,7944.07
53351,11319,3031,5,1147.68
53352,11320,3042,3,7907.91
53353,11320,3022,2,6743.13
53354,11320,3024,5,9586.15
53355,11321,3033,3,6200.52
53356,11321,3034,2,8191.68
53357,11321,3039,4,1521.84
53358,11321,3067,5,2135.05
53359,11322,3065,2,4583.45
53360,11322,3015,2,6900.82
53361,11322,3010,1,7776.78
53362,11322,3040,4,9136.33
53363,11323,3004,5,5297.49
53364,11323,3067,4,2135.05
53365,11323,3042,4,7907.91
53366,11324,3043,3,4586.50
53367,11325,3008,4,1982.10
53368,11325,3050,5,4067.08
53369,11325,3022,4,6743.13
53370,11326,3022,3,6743.13
53371,11327,3020,1,2084.50
53372,11328,3050,2,4067.08
53373,11328,3031,1,1147.68
53374,11328,3060,4,788.12
53375,11329,3051,2,6245.66
53376,11329,3003,2,8310.63
53377,11330,3042,3,7907.91
53378,11330,3066,1,6193.16
53379,11331,3023,5,1658.21
53380,11332,3045,2,4665.29
53381,11332,3063,4,8882.89
53382,11332,3060,5,788.12
53383,11333,3046,5,7701.62
53384,11333,3063,3,8882.89
53385,11334,3009,4,7350.17
53386,11334,3019,3,6423.62
53387,11334,3033,1,6200.52
53388,11335,3009,4,7350.17
53389,11336,3051,1,6245.66
53390,11336,3059,2,1843.12
53391,11337,3019,4,6423.62
53392,11337,3046,1,7701.62
53393,11337,3051,1,6245.66
53394,11337,3060,2,788.12
53395,11338,3038,2,4757.40
53396,11338,3021,1,5368.53
53397,11338,3027,1,5782.42
53398,11339,3047,4,5127.70
53399,11340,3005,2,3803.74
53400,11340,3066,5,6193.16
53401,11341,3033,5,6200.52
53402,11341,3018,4,321.55
53403,11342,3022,1,6743.13
53404,11342,3015,4,6900.82
53405,11343,3011,4,8238.17
53406,11343,3022,2,6743.13
53407,11344,3046,2,7701.62
53408,11344,3038,2,4757.40
53409,11344,3070,1,7205.13
53410,11344,3045,4,4665.29
53411,11345,3001,5,2786.82
53412,11345,3009,4,7350.17
53413,11346,3038,2,4757.40
53414,11347,3033,4,6200.52
53415,11347,3009,5,7350.17
53416,11347,3056,4,6658.86
53417,11347,3021,2,5368.53
53418,11348,3042,3,7907.91
53419,11348,3009,1,7350.17
53420,11348,3021,1,5368.53
53421,11348,3046,1,7701.62
53422,11349,3011,1,8238.17
53423,11349,3005,5,3803.74
53424,11349,3066,3,6193.16
53425,11350,3017,2,1119.72
53426,11350,3055,1,5489.82
53427,11350,3023,1,1658.21
53428,11351,3054,4,7863.71
53429,11351,3002,2,8781.78
53430,11352,3031,1,1147.68
53431,11352,3042,2,7907.91
53432,11353,3001,3,2786.82
53433,11353,3025,2,2144.12
53434,11354,3026,2,2782.42
53435,11354,3059,5,1843.12
53436,11354,3043,1,4586.50
53437,11355,3019,4,6423.62
53438,11355,3004,2,5297.49
53439,11355,3015,1,6900.82
53440,11355,3054,4,7863.71
53441,11356,3050,2,4067.08
53442,11356,3061,2,3340.34
53443,11356,3040,1,9136.33
53444,11356,3002,3,8781.78
53445,11357,3036,1,5720.11
53446,11357,3033,4,6200.52
53447,11357,3009,1,7350.17
53448,11358,3051,1,6245.66
53449,11358,3034,5,8191.68
53450,11358,3060,3,788.12
53451,11358,3001,3,2786.82
53452,11359,3004,1,5297.49
53453,11359,3013,4,3936.12
53454,11359,3043,4,4586.50
53455,11360,3019,5,6423.62
53456,11360,3053,1,3472.07
53457,11360,3022,5,6743.13
53458,11361,3038,1,4757.40
53459,11361,3013,3,3936.12
53460,11362,3041,1,7025.18
53461,11363,3054,3,7863.71
53462,11363,3013,2,3936.12
53463,11363,3025,3,2144.12
53464,11363,3016,3,3398.57
53465,11364,3032,2,4321.01
53466,11364,3021,5,5368.53
53467,11365,3042,5,7907.91
53468,11366,3059,3,1843.12
53469,11366,3057,2,1230.80
53470,11367,3035,4,9738.45
53471,11367,3008,4,1982.10
53472,11367,3040,2,9136.33
53473,11368,3026,1,2782.42
53474,11368,3047,1,5127.70
53475,11368,3006,1,9141.20
53476,11369,3021,5,5368.53
53477,11369,3042,4,7907.91
53478,11369,3041,2,7025.18
53479,11370,3058,4,3320.24
53480,11370,3070,1,7205.13
53481,11370,3069,2,9192.17
53482,11370,3023,1,1658.21
53483,11371,3036,1,5720.11
53484,11371,3069,3,9192.17
53485,11371,3003,3,8310.63
53486,11371,3031,5,1147.68
53487,11372,3061,1,3340.34
53488,11373,3009,5,7350.17
53489,11373,3040,2,9136.33
53490,11373,3017,3,1119.72
53491,11373,3023,3,1658.21
53492,11374,3047,3,5127.70
53493,11374,3024,3,9586.15
53494,11374,3006,5,9141.20
53495,11375,3057,1,1230.80
53496,11375,3042,2,7907.91
53497,11375,3064,4,7594.07
53498,11375,3012,5,2130.35
53499,11376,3003,3,8310.63
53500,11376,3040,4,9136.33
53501,11377,3019,1,6423.62
53502,11377,3057,1,1230.80
53503,11377,3033,4,6200.52
53504,11377,3042,1,7907.91
53505,11378,3068,1,3066.38
53506,11378,3060,3,788.12
53507,11378,3005,2,3803.74
53508,11379,3015,2,6900.82
53509,11379,3027,4,5782.42
53510,11380,3008,3,1982.10
53511,11380,3001,4,2786.82
53512,11380,3066,4,6193.16
53513,11380,3026,1,2782.42
53514,11381,3065,5,4583.45
53515,11381,3067,5,2135.05
53516,11382,3001,3,2786.82
53517,11382,3064,4,7594.07
53518,11383,3015,2,6900.82
53519,11384,3017,4,1119.72
53520,11384,3060,1,788.12
53521,11384,3014,2,139.69
53522,11384,3043,2,4586.50
53523,11385,3070,5,7205.13
53524,11385,3067,3,2135.05
53525,11385,3046,5,7701.62
53526,11385,3019,5,6423.62
53527,11386,3066,2,6193.16
53528,11386,3014,5,139.69
53529,11386,3070,4,7205.13
53530,11386,3034,4,8191.68
53531,11387,3007,1,8009.35
53532,11387,3002,4,8781.78
53533,11388,3064,5,7594.07
53534,11388,3037,5,1061.90
53535,11389,3036,3,5720.11
53536,11389,3041,3,7025.18
53537,11389,3060,3,788.12
53538,11390,3006,4,9141.20
53539,11391,3022,3,6743.13
53540,11391,3055,3,5489.82
53541,11391,3018,2,321.55
53542,11391,3050,3,4067.08
53543,11392,3046,3,7701.62
53544,11392,3014,2,139.69
53545,11392,3051,3,6245.66
53546,11392,3004,5,5297.49
53547,11393,3067,5,2135.05
53548,11393,3043,1,4586.50
53549,11394,3055,4,5489.82
53550,11394,3047,5,5127.70
53551,11394,3065,2,4583.45
53552,11394,3041,4,7025.18
53553,11395,3054,4,7863.71
53554,11395,3010,5,7776.78
53555,11395,3049,3,7944.07
53556,11396,3040,4,9136.33
53557,11396,3005,2,3803.74
53558,11397,3057,1,1230.80
53559,11398,3060,3,788.12
53560,11398,3050,1,4067.08
53561,11398,3013,1,3936.12
53562,11398,3025,4,2144.12
53563,11399,3050,2,4067.08
53564,11399,3021,2,5368.53
53565,11400,3065,3,4583.45
53566,11400,3042,1,7907.91
53567,11401,3025,5,2144.12
53568,11401,3053,5,3472.07
53569,11402,3017,2,1119.72
53570,11402,3043,2,4586.50
53571,11402,3006,1,9141.20
53572,11403,3051,2,6245.66
53573,11403,3041,2,7025.18
53574,11404,3031,3,1147.68
53575,11404,3041,5,7025.18
53576,11404,3043,4,4586.50
53577,11404,3016,2,3398.57
53578,11405,3007,2,8009.35
53579,11405,3025,2,2144.12
53580,11405,3018,3,321.55
53581,11406,3063,5,8882.89
53582,11406,3010,3,7776.78
53583,11406,3038,1,4757.40
53584,11406,3055,5,5489.82
53585,11407,3046,3,7701.62
53586,11407,3041,3,7025.18
53587,11408,3006,1,9141.20
53588,11408,3020,4,2084.50
53589,11408,3005,3,3803.74
53590,11408,3053,1,3472.07
53591,11409,3054,3,7863.71
53592,11409,3040,3,9136.33
53593,11410,3061,2,3340.34
53594,11410,3051,1,6245.66
53595,11410,3015,5,6900.82
53596,11411,3012,4,2130.35
53597,11411,3019,1,6423.62
53598,11412,3042,1,7907.91
53599,11412,3004,2,5297.49
53600,11412,3057,2,1230.80
53601,11412,3052,2,9740.53
53602,11413,3004,4,5297.49
53603,11413,3047,3,5127.70
53604,11414,3054,1,7863.71
53605,11414,3046,3,7701.62
53606,11414,3032,3,4321.01
53607,11415,3042,1,7907.91
53608,11415,3044,2,4804.81
53609,11415,3043,4,4586.50
53610,11416,3043,1,4586.50
53611,11416,3055,4,5489.82
53612,11417,3063,2,8882.89
53613,11417,3069,2,9192.17
53614,11417,3040,4,9136.33
53615,11417,3028,4,3181.64
53616,11418,3008,4,1982.10
53617,11418,3034,1,8191.68
53618,11419,3067,2,2135.05
53619,11420,3052,2,9740.53
53620,11420,3049,4,7944.07
53621,11421,3024,2,9586.15
53622,11422,3008,3,1982.10
53623,11422,3057,3,1230.80
53624,11423,3052,1,9740.53
53625,11424,3005,1,3803.74
53626,11424,3056,3,6658.86
53627,11424,3060,1,788.12
53628,11424,3004,2,5297.49
53629,11425,3008,2,1982.10
53630,11426,3033,5,6200.52
53631,11426,3040,1,9136.33
53632,11427,3056,4,6658.86
53633,11427,3061,2,3340.34
53634,11427,3021,1,5368.53
53635,11427,3015,5,6900.82
53636,11428,3031,5,1147.68
53637,11428,3030,1,386.03
53638,11429,3049,1,7944.07
53639,11429,3019,1,6423.62
53640,11430,3029,1,5450.71
53641,11430,3004,2,5297.49
53642,11430,3062,2,995.28
53643,11431,3006,5,9141.20
53644,11431,3008,2,1982.10
53645,11431,3017,4,1119.72
53646,11431,3019,4,6423.62
53647,11432,3024,3,9586.15
53648,11432,3059,3,1843.12
53649,11432,3007,5,8009.35
53650,11433,3063,4,8882.89
53651,11433,3070,2,7205.13
53652,11433,3069,5,9192.17
53653,11434,3008,2,1982.10
53654,11434,3052,2,9740.53
53655,11435,3067,1,2135.05
53656,11435,3004,2,5297.49
53657,11436,3007,4,8009.35
53658,11436,3038,3,4757.40
53659,11436,3034,5,8191.68
53660,11436,3054,5,7863.71
53661,11437,3018,4,321.55
53662,11437,3035,1,9738.45
53663,11437,3063,5,8882.89
53664,11438,3003,2,8310.63
53665,11438,3055,3,5489.82
53666,11438,3034,3,8191.68
53667,11438,3057,2,1230.80
53668,11439,3060,5,788.12
53669,11439,3028,4,3181.64
53670,11439,3058,3,3320.24
53671,11440,3064,4,7594.07
53672,11440,3069,1,9192.17
53673,11440,3034,5,8191.68
53674,11440,3002,3,8781.78
53675,11441,3041,1,7025.18
53676,11441,3062,4,995.28
53677,11441,3060,1,788.12
53678,11441,3059,2,1843.12
53679,11442,3020,5,2084.50
53680,11442,3070,1,7205.13
53681,11442,3040,5,9136.33
53682,11442,3052,2,9740.53
53683,11443,3052,4,9740.53
53684,11443,3010,3,7776.78
53685,11444,3057,1,1230.80
53686,11445,3044,2,4804.81
53687,11446,3010,3,7776.78
53688,11446,3067,4,2135.05
53689,11446,3055,4,5489.82
53690,11446,3005,5,3803.74
53691,11447,3026,1,2782.42
53692,11448,3049,1,7944.07
53693,11448,3040,2,9136.33
53694,11448,3061,4,3340.34
53695,11448,3048,5,3325.11
53696,11449,3016,3,3398.57
53697,11449,3023,2,1658.21
53698,11450,3031,1,1147.68
53699,11450,3048,4,3325.11
53700,11450,3035,1,9738.45
53701,11451,3011,5,8238.17
53702,11452,3003,1,8310.63
53703,11452,3067,1,2135.05
53704,11452,3057,4,1230.80
53705,11453,3066,4,6193.16
53706,11454,3014,4,139.69
53707,11454,3047,4,5127.70
53708,11454,3022,1,6743.13
53709,11454,3006,1,9141.20
53710,11455,3037,5,1061.90
53711,11455,3008,5,1982.10
53712,11455,3029,3,5450.71
53713,11455,3055,4,5489.82
53714,11456,3058,1,3320.24
53715,11456,3020,1,2084.50
53716,11456,3038,3,4757.40
53717,11456,3053,1,3472.07
53718,11457,3005,5,3803.74
53719,11458,3007,4,8009.35
53720,11459,3014,4,139.69
53721,11460,3004,3,5297.49
53722,11460,3023,1,1658.21
53723,11460,3002,2,8781.78
53724,11461,3037,2,1061.90
53725,11461,3061,5,3340.34
53726,11461,3021,2,5368.53
53727,11462,3011,1,8238.17
53728,11463,3061,5,3340.34
53729,11463,3047,5,5127.70
53730,11464,3035,5,9738.45
53731,11464,3059,4,1843.12
53732,11464,3043,3,4586.50
53733,11464,3030,5,386.03
53734,11465,3040,2,9136.33
53735,11465,3033,4,6200.52
53736,11465,3022,5,6743.13
53737,11465,3045,3,4665.29
53738,11466,3008,1,1982.10
53739,11466,3037,4,1061.90
53740,11467,3015,4,6900.82
53741,11467,3045,3,4665.29
53742,11467,3028,1,3181.64
53743,11468,3012,4,2130.35
53744,11468,3025,5,2144.12
53745,11468,3031,2,1147.68
53746,11469,3055,5,5489.82
53747,11469,3051,1,6245.66
53748,11469,3058,4,3320.24
53749,11469,3049,1,7944.07
53750,11470,3044,4,4804.81
53751,11470,3064,3,7594.07
53752,11470,3012,5,2130.35
53753,11471,3047,5,5127.70
53754,11472,3051,1,6245.66
53755,11472,3067,3,2135.05
53756,11472,3066,3,6193.16
53757,11473,3066,1,6193.16
53758,11474,3044,4,4804.81
53759,11474,3065,2,4583.45
53760,11475,3006,3,9141.20
53761,11475,3046,3,7701.62
53762,11475,3057,3,1230.80
53763,11476,3056,2,6658.86
53764,11477,3034,2,8191.68
53765,11477,3048,3,3325.11
53766,11478,3057,1,1230.80
53767,11478,3014,1,139.69
53768,11479,3008,5,1982.10
53769,11480,3010,4,7776.78
53770,11480,3069,4,9192.17
53771,11480,3033,5,6200.52
53772,11481,3029,2,5450.71
53773,11481,3022,3,6743.13
53774,11481,3010,5,7776.78
53775,11482,3016,4,3398.57
53776,11482,3065,2,4583.45
53777,11482,3027,3,5782.42
53778,11482,3007,5,8009.35
53779,11483,3006,2,9141.20
53780,11484,3054,2,7863.71
53781,11484,3034,3,8191.68
53782,11485,3018,5,321.55
53783,11485,3002,2,8781.78
53784,11485,3043,5,4586.50
53785,11485,3038,5,4757.40
53786,11486,3014,4,139.69
53787,11486,3019,3,6423.62
53788,11486,3009,5,7350.17
53789,11486,3037,5,1061.90
53790,11487,3058,1,3320.24
53791,11487,3040,3,9136.33
53792,11487,3050,2,4067.08
53793,11488,3059,4,1843.12
53794,11488,3014,5,139.69
53795,11489,3061,3,3340.34
53796,11489,3024,4,9586.15
53797,11489,3011,1,8238.17
53798,11490,3024,1,9586.15
53799,11490,3064,3,7594.07
53800,11490,3044,3,4804.81
53801,11490,3069,2,9192.17
53802,11491,3055,4,5489.82
53803,11491,3058,5,3320.24
53804,11492,3070,3,7205.13
53805,11492,3068,3,3066.38
53806,11492,3060,3,788.12
53807,11492,3061,3,3340.34
53808,11493,3058,2,3320.24
53809,11493,3038,3,4757.40
53810,11493,3009,1,7350.17
53811,11494,3018,5,321.55
53812,11495,3054,3,7863.71
53813,11495,3001,5,2786.82
53814,11496,3024,5,9586.15
53815,11496,3059,2,1843.12
53816,11496,3043,3,4586.50
53817,11496,3009,4,7350.17
53818,11497,3067,1,2135.05
53819,11497,3004,2,5297.49
53820,11498,3068,4,3066.38
53821,11498,3037,5,1061.90
53822,11498,3038,2,4757.40
53823,11499,3045,3,4665.29
53824,11499,3053,4,3472.07
53825,11499,3016,5,3398.57
53826,11499,3009,4,7350.17
53827,11500,3017,1,1119.72
53828,11500,3031,4,1147.68
53829,11501,3054,3,7863.71
53830,11502,3067,2,2135.05
53831,11502,3004,1,5297.49
53832,11502,3041,4,7025.18
53833,11503,3017,2,1119.72
53834,11504,3039,2,1521.84
53835,11504,3031,4,1147.68
53836,11504,3032,2,4321.01
53837,11504,3007,4,8009.35
53838,11505,3069,4,9192.17
53839,11506,3037,4,1061.90
53840,11506,3039,3,1521.84
53841,11507,3025,1,2144.12
53842,11507,3009,2,7350.17
53843,11507,3014,5,139.69
53844,11507,3017,1,1119.72
53845,11508,3070,4,7205.13
53846,11508,3024,4,9586.15
53847,11508,3063,1,8882.89
53848,11508,3007,3,8009.35
53849,11509,3045,5,4665.29
53850,11509,3066,4,6193.16
53851,11509,3043,4,4586.50
53852,11510,3046,3,7701.62
53853,11510,3056,3,6658.86
53854,11511,3067,1,2135.05
53855,11512,3067,3,2135.05
53856,11512,3023,2,1658.21
53857,11513,3022,5,6743.13
53858,11514,3056,4,6658.86
53859,11514,3006,5,9141.20
53860,11514,3041,5,7025.18
53861,11514,3035,5,9738.45
53862,11515,3023,2,1658.21
53863,11515,3069,5,9192.17
53864,11515,3065,3,4583.45
53865,11516,3005,2,3803.74
53866,11516,3043,1,4586.50
53867,11516,3020,2,2084.50
53868,11516,3006,2,9141.20
53869,11517,3012,1,2130.35
53870,11517,3022,2,6743.13
53871,11517,3027,4,5782.42
53872,11517,3021,4,5368.53
53873,11518,3038,5,4757.40
53874,11518,3017,4,1119.72
53875,11518,3057,2,1230.80
53876,11518,3062,4,995.28
53877,11519,3024,5,9586.15
53878,11519,3061,4,3340.34
53879,11519,3019,4,6423.62
53880,11520,3032,2,4321.01
53881,11521,3065,4,4583.45
53882,11522,3029,1,5450.71
53883,11522,3035,4,9738.45
53884,11522,3057,2,1230.80
53885,11522,3011,5,8238.17
53886,11523,3029,3,5450.71
53887,11523,3035,3,9738.45
53888,11524,3032,2,4321.01
53889,11524,3044,2,4804.81
53890,11524,3055,4,5489.82
53891,11524,3023,4,1658.21
53892,11525,3008,3,1982.10
53893,11526,3028,3,3181.64
53894,11526,3044,5,4804.81
53895,11526,3068,4,3066.38
53896,11527,3008,4,1982.10
53897,11527,3017,2,1119.72
53898,11528,3022,4,6743.13
53899,11528,3045,1,4665.29
53900,11529,3021,2,5368.53
53901,11529,3033,3,6200.52
53902,11529,3006,3,9141.20
53903,11530,3038,5,4757.40
53904,11530,3053,2,3472.07
53905,11530,3067,5,2135.05
53906,11531,3059,1,1843.12
53907,11531,3005,4,3803.74
53908,11531,3038,4,4757.40
53909,11531,3014,5,139.69
53910,11532,3047,5,5127.70
53911,11533,3037,5,1061.90
53912,11533,3052,4,9740.53
53913,11533,3059,3,1843.12
53914,11533,3030,4,386.03
53915,11534,3039,3,1521.84
53916,11535,3056,2,6658.86
53917,11535,3064,2,7594.07
53918,11535,3030,2,386.03
53919,11536,3021,3,5368.53
53920,11537,3046,4,7701.62
53921,11537,3069,1,9192.17
53922,11537,3060,1,788.12
53923,11538,3021,5,5368.53
53924,11538,3031,5,1147.68
53925,11538,3034,3,8191.68
53926,11538,3041,2,7025.18
53927,11539,3036,1,5720.11
53928,11539,3005,5,3803.74
53929,11539,3063,5,8882.89
53930,11539,3053,3,3472.07
53931,11540,3008,2,1982.10
53932,11540,3011,1,8238.17
53933,11541,3032,1,4321.01
53934,11541,3066,1,6193.16
53935,11542,3065,1,4583.45
53936,11542,3064,4,7594.07
53937,11543,3070,2,7205.13
53938,11543,3029,3,5450.71
53939,11544,3007,5,8009.35
53940,11544,3042,1,7907.91
53941,11544,3010,1,7776.78
53942,11544,3005,3,3803.74
53943,11545,3027,3,5782.42
53944,11545,3059,2,1843.12
53945,11546,3052,2,9740.53
53946,11546,3059,4,1843.12
53947,11546,3003,4,8310.63
53948,11547,3066,1,6193.16
53949,11547,3059,3,1843.12
53950,11548,3047,5,5127.70
53951,11548,3056,3,6658.86
53952,11548,3048,3,3325.11
53953,11548,3060,4,788.12
53954,11549,3044,3,4804.81
53955,11549,3048,3,3325.11
53956,11549,3004,2,5297.49
53957,11550,3018,3,321.55
53958,11550,3011,5,8238.17
53959,11550,3057,3,1230.80
53960,11550,3015,3,6900.82
53961,11551,3029,5,5450.71
53962,11552,3021,3,5368.53
53963,11552,3041,2,7025.18
53964,11552,3017,1,1119.72
53965,11553,3068,4,3066.38
53966,11553,3065,3,4583.45
53967,11553,3021,1,5368.53
53968,11553,3010,1,7776.78
53969,11554,3012,3,2130.35
53970,11554,3039,4,1521.84
53971,11555,3038,1,4757.40
53972,11555,3041,2,7025.18
53973,11555,3020,1,2084.50
53974,11556,3061,5,3340.34
53975,11556,3050,3,4067.08
53976,11557,3026,3,2782.42
53977,11557,3004,1,5297.49
53978,11557,3066,2,6193.16
53979,11557,3019,3,6423.62
53980,11558,3023,2,1658.21
53981,11558,3012,3,2130.35
53982,11559,3002,4,8781.78
53983,11559,3023,2,1658.21
53984,11559,3026,3,2782.42
53985,11560,3033,1,6200.52
53986,11561,3012,3,2130.35
53987,11561,3005,2,3803.74
53988,11562,3062,1,995.28
53989,11562,3041,3,7025.18
53990,11562,3008,4,1982.10
53991,11563,3012,2,2130.35
53992,11563,3018,3,321.55
53993,11563,3031,3,1147.68
53994,11564,3002,3,8781.78
53995,11564,3012,2,2130.35
53996,11564,3015,3,6900.82
53997,11564,3027,5,5782.42
53998,11565,3061,2,3340.34
53999,11565,3009,5,7350.17
54000,11565,3026,5,2782.42
54001,11566,3023,4,1658.21
54002,11566,3060,1,788.12
54003,11566,3055,2,5489.82
54004,11566,3070,4,7205.13
54005,11567,3038,1,4757.40
54006,11567,3017,1,1119.72
54007,11568,3004,5,5297.49
54008,11568,3022,1,6743.13
54009,11569,3065,2,4583.45
54010,11569,3011,1,8238.17
54011,11570,3038,5,4757.40
54012,11571,3005,5,3803.74
54013,11571,3021,1,5368.53
54014,11571,3068,5,3066.38
54015,11572,3049,4,7944.07
54016,11573,3047,1,5127.70
54017,11573,3021,5,5368.53
54018,11573,3025,1,2144.12
54019,11574,3066,2,6193.16
54020,11575,3028,2,3181.64
54021,11576,3051,4,6245.66
54022,11576,3027,2,5782.42
54023,11576,3013,2,3936.12
54024,11577,3052,1,9740.53
54025,11577,3063,4,8882.89
54026,11577,3007,1,8009.35
54027,11577,3039,1,1521.84
54028,11578,3012,5,2130.35
54029,11578,3015,4,6900.82
54030,11579,3005,1,3803.74
54031,11579,3042,2,7907.91
54032,11579,3004,2,5297.49
54033,11580,3003,3,8310.63
54034,11580,3032,3,4321.01
54035,11581,3056,1,6658.86
54036,11581,3004,3,5297.49
54037,11581,3064,5,7594.07
54038,11582,3051,4,6245.66
54039,11582,3045,3,4665.29
54040,11582,3008,2,1982.10
54041,11582,3064,3,7594.07
54042,11583,3020,2,2084.50
54043,11583,3029,1,5450.71
54044,11583,3010,4,7776.78
54045,11583,3049,1,7944.07
54046,11584,3064,1,7594.07
54047,11584,3065,1,4583.45
54048,11585,3041,4,7025.18
54049,11586,3025,5,2144.12
54050,11587,3027,4,5782.42
54051,11587,3008,1,1982.10
54052,11587,3055,1,5489.82
54053,11587,3052,3,9740.53
54054,11588,3052,2,9740.53
54055,11588,3051,2,6245.66
54056,11588,3032,2,4321.01
54057,11589,3008,3,1982.10
54058,11589,3004,5,5297.49
54059,11589,3064,1,7594.07
54060,11589,3014,1,139.69
54061,11590,3009,2,7350.17
54062,11590,3036,2,5720.11
54063,11590,3007,2,8009.35
54064,11590,3054,2,7863.71
54065,11591,3028,3,3181.64
54066,11591,3004,5,5297.49
54067,11591,3052,4,9740.53
54068,11592,3037,5,1061.90
54069,11592,3070,2,7205.13
54070,11592,3068,5,3066.38
54071,11593,3032,3,4321.01
54072,11593,3060,5,788.12
54073,11594,3064,2,7594.07
54074,11595,3068,5,3066.38
54075,11595,3042,2,7907.91
54076,11596,3044,3,4804.81
54077,11596,3036,1,5720.11
54078,11596,3046,2,7701.62
54079,11597,3054,1,7863.71
54080,11598,3040,2,9136.33
54081,11598,3067,2,2135.05
54082,11599,3064,2,7594.07
54083,11599,3070,4,7205.13
54084,11599,3027,5,5782.42
54085,11599,3063,2,8882.89
54086,11600,3031,1,1147.68
54087,11600,3069,1,9192.17
54088,11601,3031,4,1147.68
54089,11601,3053,3,3472.07
54090,11601,3033,5,6200.52
54091,11602,3053,5,3472.07
54092,11602,3054,4,7863.71
54093,11602,3036,4,5720.11
54094,11603,3013,4,3936.12
54095,11603,3051,1,6245.66
54096,11603,3030,2,386.03
54097,11604,3052,2,9740.53
54098,11605,3059,3,1843.12
54099,11606,3022,4,6743.13
54100,11606,3057,1,1230.80
54101,11606,3062,1,995.28
54102,11607,3046,1,7701.62
54103,11607,3066,5,6193.16
54104,11607,3039,1,1521.84
54105,11608,3035,3,9738.45
54106,11609,3048,4,3325.11
54107,11610,3070,3,7205.13
54108,11610,3015,2,6900.82
54109,11611,3009,4,7350.17
54110,11611,3010,1,7776.78
54111,11611,3054,1,7863.71
54112,11611,3069,3,9192.17
54113,11612,3004,1,5297.49
54114,11612,3026,5,2782.42
54115,11612,3049,5,7944.07
54116,11612,3010,2,7776.78
54117,11613,3003,4,8310.63
54118,11613,3043,3,4586.50
54119,11613,3044,3,4804.81
54120,11613,3035,2,9738.45
54121,11614,3065,2,4583.45
54122,11614,3032,4,4321.01
54123,11614,3049,4,7944.07
54124,11614,3033,1,6200.52
54125,11615,3004,3,5297.49
54126,11615,3026,3,2782.42
54127,11615,3038,3,4757.40
54128,11616,3046,1,7701.62
54129,11616,3053,1,3472.07
54130,11616,3055,2,5489.82
54131,11617,3012,1,2130.35
54132,11618,3018,5,321.55
54133,11618,3020,4,2084.50
54134,11618,3064,5,7594.07
54135,11618,3029,4,5450.71
54136,11619,3017,2,1119.72
54137,11619,3013,4,3936.12
54138,11619,3057,5,1230.80
54139,11620,3069,1,9192.17
54140,11620,3048,5,3325.11
54141,11621,3058,3,3320.24
54142,11621,3003,1,8310.63
54143,11621,3025,5,2144.12
54144,11622,3053,3,3472.07
54145,11623,3070,1,7205.13
54146,11624,3025,4,2144.12
54147,11625,3003,5,8310.63
54148,11625,3031,3,1147.68
54149,11625,3036,5,5720.11
54150,11626,3025,1,2144.12
54151,11626,3061,1,3340.34
54152,11626,3060,4,788.12
54153,11627,3063,5,8882.89
54154,11627,3043,3,4586.50
54155,11628,3040,2,9136.33
54156,11629,3033,4,6200.52
54157,11629,3037,5,1061.90
54158,11629,3050,3,4067.08
54159,11630,3018,3,321.55
54160,11630,3011,4,8238.17
54161,11630,3061,2,3340.34
54162,11631,3044,1,4804.81
54163,11631,3022,1,6743.13
54164,11631,3065,4,4583.45
54165,11631,3001,1,2786.82
54166,11632,3027,5,5782.42
54167,11632,3035,3,9738.45
54168,11632,3040,3,9136.33
54169,11632,3060,5,788.12
54170,11633,3030,1,386.03
54171,11633,3041,4,7025.18
54172,11634,3030,4,386.03
54173,11634,3021,3,5368.53
54174,11635,3012,1,2130.35
54175,11635,3006,4,9141.20
54176,11635,3007,5,8009.35
54177,11635,3057,1,1230.80
54178,11636,3037,4,1061.90
54179,11636,3044,4,4804.81
54180,11637,3031,1,1147.68
54181,11638,3039,3,1521.84
54182,11638,3037,2,1061.90
54183,11638,3012,2,2130.35
54184,11639,3045,2,4665.29
54185,11639,3020,2,2084.50
54186,11639,3070,4,7205.13
54187,11640,3069,3,9192.17
54188,11640,3061,4,3340.34
54189,11641,3016,4,3398.57
54190,11641,3027,3,5782.42
54191,11641,3007,4,8009.35
54192,11641,3018,3,321.55
54193,11642,3061,5,3340.34
54194,11642,3013,5,3936.12
54195,11642,3011,2,8238.17
54196,11642,3044,1,4804.81
54197,11643,3005,1,3803.74
54198,11643,3067,4,2135.05
54199,11643,3036,5,5720.11
54200,11643,3010,1,7776.78
54201,11644,3054,1,7863.71
54202,11645,3039,4,1521.84
54203,11646,3033,1,6200.52
54204,11646,3049,5,7944.07
54205,11646,3011,5,8238.17
54206,11647,3008,3,1982.10
54207,11647,3059,3,1843.12
54208,11648,3039,2,1521.84
54209,11648,3063,5,8882.89
54210,11649,3024,4,9586.15
54211,11649,3031,3,1147.68
54212,11649,3064,5,7594.07
54213,11650,3059,5,1843.12
54214,11650,3001,5,2786.82
54215,11650,3008,1,1982.10
54216,11650,3061,2,3340.34
54217,11651,3032,1,4321.01
54218,11651,3023,2,1658.21
54219,11651,3043,1,4586.50
54220,11652,3021,2,5368.53
54221,11653,3062,4,995.28
54222,11653,3008,1,1982.10
54223,11653,3053,2,3472.07
54224,11653,3052,5,9740.53
54225,11654,3047,1,5127.70
54226,11654,3027,4,5782.42
54227,11654,3028,3,3181.64
54228,11654,3059,4,1843.12
54229,11655,3014,1,139.69
54230,11655,3001,2,2786.82
54231,11656,3002,2,8781.78
54232,11656,3003,4,8310.63
54233,11656,3058,5,3320.24
54234,11656,3006,1,9141.20
54235,11657,3056,4,6658.86
54236,11657,3029,1,5450.71
54237,11657,3022,5,6743.13
54238,11657,3005,5,3803.74
54239,11658,3035,3,9738.45
54240,11658,3065,5,4583.45
54241,11659,3056,3,6658.86
54242,11659,3063,5,8882.89
54243,11660,3053,4,3472.07
54244,11660,3023,3,1658.21
54245,11660,3045,3,4665.29
54246,11660,3008,3,1982.10
54247,11661,3041,4,7025.18
54248,11661,3057,4,1230.80
54249,11661,3018,3,321.55
54250,11661,3055,3,5489.82
54251,11662,3066,2,6193.16
54252,11663,3058,5,3320.24
54253,11664,3064,1,7594.07
54254,11664,3062,1,995.28
54255,11664,3045,2,4665.29
54256,11665,3043,1,4586.50
54257,11665,3017,2,1119.72
54258,11665,3020,4,2084.50
54259,11666,3051,1,6245.66
54260,11666,3029,2,5450.71
54261,11667,3050,3,4067.08
54262,11667,3033,2,6200.52
54263,11668,3057,1,1230.80
54264,11668,3029,5,5450.71
54265,11668,3031,1,1147.68
54266,11669,3034,3,8191.68
54267,11669,3006,1,9141.20
54268,11669,3049,4,7944.07
54269,11669,3030,5,386.03
54270,11670,3019,4,6423.62
54271,11670,3020,4,2084.50
54272,11670,3035,4,9738.45
54273,11671,3016,5,3398.57
54274,11671,3017,2,1119.72
54275,11671,3044,4,4804.81
54276,11672,3008,3,1982.10
54277,11673,3052,5,9740.53
54278,11673,3053,2,3472.07
54279,11674,3018,4,321.55
54280,11674,3064,2,7594.07
54281,11675,3034,2,8191.68
54282,11675,3017,5,1119.72
54283,11676,3052,2,9740.53
54284,11676,3021,4,5368.53
54285,11676,3067,2,2135.05
54286,11677,3064,2,7594.07
54287,11677,3023,3,1658.21
54288,11678,3014,2,139.69
54289,11678,3005,2,3803.74
54290,11679,3007,2,8009.35
54291,11679,3001,2,2786.82
54292,11679,3070,3,7205.13
54293,11679,3040,1,9136.33
54294,11680,3058,3,3320.24
54295,11680,3002,2,8781.78
54296,11681,3030,1,386.03
54297,11681,3026,5,2782.42
54298,11682,3069,3,9192.17
54299,11682,3036,4,5720.11
54300,11683,3017,3,1119.72
54301,11684,3002,4,8781.78
54302,11684,3035,1,9738.45
54303,11684,3060,5,788.12
54304,11684,3029,5,5450.71
54305,11685,3015,5,6900.82
54306,11685,3062,4,995.28
54307,11685,3054,5,7863.71
54308,11686,3050,3,4067.08
54309,11687,3046,2,7701.62
54310,11687,3040,1,9136.33
54311,11687,3039,3,1521.84
54312,11688,3070,4,7205.13
54313,11688,3029,3,5450.71
54314,11688,3060,1,788.12
54315,11688,3021,3,5368.53
54316,11689,3019,2,6423.62
54317,11689,3058,5,3320.24
54318,11690,3067,3,2135.05
54319,11690,3068,2,3066.38
54320,11690,3047,5,5127.70
54321,11690,3027,5,5782.42
54322,11691,3005,5,3803.74
54323,11691,3029,4,5450.71
54324,11692,3067,1,2135.05
54325,11692,3028,2,3181.64
54326,11692,3011,2,8238.17
54327,11692,3048,1,3325.11
54328,11693,3054,1,7863.71
54329,11693,3045,1,4665.29
54330,11693,3047,2,5127.70
54331,11694,3002,4,8781.78
54332,11694,3051,5,6245.66
54333,11694,3056,4,6658.86
54334,11695,3052,4,9740.53
54335,11696,3039,4,1521.84
54336,11696,3064,4,7594.07
54337,11697,3039,5,1521.84
54338,11698,3032,1,4321.01
54339,11698,3019,2,6423.62
54340,11698,3046,5,7701.62
54341,11698,3012,3,2130.35
54342,11699,3040,4,9136.33
54343,11699,3019,4,6423.62
54344,11700,3020,3,2084.50
54345,11700,3014,3,139.69
54346,11701,3031,5,1147.68
54347,11701,3057,4,1230.80
54348,11701,3038,2,4757.40
54349,11701,3027,5,5782.42
54350,11702,3044,2,4804.81
54351,11702,3037,5,1061.90
54352,11702,3001,5,2786.82
54353,11703,3042,3,7907.91
54354,11703,3037,4,1061.90
54355,11703,3054,3,7863.71
54356,11704,3010,1,7776.78
54357,11704,3061,5,3340.34
54358,11705,3028,1,3181.64
54359,11705,3005,1,3803.74
54360,11705,3007,2,8009.35
54361,11705,3020,4,2084.50
54362,11706,3049,2,7944.07
54363,11706,3029,3,5450.71
54364,11707,3060,2,788.12
54365,11707,3027,3,5782.42
54366,11707,3024,5,9586.15
54367,11707,3022,4,6743.13
54368,11708,3028,4,3181.64
54369,11708,3009,1,7350.17
54370,11708,3055,1,5489.82
54371,11709,3005,5,3803.74
54372,11710,3039,5,1521.84
54373,11711,3051,2,6245.66
54374,11711,3003,4,8310.63
54375,11711,3057,3,1230.80
54376,11711,3027,3,5782.42
54377,11712,3026,5,2782.42
54378,11712,3061,3,3340.34
54379,11712,3066,3,6193.16
54380,11712,3046,1,7701.62
54381,11713,3056,4,6658.86
54382,11713,3008,1,1982.10
54383,11713,3003,4,8310.63
54384,11713,3026,3,2782.42
54385,11714,3014,3,139.69
54386,11714,3002,4,8781.78
54387,11714,3037,2,1061.90
54388,11715,3054,3,7863.71
54389,11715,3056,4,6658.86
54390,11715,3039,2,1521.84
54391,11716,3070,5,7205.13
54392,11716,3057,1,1230.80
54393,11717,3017,3,1119.72
54394,11717,3065,4,4583.45
54395,11717,3004,4,5297.49
54396,11718,3012,5,2130.35
54397,11718,3025,3,2144.12
54398,11718,3057,4,1230.80
54399,11719,3012,2,2130.35
54400,11719,3068,4,3066.38
54401,11719,3070,3,7205.13
54402,11719,3065,2,4583.45
54403,11720,3046,5,7701.62
54404,11720,3006,3,9141.20
54405,11720,3052,5,9740.53
54406,11721,3065,4,4583.45
54407,11721,3006,2,9141.20
54408,11722,3008,1,1982.10
54409,11722,3020,5,2084.50
54410,11722,3031,5,1147.68
54411,11723,3036,2,5720.11
54412,11723,3051,3,6245.66
54413,11723,3022,2,6743.13
54414,11723,3034,3,8191.68
54415,11724,3068,2,3066.38
54416,11724,3052,1,9740.53
54417,11724,3043,2,4586.50
54418,11725,3046,4,7701.62
54419,11726,3031,5,1147.68
54420,11727,3009,1,7350.17
54421,11727,3001,2,2786.82
54422,11727,3067,3,2135.05
54423,11727,3070,3,7205.13
54424,11728,3038,3,4757.40
54425,11728,3049,5,7944.07
54426,11728,3055,1,5489.82
54427,11728,3001,2,2786.82
54428,11729,3052,4,9740.53
54429,11729,3034,4,8191.68
54430,11729,3057,5,1230.80
54431,11729,3036,1,5720.11
54432,11730,3055,1,5489.82
54433,11731,3023,3,1658.21
54434,11731,3015,1,6900.82
54435,11732,3052,3,9740.53
54436,11732,3041,5,7025.18
54437,11733,3065,1,4583.45
54438,11733,3009,3,7350.17
54439,11733,3006,5,9141.20
54440,11733,3039,5,1521.84
54441,11734,3028,2,3181.64
54442,11734,3048,5,3325.11
54443,11735,3052,5,9740.53
54444,11735,3001,3,2786.82
54445,11735,3013,3,3936.12
54446,11735,3029,1,5450.71
54447,11736,3022,5,6743.13
54448,11737,3062,1,995.28
54449,11737,3025,1,2144.12
54450,11737,3067,1,2135.05
54451,11738,3024,3,9586.15
54452,11739,3060,1,788.12
54453,11739,3013,3,3936.12
54454,11739,3070,5,7205.13
54455,11740,3050,1,4067.08
54456,11741,3015,3,6900.82
54457,11741,3025,1,2144.12
54458,11741,3052,3,9740.53
54459,11742,3016,5,3398.57
54460,11742,3013,4,3936.12
54461,11742,3029,5,5450.71
54462,11743,3011,1,8238.17
54463,11743,3065,4,4583.45
54464,11743,3056,1,6658.86
54465,11743,3064,5,7594.07
54466,11744,3040,5,9136.33
54467,11745,3027,5,5782.42
54468,11745,3021,3,5368.53
54469,11746,3063,1,8882.89
54470,11747,3011,2,8238.17
54471,11747,3020,1,2084.50
54472,11747,3029,2,5450.71
54473,11747,3027,3,5782.42
54474,11748,3021,5,5368.53
54475,11748,3018,3,321.55
54476,11748,3006,1,9141.20
54477,11749,3028,4,3181.64
54478,11750,3061,4,3340.34
54479,11751,3067,2,2135.05
54480,11751,3045,4,4665.29
54481,11751,3050,3,4067.08
54482,11752,3050,4,4067.08
54483,11753,3009,2,7350.17
54484,11754,3017,4,1119.72
54485,11754,3005,5,3803.74
54486,11754,3030,3,386.03
54487,11754,3008,1,1982.10
54488,11755,3041,1,7025.18
54489,11755,3063,1,8882.89
54490,11755,3012,5,2130.35
54491,11755,3022,4,6743.13
54492,11756,3009,5,7350.17
54493,11757,3016,2,3398.57
54494,11758,3029,1,5450.71
54495,11758,3026,2,2782.42
54496,11759,3046,5,7701.62
54497,11759,3066,2,6193.16
54498,11759,3064,1,7594.07
54499,11760,3020,3,2084.50
54500,11760,3029,5,5450.71
54501,11760,3015,4,6900.82
54502,11760,3037,5,1061.90
54503,11761,3003,5,8310.63
54504,11762,3014,3,139.69
54505,11762,3052,1,9740.53
54506,11762,3007,3,8009.35
54507,11762,3037,2,1061.90
54508,11763,3009,2,7350.17
54509,11764,3028,4,3181.64
54510,11765,3067,1,2135.05
54511,11766,3036,3,5720.11
54512,11766,3014,4,139.69
54513,11766,3002,1,8781.78
54514,11766,3033,5,6200.52
54515,11767,3064,1,7594.07
54516,11768,3005,4,3803.74
54517,11768,3031,5,1147.68
54518,11768,3035,3,9738.45
54519,11769,3036,4,5720.11
54520,11769,3046,1,7701.62
54521,11769,3004,5,5297.49
54522,11770,3065,2,4583.45
54523,11770,3005,4,3803.74
54524,11770,3053,3,3472.07
54525,11771,3051,5,6245.66
54526,11771,3056,5,6658.86
54527,11771,3029,3,5450.71
54528,11772,3063,3,8882.89
54529,11773,3036,3,5720.11
54530,11773,3011,2,8238.17
54531,11774,3038,5,4757.40
54532,11775,3059,2,1843.12
54533,11775,3057,3,1230.80
54534,11775,3056,2,6658.86
54535,11776,3059,5,1843.12
54536,11776,3052,1,9740.53
54537,11776,3050,5,4067.08
54538,11777,3025,4,2144.12
54539,11777,3006,3,9141.20
54540,11777,3013,4,3936.12
54541,11778,3068,1,3066.38
54542,11778,3052,4,9740.53
54543,11779,3049,5,7944.07
54544,11779,3067,1,2135.05
54545,11779,3041,2,7025.18
54546,11780,3017,1,1119.72
54547,11780,3058,4,3320.24
54548,11780,3050,4,4067.08
54549,11780,3011,2,8238.17
54550,11781,3056,5,6658.86
54551,11781,3002,5,8781.78
54552,11781,3025,2,2144.12
54553,11781,3040,3,9136.33
54554,11782,3053,4,3472.07
54555,11782,3062,3,995.28
54556,11782,3006,4,9141.20
54557,11782,3016,2,3398.57
54558,11783,3063,1,8882.89
54559,11783,3038,3,4757.40
54560,11783,3006,4,9141.20
54561,11783,3021,2,5368.53
54562,11784,3012,3,2130.35
54563,11784,3019,2,6423.62
54564,11785,3023,2,1658.21
54565,11785,3026,3,2782.42
54566,11785,3044,4,4804.81
54567,11786,3001,5,2786.82
54568,11787,3067,1,2135.05
54569,11787,3040,4,9136.33
54570,11787,3050,2,4067.08
54571,11788,3047,1,5127.70
54572,11789,3020,2,2084.50
54573,11789,3002,3,8781.78
54574,11789,3047,2,5127.70
54575,11790,3025,1,2144.12
54576,11791,3048,3,3325.11
54577,11791,3053,5,3472.07
54578,11791,3003,5,8310.63
54579,11792,3037,2,1061.90
54580,11792,3020,2,2084.50
54581,11793,3016,5,3398.57
54582,11793,3001,1,2786.82
54583,11794,3035,2,9738.45
54584,11794,3034,1,8191.68
54585,11795,3010,5,7776.78
54586,11795,3036,4,5720.11
54587,11795,3004,5,5297.49
54588,11796,3034,4,8191.68
54589,11796,3026,4,2782.42
54590,11797,3039,2,1521.84
54591,11797,3006,1,9141.20
54592,11798,3055,5,5489.82
54593,11799,3030,2,386.03
54594,11799,3012,4,2130.35
54595,11800,3065,1,4583.45
54596,11801,3006,5,9141.20
54597,11802,3020,3,2084.50
54598,11802,3040,4,9136.33
54599,11802,3021,5,5368.53
54600,11802,3053,5,3472.07
54601,11803,3028,4,3181.64
54602,11803,3043,4,4586.50
54603,11803,3047,3,5127.70
54604,11803,3065,3,4583.45
54605,11804,3054,3,7863.71
54606,11804,3028,5,3181.64
54607,11805,3026,2,2782.42
54608,11805,3064,3,7594.07
54609,11806,3038,3,4757.40
54610,11806,3024,2,9586.15
54611,11806,3017,3,1119.72
54612,11807,3009,4,7350.17
54613,11808,3004,1,5297.49
54614,11808,3043,2,4586.50
54615,11809,3044,5,4804.81
54616,11809,3047,5,5127.70
54617,11809,3030,2,386.03
54618,11810,3021,4,5368.53
54619,11810,3001,4,2786.82
54620,11810,3034,4,8191.68
54621,11810,3057,4,1230.80
54622,11811,3006,5,9141.20
54623,11811,3069,4,9192.17
54624,11811,3017,3,1119.72
54625,11811,3070,3,7205.13
54626,11812,3011,3,8238.17
54627,11812,3017,2,1119.72
54628,11812,3008,1,1982.10
54629,11812,3061,2,3340.34
54630,11813,3047,2,5127.70
54631,11813,3025,4,2144.12
54632,11813,3014,2,139.69
54633,11813,3048,1,3325.11
54634,11814,3062,3,995.28
54635,11815,3033,3,6200.52
54636,11816,3001,1,2786.82
54637,11816,3016,4,3398.57
54638,11817,3036,3,5720.11
54639,11818,3019,3,6423.62
54640,11818,3049,4,7944.07
54641,11818,3040,3,9136.33
54642,11819,3027,5,5782.42
54643,11819,3028,5,3181.64
54644,11819,3009,4,7350.17
54645,11820,3016,3,3398.57
54646,11821,3030,3,386.03
54647,11821,3032,5,4321.01
54648,11822,3022,1,6743.13
54649,11822,3056,1,6658.86
54650,11822,3060,1,788.12
54651,11822,3004,2,5297.49
54652,11823,3029,5,5450.71
54653,11823,3038,5,4757.40
54654,11823,3039,4,1521.84
54655,11824,3070,1,7205.13
54656,11824,3046,5,7701.62
54657,11824,3053,5,3472.07
54658,11825,3061,5,3340.34
54659,11826,3007,5,8009.35
54660,11826,3017,5,1119.72
54661,11826,3015,2,6900.82
54662,11826,3047,4,5127.70
54663,11827,3028,2,3181.64
54664,11827,3059,5,1843.12
54665,11827,3056,2,6658.86
54666,11828,3037,1,1061.90
54667,11828,3006,2,9141.20
54668,11828,3027,2,5782.42
54669,11828,3028,2,3181.64
54670,11829,3042,5,7907.91
54671,11829,3034,1,8191.68
54672,11830,3002,1,8781.78
54673,11830,3038,3,4757.40
54674,11830,3058,5,3320.24
54675,11830,3027,2,5782.42
54676,11831,3060,4,788.12
54677,11831,3040,3,9136.33
54678,11831,3059,1,1843.12
54679,11831,3061,4,3340.34
54680,11832,3029,4,5450.71
54681,11833,3053,1,3472.07
54682,11833,3046,4,7701.62
54683,11833,3052,4,9740.53
54684,11833,3002,2,8781.78
54685,11834,3020,2,2084.50
54686,11834,3016,5,3398.57
54687,11835,3016,5,3398.57
54688,11835,3028,4,3181.64
54689,11836,3062,4,995.28
54690,11836,3034,2,8191.68
54691,11837,3034,1,8191.68
54692,11837,3028,3,3181.64
54693,11837,3027,3,5782.42
54694,11837,3026,5,2782.42
54695,11838,3022,1,6743.13
54696,11838,3005,3,3803.74
54697,11838,3052,5,9740.53
54698,11838,3051,3,6245.66
54699,11839,3013,2,3936.12
54700,11839,3024,3,9586.15
54701,11840,3027,3,5782.42
54702,11840,3044,5,4804.81
54703,11840,3067,5,2135.05
54704,11841,3015,5,6900.82
54705,11842,3056,2,6658.86
54706,11842,3045,3,4665.29
54707,11842,3013,2,3936.12
54708,11843,3004,4,5297.49
54709,11844,3060,4,788.12
54710,11844,3012,1,2130.35
54711,11845,3029,5,5450.71
54712,11845,3049,1,7944.07
54713,11845,3033,1,6200.52
54714,11846,3044,5,4804.81
54715,11846,3045,3,4665.29
54716,11846,3047,2,5127.70
54717,11846,3048,1,3325.11
54718,11847,3064,1,7594.07
54719,11847,3026,2,2782.42
54720,11848,3025,2,2144.12
54721,11848,3051,4,6245.66
54722,11848,3044,4,4804.81
54723,11848,3064,4,7594.07
54724,11849,3067,3,2135.05
54725,11849,3064,5,7594.07
54726,11849,3061,2,3340.34
54727,11849,3063,3,8882.89
54728,11850,3010,4,7776.78
54729,11850,3027,3,5782.42
54730,11850,3040,5,9136.33
54731,11850,3012,1,2130.35
54732,11851,3029,3,5450.71
54733,11851,3004,2,5297.49
54734,11851,3070,4,7205.13
54735,11852,3017,4,1119.72
54736,11852,3025,4,2144.12
54737,11852,3026,1,2782.42
54738,11852,3002,3,8781.78
54739,11853,3005,1,3803.74
54740,11854,3011,2,8238.17
54741,11855,3043,3,4586.50
54742,11856,3040,3,9136.33
54743,11857,3026,3,2782.42
54744,11857,3053,4,3472.07
54745,11858,3010,5,7776.78
54746,11858,3034,5,8191.68
54747,11859,3012,1,2130.35
54748,11860,3013,5,3936.12
54749,11860,3050,1,4067.08
54750,11860,3033,3,6200.52
54751,11860,3059,5,1843.12
54752,11861,3044,4,4804.81
54753,11862,3068,4,3066.38
54754,11862,3004,4,5297.49
54755,11863,3060,2,788.12
54756,11863,3030,1,386.03
54757,11863,3050,5,4067.08
54758,11863,3058,4,3320.24
54759,11864,3006,2,9141.20
54760,11865,3059,4,1843.12
54761,11865,3024,3,9586.15
54762,11866,3023,3,1658.21
54763,11866,3008,5,1982.10
54764,11867,3057,5,1230.80
54765,11867,3021,4,5368.53
54766,11867,3035,1,9738.45
54767,11867,3047,3,5127.70
54768,11868,3057,4,1230.80
54769,11868,3026,4,2782.42
54770,11868,3021,1,5368.53
54771,11869,3015,3,6900.82
54772,11870,3013,2,3936.12
54773,11870,3060,2,788.12
54774,11870,3064,4,7594.07
54775,11871,3055,5,5489.82
54776,11872,3053,5,3472.07
54777,11872,3066,4,6193.16
54778,11872,3069,1,9192.17
54779,11873,3068,3,3066.38
54780,11874,3026,4,2782.42
54781,11874,3045,5,4665.29
54782,11874,3065,3,4583.45
54783,11874,3049,2,7944.07
54784,11875,3053,3,3472.07
54785,11875,3036,4,5720.11
54786,11876,3022,4,6743.13
54787,11877,3020,4,2084.50
54788,11877,3063,4,8882.89
54789,11878,3045,5,4665.29
54790,11878,3051,4,6245.66
54791,11878,3034,4,8191.68
54792,11878,3043,4,4586.50
54793,11879,3034,3,8191.68
54794,11879,3057,3,1230.80
54795,11879,3011,2,8238.17
54796,11880,3057,1,1230.80
54797,11880,3033,2,6200.52
54798,11880,3041,3,7025.18
54799,11881,3047,2,5127.70
54800,11882,3064,5,7594.07
54801,11882,3022,5,6743.13
54802,11882,3001,4,2786.82
54803,11882,3035,3,9738.45
54804,11883,3034,1,8191.68
54805,11883,3043,2,4586.50
54806,11884,3045,5,4665.29
54807,11884,3036,1,5720.11
54808,11884,3005,3,3803.74
54809,11884,3062,2,995.28
54810,11885,3026,3,2782.42
54811,11885,3069,4,9192.17
54812,11886,3024,2,9586.15
54813,11886,3016,4,3398.57
54814,11887,3039,1,1521.84
54815,11887,3068,4,3066.38
54816,11887,3006,2,9141.20
54817,11887,3036,4,5720.11
54818,11888,3008,1,1982.10
54819,11888,3036,3,5720.11
54820,11889,3050,2,4067.08
54821,11890,3033,3,6200.52
54822,11890,3004,1,5297.49
54823,11891,3019,4,6423.62
54824,11892,3067,4,2135.05
54825,11892,3030,5,386.03
54826,11892,3069,4,9192.17
54827,11893,3026,4,2782.42
54828,11893,3038,4,4757.40
54829,11894,3055,4,5489.82
54830,11894,3035,1,9738.45
54831,11894,3051,2,6245.66
54832,11895,3018,2,321.55
54833,11895,3063,5,8882.89
54834,11896,3034,1,8191.68
54835,11896,3015,5,6900.82
54836,11896,3043,3,4586.50
54837,11896,3019,1,6423.62
54838,11897,3012,1,2130.35
54839,11898,3063,1,8882.89
54840,11898,3056,4,6658.86
54841,11899,3042,1,7907.91
54842,11900,3039,4,1521.84
54843,11900,3067,5,2135.05
54844,11900,3034,4,8191.68
54845,11900,3060,2,788.12
54846,11901,3031,4,1147.68
54847,11901,3003,1,8310.63
54848,11902,3033,4,6200.52
54849,11902,3028,3,3181.64
54850,11902,3042,3,7907.91
54851,11903,3068,3,3066.38
54852,11903,3027,2,5782.42
54853,11903,3044,4,4804.81
54854,11903,3003,1,8310.63
54855,11904,3060,4,788.12
54856,11904,3004,5,5297.49
54857,11905,3043,4,4586.50
54858,11905,3056,1,6658.86
54859,11905,3061,5,3340.34
54860,11905,3008,1,1982.10
54861,11906,3024,4,9586.15
54862,11906,3031,1,1147.68
54863,11907,3015,2,6900.82
54864,11907,3017,4,1119.72
54865,11908,3033,1,6200.52
54866,11908,3047,2,5127.70
54867,11908,3067,2,2135.05
54868,11908,3039,4,1521.84
54869,11909,3065,5,4583.45
54870,11909,3058,1,3320.24
54871,11909,3002,4,8781.78
54872,11909,3043,5,4586.50
54873,11910,3006,4,9141.20
54874,11911,3016,3,3398.57
54875,11911,3004,1,5297.49
54876,11911,3055,4,5489.82
54877,11912,3059,5,1843.12
54878,11913,3069,4,9192.17
54879,11913,3039,5,1521.84
54880,11914,3066,2,6193.16
54881,11914,3026,3,2782.42
54882,11914,3002,5,8781.78
54883,11915,3060,3,788.12
54884,11915,3028,3,3181.64
54885,11915,3056,1,6658.86
54886,11916,3034,2,8191.68
54887,11916,3017,5,1119.72
54888,11916,3062,1,995.28
54889,11917,3025,1,2144.12
54890,11918,3065,2,4583.45
54891,11918,3032,1,4321.01
54892,11918,3050,4,4067.08
54893,11918,3033,4,6200.52
54894,11919,3065,3,4583.45
54895,11919,3035,1,9738.45
54896,11919,3034,5,8191.68
54897,11920,3028,2,3181.64
54898,11920,3004,1,5297.49
54899,11920,3026,4,2782.42
54900,11921,3056,2,6658.86
54901,11921,3001,4,2786.82
54902,11921,3044,5,4804.81
54903,11922,3016,3,3398.57
54904,11923,3027,2,5782.42
54905,11923,3005,5,3803.74
54906,11924,3049,5,7944.07
54907,11924,3026,2,2782.42
54908,11924,3029,2,5450.71
54909,11924,3003,3,8310.63
54910,11925,3046,1,7701.62
54911,11925,3034,4,8191.68
54912,11925,3001,5,2786.82
54913,11925,3032,5,4321.01
54914,11926,3046,3,7701.62
54915,11927,3024,4,9586.15
54916,11928,3021,1,5368.53
54917,11928,3004,2,5297.49
54918,11929,3028,1,3181.64
54919,11929,3012,1,2130.35
54920,11929,3042,3,7907.91
54921,11930,3026,5,2782.42
54922,11930,3011,2,8238.17
54923,11931,3050,5,4067.08
54924,11932,3008,5,1982.10
54925,11932,3039,1,1521.84
54926,11933,3031,1,1147.68
54927,11934,3039,4,1521.84
54928,11934,3068,2,3066.38
54929,11934,3037,5,1061.90
54930,11935,3057,2,1230.80
54931,11935,3063,5,8882.89
54932,11935,3058,5,3320.24
54933,11936,3035,3,9738.45
54934,11936,3043,2,4586.50
54935,11937,3048,1,3325.11
54936,11938,3063,2,8882.89
54937,11938,3019,5,6423.62
54938,11939,3056,2,6658.86
54939,11939,3036,5,5720.11
54940,11940,3013,2,3936.12
54941,11940,3065,3,4583.45
54942,11940,3044,3,4804.81
54943,11941,3054,3,7863.71
54944,11941,3068,5,3066.38
54945,11941,3011,1,8238.17
54946,11941,3044,2,4804.81
54947,11942,3066,1,6193.16
54948,11943,3043,4,4586.50
54949,11943,3039,4,1521.84
54950,11943,3034,1,8191.68
54951,11943,3065,3,4583.45
54952,11944,3038,5,4757.40
54953,11945,3015,5,6900.82
54954,11945,3042,5,7907.91
54955,11945,3004,2,5297.49
54956,11946,3037,1,1061.90
54957,11946,3053,2,3472.07
54958,11946,3038,3,4757.40
54959,11947,3057,4,1230.80
54960,11948,3045,3,4665.29
54961,11948,3046,3,7701.62
54962,11948,3027,5,5782.42
54963,11949,3008,5,1982.10
54964,11950,3020,4,2084.50
54965,11950,3058,3,3320.24
54966,11951,3058,3,3320.24
54967,11951,3064,5,7594.07
54968,11951,3035,2,9738.45
54969,11952,3037,2,1061.90
54970,11952,3016,5,3398.57
54971,11952,3017,4,1119.72
54972,11953,3037,4,1061.90
54973,11953,3032,5,4321.01
54974,11954,3005,3,3803.74
54975,11954,3003,3,8310.63
54976,11954,3064,3,7594.07
54977,11954,3008,5,1982.10
54978,11955,3040,3,9136.33
54979,11955,3054,1,7863.71
54980,11955,3060,4,788.12
54981,11956,3017,4,1119.72
54982,11956,3026,1,2782.42
54983,11956,3044,2,4804.81
54984,11956,3054,3,7863.71
54985,11957,3029,2,5450.71
54986,11957,3044,4,4804.81
54987,11957,3004,4,5297.49
54988,11958,3034,1,8191.68
54989,11958,3003,2,8310.63
54990,11958,3049,2,7944.07
54991,11958,3039,4,1521.84
54992,11959,3062,3,995.28
54993,11959,3051,2,6245.66
54994,11960,3037,3,1061.90
54995,11961,3026,3,2782.42
54996,11962,3064,1,7594.07
54997,11963,3044,3,4804.81
54998,11964,3044,3,4804.81
54999,11964,3031,3,1147.68
55000,11964,3038,5,4757.40
55001,11965,3047,1,5127.70
55002,11965,3056,4,6658.86
55003,11965,3024,5,9586.15
55004,11966,3027,4,5782.42
55005,11966,3048,4,3325.11
55006,11967,3066,3,6193.16
55007,11967,3007,5,8009.35
55008,11967,3046,1,7701.62
55009,11967,3001,1,2786.82
55010,11968,3007,4,8009.35
55011,11968,3038,1,4757.40
55012,11968,3026,3,2782.42
55013,11968,3011,3,8238.17
55014,11969,3042,5,7907.91
55015,11969,3021,2,5368.53
55016,11969,3012,2,2130.35
55017,11969,3059,4,1843.12
55018,11970,3006,1,9141.20
55019,11970,3032,5,4321.01
55020,11970,3009,5,7350.17
55021,11970,3054,5,7863.71
55022,11971,3004,3,5297.49
55023,11971,3012,3,2130.35
55024,11971,3005,5,3803.74
55025,11972,3011,1,8238.17
55026,11972,3012,3,2130.35
55027,11973,3023,2,1658.21
55028,11973,3006,4,9141.20
55029,11974,3007,2,8009.35
55030,11974,3005,2,3803.74
55031,11974,3025,5,2144.12
55032,11975,3032,1,4321.01
55033,11975,3064,2,7594.07
55034,11975,3006,5,9141.20
55035,11975,3024,5,9586.15
55036,11976,3067,5,2135.05
55037,11976,3022,2,6743.13
55038,11976,3009,5,7350.17
55039,11976,3069,3,9192.17
55040,11977,3058,4,3320.24
55041,11977,3067,4,2135.05
55042,11977,3013,4,3936.12
55043,11978,3032,5,4321.01
55044,11978,3035,2,9738.45
55045,11978,3018,3,321.55
55046,11978,3002,5,8781.78
55047,11979,3024,3,9586.15
55048,11980,3052,3,9740.53
55049,11980,3056,4,6658.86
55050,11981,3020,3,2084.50
55051,11981,3053,1,3472.07
55052,11981,3040,3,9136.33
55053,11982,3025,4,2144.12
55054,11982,3022,2,6743.13
55055,11982,3064,4,7594.07
55056,11982,3056,5,6658.86
55057,11983,3067,4,2135.05
55058,11983,3012,3,2130.35
55059,11983,3061,3,3340.34
55060,11984,3040,5,9136.33
55061,11984,3050,4,4067.08
55062,11985,3040,3,9136.33
55063,11986,3028,3,3181.64
55064,11986,3043,3,4586.50
55065,11986,3032,4,4321.01
55066,11986,3012,4,2130.35
55067,11987,3019,1,6423.62
55068,11987,3026,2,2782.42
55069,11987,3036,4,5720.11
55070,11988,3049,3,7944.07
55071,11989,3050,1,4067.08
55072,11989,3054,5,7863.71
55073,11989,3067,2,2135.05
55074,11989,3009,2,7350.17
55075,11990,3032,3,4321.01
55076,11990,3018,4,321.55
55077,11991,3018,4,321.55
55078,11991,3024,2,9586.15
55079,11991,3007,2,8009.35
55080,11991,3029,4,5450.71
55081,11992,3007,2,8009.35
55082,11992,3050,5,4067.08
55083,11992,3009,4,7350.17
55084,11993,3039,5,1521.84
55085,11993,3067,2,2135.05
55086,11993,3042,1,7907.91
55087,11993,3064,3,7594.07
55088,11994,3042,4,7907.91
55089,11994,3050,3,4067.08
55090,11994,3058,4,3320.24
55091,11995,3001,1,2786.82
55092,11995,3007,2,8009.35
55093,11995,3046,4,7701.62
55094,11995,3044,4,4804.81
55095,11996,3034,2,8191.68
55096,11996,3033,2,6200.52
55097,11996,3028,4,3181.64
55098,11996,3054,1,7863.71
55099,11997,3053,4,3472.07
55100,11997,3014,3,139.69
55101,11997,3033,2,6200.52
55102,11998,3033,1,6200.52
55103,11998,3023,3,1658.21
55104,11998,3006,2,9141.20
55105,11999,3066,4,6193.16
55106,12000,3033,2,6200.52
55107,12000,3059,1,1843.12
55108,12000,3013,2,3936.12
55109,12000,3048,3,3325.11
55110,12001,3012,5,2130.35
55111,12002,3003,3,8310.63
55112,12002,3044,1,4804.81
55113,12002,3053,2,3472.07
55114,12003,3041,5,7025.18
55115,12003,3007,1,8009.35
55116,12004,3025,4,2144.12
55117,12004,3024,4,9586.15
55118,12004,3065,4,4583.45
55119,12005,3024,5,9586.15
55120,12005,3063,1,8882.89
55121,12006,3017,1,1119.72
55122,12006,3027,4,5782.42
55123,12006,3013,1,3936.12
55124,12007,3063,1,8882.89
55125,12008,3047,2,5127.70
55126,12009,3011,3,8238.17
55127,12009,3068,3,3066.38
55128,12010,3038,3,4757.40
55129,12010,3053,2,3472.07
55130,12010,3047,4,5127.70
55131,12010,3003,1,8310.63
55132,12011,3045,1,4665.29
55133,12011,3055,1,5489.82
55134,12012,3028,2,3181.64
55135,12012,3041,1,7025.18
55136,12012,3065,3,4583.45
55137,12013,3062,4,995.28
55138,12014,3016,4,3398.57
55139,12014,3029,1,5450.71
55140,12014,3006,1,9141.20
55141,12015,3018,4,321.55
55142,12015,3014,5,139.69
55143,12016,3037,1,1061.90
55144,12016,3044,3,4804.81
55145,12016,3026,4,2782.42
55146,12016,3059,2,1843.12
55147,12017,3006,2,9141.20
55148,12017,3037,1,1061.90
55149,12018,3057,2,1230.80
55150,12018,3037,1,1061.90
55151,12019,3053,4,3472.07
55152,12019,3055,3,5489.82
55153,12020,3006,4,9141.20
55154,12020,3023,1,1658.21
55155,12020,3029,4,5450.71
55156,12020,3026,3,2782.42
55157,12021,3066,2,6193.16
55158,12021,3003,3,8310.63
55159,12021,3054,4,7863.71
55160,12022,3043,4,4586.50
55161,12022,3044,4,4804.81
55162,12022,3020,2,2084.50
55163,12023,3031,4,1147.68
55164,12024,3008,1,1982.10
55165,12024,3019,1,6423.62
55166,12024,3059,1,1843.12
55167,12024,3041,3,7025.18
55168,12025,3063,3,8882.89
55169,12025,3006,4,9141.20
55170,12025,3055,1,5489.82
55171,12025,3001,1,2786.82
55172,12026,3011,1,8238.17
55173,12026,3067,4,2135.05
55174,12027,3026,2,2782.42
55175,12027,3024,5,9586.15
55176,12027,3031,2,1147.68
55177,12027,3047,2,5127.70
55178,12028,3048,3,3325.11
55179,12029,3041,3,7025.18
55180,12029,3011,4,8238.17
55181,12029,3054,1,7863.71
55182,12030,3038,5,4757.40
55183,12030,3025,2,2144.12
55184,12030,3019,1,6423.62
55185,12030,3014,2,139.69
55186,12031,3023,4,1658.21
55187,12031,3051,5,6245.66
55188,12031,3034,3,8191.68
55189,12032,3015,1,6900.82
55190,12032,3004,3,5297.49
55191,12032,3019,1,6423.62
55192,12033,3042,3,7907.91
55193,12034,3041,1,7025.18
55194,12035,3029,2,5450.71
55195,12036,3051,2,6245.66
55196,12036,3047,4,5127.70
55197,12036,3032,2,4321.01
55198,12037,3001,4,2786.82
55199,12037,3041,3,7025.18
55200,12038,3025,1,2144.12
55201,12038,3060,5,788.12
55202,12038,3007,5,8009.35
55203,12039,3016,2,3398.57
55204,12039,3052,4,9740.53
55205,12039,3034,4,8191.68
55206,12040,3019,1,6423.62
55207,12041,3002,1,8781.78
55208,12041,3035,2,9738.45
55209,12041,3057,3,1230.80
55210,12041,3008,5,1982.10
55211,12042,3029,5,5450.71
55212,12042,3028,4,3181.64
55213,12043,3058,5,3320.24
55214,12044,3049,4,7944.07
55215,12044,3068,4,3066.38
55216,12044,3014,5,139.69
55217,12045,3048,4,3325.11
55218,12045,3005,2,3803.74
55219,12045,3046,5,7701.62
55220,12045,3013,2,3936.12
55221,12046,3009,1,7350.17
55222,12047,3047,5,5127.70
55223,12047,3011,5,8238.17
55224,12047,3049,2,7944.07
55225,12048,3010,5,7776.78
55226,12048,3063,2,8882.89
55227,12049,3037,5,1061.90
55228,12049,3064,3,7594.07
55229,12049,3004,3,5297.49
55230,12049,3067,1,2135.05
55231,12050,3045,3,4665.29
55232,12050,3038,5,4757.40
55233,12050,3046,2,7701.62
55234,12050,3020,3,2084.50
55235,12051,3003,1,8310.63
55236,12051,3064,5,7594.07
55237,12051,3049,3,7944.07
55238,12051,3048,4,3325.11
55239,12052,3002,5,8781.78
55240,12052,3061,3,3340.34
55241,12053,3019,5,6423.62
55242,12053,3024,2,9586.15
55243,12053,3058,4,3320.24
55244,12053,3015,1,6900.82
55245,12054,3050,1,4067.08
55246,12054,3009,5,7350.17
55247,12055,3066,5,6193.16
55248,12055,3003,2,8310.63
55249,12055,3016,4,3398.57
55250,12055,3004,1,5297.49
55251,12056,3036,5,5720.11
55252,12057,3009,4,7350.17
55253,12058,3007,2,8009.35
55254,12059,3064,2,7594.07
55255,12059,3052,5,9740.53
55256,12060,3045,5,4665.29
55257,12061,3060,1,788.12
55258,12061,3063,3,8882.89
55259,12061,3064,5,7594.07
55260,12061,3007,4,8009.35
55261,12062,3050,2,4067.08
55262,12062,3065,1,4583.45
55263,12063,3043,4,4586.50
55264,12064,3040,4,9136.33
55265,12064,3056,2,6658.86
55266,12064,3004,3,5297.49
55267,12064,3063,5,8882.89
55268,12065,3050,2,4067.08
55269,12065,3015,1,6900.82
55270,12065,3022,3,6743.13
55271,12066,3027,3,5782.42
55272,12067,3031,5,1147.68
55273,12067,3059,2,1843.12
55274,12067,3037,3,1061.90
55275,12067,3068,1,3066.38
55276,12068,3064,3,7594.07
55277,12069,3055,4,5489.82
55278,12070,3068,2,3066.38
55279,12070,3054,3,7863.71
55280,12070,3061,5,3340.34
55281,12071,3017,1,1119.72
55282,12072,3064,3,7594.07
55283,12072,3034,4,8191.68
55284,12072,3066,4,6193.16
55285,12072,3058,5,3320.24
55286,12073,3048,5,3325.11
55287,12073,3043,3,4586.50
55288,12074,3069,3,9192.17
55289,12074,3031,4,1147.68
55290,12075,3016,1,3398.57
55291,12075,3023,1,1658.21
55292,12075,3045,5,4665.29
55293,12075,3019,2,6423.62
55294,12076,3049,3,7944.07
55295,12077,3016,1,3398.57
55296,12077,3020,5,2084.50
55297,12077,3049,1,7944.07
55298,12077,3063,5,8882.89
55299,12078,3025,1,2144.12
55300,12078,3027,2,5782.42
55301,12078,3048,1,3325.11
55302,12078,3031,2,1147.68
55303,12079,3028,5,3181.64
55304,12079,3006,2,9141.20
55305,12079,3042,5,7907.91
55306,12079,3051,4,6245.66
55307,12080,3030,3,386.03
55308,12080,3031,2,1147.68
55309,12080,3043,4,4586.50
55310,12081,3007,5,8009.35
55311,12081,3018,3,321.55
55312,12082,3033,1,6200.52
55313,12082,3062,2,995.28
55314,12082,3065,5,4583.45
55315,12082,3016,2,3398.57
55316,12083,3026,4,2782.42
55317,12083,3038,2,4757.40
55318,12083,3048,5,3325.11
55319,12083,3016,2,3398.57
55320,12084,3018,1,321.55
55321,12084,3029,4,5450.71
55322,12085,3066,2,6193.16
55323,12085,3056,5,6658.86
55324,12085,3043,3,4586.50
55325,12085,3002,4,8781.78
55326,12086,3008,4,1982.10
55327,12086,3041,4,7025.18
55328,12086,3042,4,7907.91
55329,12087,3059,3,1843.12
55330,12088,3010,3,7776.78
55331,12088,3017,2,1119.72
55332,12089,3041,2,7025.18
55333,12089,3027,5,5782.42
55334,12089,3045,1,4665.29
55335,12090,3043,4,4586.50
55336,12091,3005,2,3803.74
55337,12091,3019,1,6423.62
55338,12091,3059,5,1843.12
55339,12092,3066,4,6193.16
55340,12092,3005,5,3803.74
55341,12092,3025,3,2144.12
55342,12093,3046,2,7701.62
55343,12093,3054,2,7863.71
55344,12093,3024,5,9586.15
55345,12093,3033,1,6200.52
55346,12094,3069,5,9192.17
55347,12094,3049,5,7944.07
55348,12094,3059,3,1843.12
55349,12094,3001,3,2786.82
55350,12095,3052,5,9740.53
55351,12096,3030,1,386.03
55352,12096,3035,1,9738.45
55353,12096,3014,1,139.69
55354,12097,3019,3,6423.62
55355,12097,3063,5,8882.89
55356,12097,3061,2,3340.34
55357,12098,3036,1,5720.11
55358,12098,3020,1,2084.50
55359,12098,3015,5,6900.82
55360,12099,3065,5,4583.45
55361,12100,3015,3,6900.82
55362,12100,3028,4,3181.64
55363,12100,3020,3,2084.50
55364,12100,3032,2,4321.01
55365,12101,3065,1,4583.45
55366,12101,3010,3,7776.78
55367,12101,3013,4,3936.12
55368,12102,3025,3,2144.12
55369,12103,3048,4,3325.11
55370,12103,3051,3,6245.66
55371,12103,3007,2,8009.35
55372,12103,3012,4,2130.35
55373,12104,3039,3,1521.84
55374,12104,3043,3,4586.50
55375,12105,3021,2,5368.53
55376,12105,3001,3,2786.82
55377,12105,3023,3,1658.21
55378,12105,3016,4,3398.57
55379,12106,3019,5,6423.62
55380,12106,3032,3,4321.01
55381,12107,3063,1,8882.89
55382,12108,3032,4,4321.01
55383,12108,3038,4,4757.40
55384,12108,3030,1,386.03
55385,12108,3036,5,5720.11
55386,12109,3034,1,8191.68
55387,12109,3061,4,3340.34
55388,12109,3007,1,8009.35
55389,12110,3068,1,3066.38
55390,12110,3010,4,7776.78
55391,12111,3014,3,139.69
55392,12111,3051,2,6245.66
55393,12111,3025,1,2144.12
55394,12112,3011,2,8238.17
55395,12112,3023,2,1658.21
55396,12112,3001,3,2786.82
55397,12113,3063,3,8882.89
55398,12114,3009,5,7350.17
55399,12114,3050,3,4067.08
55400,12114,3066,4,6193.16
55401,12114,3006,3,9141.20
55402,12115,3068,3,3066.38
55403,12116,3016,2,3398.57
55404,12116,3025,4,2144.12
55405,12116,3028,4,3181.64
55406,12117,3002,3,8781.78
55407,12117,3018,5,321.55
55408,12117,3067,1,2135.05
55409,12118,3056,4,6658.86
55410,12118,3041,5,7025.18
55411,12118,3015,1,6900.82
55412,12119,3061,3,3340.34
55413,12119,3022,2,6743.13
55414,12119,3008,3,1982.10
55415,12120,3022,5,6743.13
55416,12120,3011,1,8238.17
55417,12121,3037,2,1061.90
55418,12122,3065,1,4583.45
55419,12122,3015,3,6900.82
55420,12122,3038,1,4757.40
55421,12123,3028,5,3181.64
55422,12124,3051,3,6245.66
55423,12124,3025,2,2144.12
55424,12124,3016,4,3398.57
55425,12125,3020,2,2084.50
55426,12125,3001,1,2786.82
55427,12125,3016,1,3398.57
55428,12126,3039,5,1521.84
55429,12126,3006,5,9141.20
55430,12126,3020,3,2084.50
55431,12126,3007,3,8009.35
55432,12127,3065,4,4583.45
55433,12127,3066,3,6193.16
55434,12127,3067,5,2135.05
55435,12127,3051,3,6245.66
55436,12128,3070,2,7205.13
55437,12129,3024,4,9586.15
55438,12129,3016,3,3398.57
55439,12129,3032,5,4321.01
55440,12129,3050,1,4067.08
55441,12130,3040,2,9136.33
55442,12130,3035,2,9738.45
55443,12130,3016,1,3398.57
55444,12130,3041,5,7025.18
55445,12131,3013,1,3936.12
55446,12132,3008,3,1982.10
55447,12132,3067,2,2135.05
55448,12133,3014,4,139.69
55449,12133,3046,5,7701.62
55450,12134,3031,2,1147.68
55451,12134,3038,5,4757.40
55452,12135,3002,3,8781.78
55453,12135,3017,4,1119.72
55454,12135,3019,2,6423.62
55455,12136,3062,1,995.28
55456,12136,3011,2,8238.17
55457,12136,3032,3,4321.01
55458,12136,3021,2,5368.53
55459,12137,3021,4,5368.53
55460,12137,3031,4,1147.68
55461,12137,3069,1,9192.17
55462,12138,3061,2,3340.34
55463,12138,3050,5,4067.08
55464,12138,3004,2,5297.49
55465,12138,3040,5,9136.33
55466,12139,3055,1,5489.82
55467,12139,3051,5,6245.66
55468,12139,3061,4,3340.34
55469,12139,3039,4,1521.84
55470,12140,3010,4,7776.78
55471,12140,3006,3,9141.20
55472,12141,3038,1,4757.40
55473,12141,3007,2,8009.35
55474,12142,3005,1,3803.74
55475,12142,3048,1,3325.11
55476,12143,3019,3,6423.62
55477,12143,3037,3,1061.90
55478,12143,3060,2,788.12
55479,12143,3018,4,321.55
55480,12144,3038,5,4757.40
55481,12144,3009,5,7350.17
55482,12144,3056,2,6658.86
55483,12145,3063,2,8882.89
55484,12145,3056,5,6658.86
55485,12146,3024,5,9586.15
55486,12146,3029,2,5450.71
55487,12146,3014,5,139.69
55488,12147,3049,2,7944.07
55489,12147,3025,4,2144.12
55490,12148,3067,3,2135.05
55491,12148,3003,2,8310.63
55492,12148,3062,2,995.28
55493,12148,3006,3,9141.20
55494,12149,3030,5,386.03
55495,12149,3011,2,8238.17
55496,12149,3067,1,2135.05
55497,12149,3048,1,3325.11
55498,12150,3024,2,9586.15
55499,12150,3011,3,8238.17
55500,12150,3025,4,2144.12
55501,12150,3041,1,7025.18
55502,12151,3001,4,2786.82
55503,12151,3061,3,3340.34
55504,12151,3064,1,7594.07
55505,12152,3037,3,1061.90
55506,12152,3052,4,9740.53
55507,12152,3026,4,2782.42
55508,12153,3054,5,7863.71
55509,12153,3017,1,1119.72
55510,12153,3010,3,7776.78
55511,12153,3031,5,1147.68
55512,12154,3010,3,7776.78
55513,12154,3033,3,6200.52
55514,12154,3036,2,5720.11
55515,12155,3048,3,3325.11
55516,12155,3043,1,4586.50
55517,12156,3025,3,2144.12
55518,12156,3005,5,3803.74
55519,12157,3045,3,4665.29
55520,12158,3053,2,3472.07
55521,12159,3015,5,6900.82
55522,12159,3013,4,3936.12
55523,12159,3004,4,5297.49
55524,12160,3044,4,4804.81
55525,12160,3014,2,139.69
55526,12160,3030,4,386.03
55527,12161,3002,3,8781.78
55528,12161,3043,1,4586.50
55529,12161,3004,4,5297.49
55530,12162,3064,2,7594.07
55531,12162,3019,2,6423.62
55532,12163,3018,5,321.55
55533,12163,3054,4,7863.71
55534,12163,3063,1,8882.89
55535,12164,3023,5,1658.21
55536,12164,3028,1,3181.64
55537,12165,3067,4,2135.05
55538,12165,3011,1,8238.17
55539,12166,3046,4,7701.62
55540,12166,3040,3,9136.33
55541,12167,3016,2,3398.57
55542,12167,3010,4,7776.78
55543,12168,3055,2,5489.82
55544,12168,3032,1,4321.01
55545,12168,3064,1,7594.07
55546,12169,3027,1,5782.42
55547,12169,3031,5,1147.68
55548,12169,3014,5,139.69
55549,12170,3021,3,5368.53
55550,12170,3031,5,1147.68
55551,12170,3007,3,8009.35
55552,12170,3056,1,6658.86
55553,12171,3031,5,1147.68
55554,12172,3066,1,6193.16
55555,12173,3054,5,7863.71
55556,12173,3039,3,1521.84
55557,12174,3005,1,3803.74
55558,12175,3009,2,7350.17
55559,12175,3065,3,4583.45
55560,12176,3033,1,6200.52
55561,12177,3058,1,3320.24
55562,12178,3067,4,2135.05
55563,12178,3034,1,8191.68
55564,12179,3061,2,3340.34
55565,12179,3069,1,9192.17
55566,12179,3058,3,3320.24
55567,12179,3025,5,2144.12
55568,12180,3002,3,8781.78
55569,12180,3027,2,5782.42
55570,12180,3017,3,1119.72
55571,12180,3003,4,8310.63
55572,12181,3028,3,3181.64
55573,12181,3027,2,5782.42
55574,12181,3040,1,9136.33
55575,12182,3053,3,3472.07
55576,12183,3006,1,9141.20
55577,12184,3051,1,6245.66
55578,12184,3001,3,2786.82
55579,12184,3009,1,7350.17
55580,12185,3016,3,3398.57
55581,12185,3031,3,1147.68
55582,12186,3059,1,1843.12
55583,12186,3039,4,1521.84
55584,12186,3018,2,321.55
55585,12187,3030,4,386.03
55586,12187,3046,4,7701.62
55587,12188,3011,4,8238.17
55588,12188,3063,1,8882.89
55589,12189,3059,4,1843.12
55590,12189,3063,3,8882.89
55591,12189,3055,1,5489.82
55592,12189,3061,2,3340.34
55593,12190,3060,5,788.12
55594,12190,3010,5,7776.78
55595,12190,3017,1,1119.72
55596,12190,3028,5,3181.64
55597,12191,3059,1,1843.12
55598,12191,3021,3,5368.53
55599,12192,3029,1,5450.71
55600,12192,3005,5,3803.74
55601,12192,3036,3,5720.11
55602,12192,3047,3,5127.70
55603,12193,3065,1,4583.45
55604,12193,3053,4,3472.07
55605,12193,3066,2,6193.16
55606,12194,3015,4,6900.82
55607,12194,3069,5,9192.17
55608,12194,3004,4,5297.49
55609,12195,3006,3,9141.20
55610,12195,3032,4,4321.01
55611,12195,3014,3,139.69
55612,12196,3025,3,2144.12
55613,12196,3014,2,139.69
55614,12196,3070,4,7205.13
55615,12197,3005,3,3803.74
55616,12197,3047,3,5127.70
55617,12198,3031,4,1147.68
55618,12198,3024,1,9586.15
55619,12199,3033,2,6200.52
55620,12199,3004,5,5297.49
55621,12199,3053,3,3472.07
55622,12200,3059,4,1843.12
55623,12200,3002,1,8781.78
55624,12200,3018,3,321.55
55625,12200,3007,2,8009.35
55626,12201,3036,3,5720.11
55627,12201,3024,3,9586.15
55628,12201,3008,3,1982.10
55629,12201,3045,2,4665.29
55630,12202,3035,4,9738.45
55631,12202,3037,5,1061.90
55632,12202,3005,5,3803.74
55633,12203,3059,5,1843.12
55634,12203,3060,5,788.12
55635,12203,3065,2,4583.45
55636,12203,3068,2,3066.38
55637,12204,3005,1,3803.74
55638,12205,3018,5,321.55
55639,12205,3002,3,8781.78
55640,12205,3036,4,5720.11
55641,12205,3003,1,8310.63
55642,12206,3023,3,1658.21
55643,12207,3014,5,139.69
55644,12207,3057,1,1230.80
55645,12207,3047,3,5127.70
55646,12207,3063,1,8882.89
55647,12208,3040,5,9136.33
55648,12209,3053,4,3472.07
55649,12209,3062,3,995.28
55650,12209,3011,3,8238.17
55651,12209,3067,2,2135.05
55652,12210,3017,1,1119.72
55653,12210,3038,3,4757.40
55654,12210,3039,5,1521.84
55655,12210,3064,5,7594.07
55656,12211,3061,1,3340.34
55657,12211,3011,5,8238.17
55658,12211,3015,4,6900.82
55659,12211,3003,4,8310.63
55660,12212,3030,2,386.03
55661,12213,3042,1,7907.91
55662,12213,3060,3,788.12
55663,12214,3029,2,5450.71
55664,12214,3004,2,5297.49
55665,12214,3060,3,788.12
55666,12215,3055,5,5489.82
55667,12215,3068,1,3066.38
55668,12215,3062,2,995.28
55669,12215,3033,1,6200.52
55670,12216,3030,4,386.03
55671,12216,3066,4,6193.16
55672,12216,3013,5,3936.12
55673,12217,3034,5,8191.68
55674,12217,3052,2,9740.53
55675,12218,3060,5,788.12
55676,12218,3003,1,8310.63
55677,12218,3037,1,1061.90
55678,12219,3008,5,1982.10
55679,12219,3012,4,2130.35
55680,12220,3032,3,4321.01
55681,12220,3018,3,321.55
55682,12220,3011,4,8238.17
55683,12221,3013,2,3936.12
55684,12221,3066,4,6193.16
55685,12221,3016,3,3398.57
55686,12222,3061,1,3340.34
55687,12223,3032,3,4321.01
55688,12224,3059,2,1843.12
55689,12224,3035,2,9738.45
55690,12225,3049,1,7944.07
55691,12225,3061,3,3340.34
55692,12225,3038,2,4757.40
55693,12226,3018,2,321.55
55694,12226,3041,1,7025.18
55695,12226,3012,1,2130.35
55696,12226,3020,3,2084.50
55697,12227,3014,5,139.69
55698,12227,3009,1,7350.17
55699,12227,3015,2,6900.82
55700,12228,3049,1,7944.07
55701,12229,3014,1,139.69
55702,12229,3032,1,4321.01
55703,12229,3052,3,9740.53
55704,12229,3027,2,5782.42
55705,12230,3010,3,7776.78
55706,12230,3040,2,9136.33
55707,12231,3057,5,1230.80
55708,12231,3032,3,4321.01
55709,12231,3047,2,5127.70
55710,12231,3026,3,2782.42
55711,12232,3016,5,3398.57
55712,12232,3053,5,3472.07
55713,12232,3014,5,139.69
55714,12232,3041,3,7025.18
55715,12233,3019,5,6423.62
55716,12233,3053,3,3472.07
55717,12233,3011,3,8238.17
55718,12234,3027,5,5782.42
55719,12234,3057,2,1230.80
55720,12234,3041,4,7025.18
55721,12235,3048,5,3325.11
55722,12235,3008,1,1982.10
55723,12236,3040,2,9136.33
55724,12236,3005,2,3803.74
55725,12236,3024,2,9586.15
55726,12237,3048,5,3325.11
55727,12237,3030,1,386.03
55728,12237,3045,2,4665.29
55729,12238,3022,1,6743.13
55730,12238,3066,3,6193.16
55731,12238,3067,1,2135.05
55732,12239,3041,1,7025.18
55733,12239,3006,5,9141.20
55734,12239,3064,4,7594.07
55735,12239,3066,2,6193.16
55736,12240,3034,3,8191.68
55737,12240,3038,2,4757.40
55738,12240,3017,3,1119.72
55739,12241,3064,3,7594.07
55740,12241,3063,3,8882.89
55741,12241,3062,5,995.28
55742,12241,3033,4,6200.52
55743,12242,3032,4,4321.01
55744,12242,3005,3,3803.74
55745,12242,3040,1,9136.33
55746,12243,3056,1,6658.86
55747,12244,3069,3,9192.17
55748,12244,3066,5,6193.16
55749,12244,3018,4,321.55
55750,12244,3050,2,4067.08
55751,12245,3047,5,5127.70
55752,12245,3027,2,5782.42
55753,12245,3064,5,7594.07
55754,12245,3060,3,788.12
55755,12246,3049,2,7944.07
55756,12246,3003,1,8310.63
55757,12246,3013,1,3936.12
55758,12247,3004,3,5297.49
55759,12247,3060,3,788.12
55760,12247,3021,3,5368.53
55761,12248,3056,1,6658.86
55762,12248,3006,4,9141.20
55763,12249,3029,2,5450.71
55764,12250,3060,5,788.12
55765,12250,3004,2,5297.49
55766,12250,3057,4,1230.80
55767,12251,3047,4,5127.70
55768,12251,3014,3,139.69
55769,12252,3016,1,3398.57
55770,12252,3051,2,6245.66
55771,12253,3048,2,3325.11
55772,12253,3008,5,1982.10
55773,12254,3032,3,4321.01
55774,12254,3066,3,6193.16
55775,12254,3068,2,3066.38
55776,12255,3046,1,7701.62
55777,12255,3020,4,2084.50
55778,12255,3032,5,4321.01
55779,12255,3055,3,5489.82
55780,12256,3034,5,8191.68
55781,12256,3044,3,4804.81
55782,12256,3040,4,9136.33
55783,12256,3046,5,7701.62
55784,12257,3023,4,1658.21
55785,12258,3014,3,139.69
55786,12258,3064,2,7594.07
55787,12259,3014,2,139.69
55788,12259,3068,3,3066.38
55789,12259,3030,1,386.03
55790,12259,3017,2,1119.72
55791,12260,3027,2,5782.42
55792,12260,3051,4,6245.66
55793,12261,3014,1,139.69
55794,12261,3060,3,788.12
55795,12261,3053,1,3472.07
55796,12261,3035,3,9738.45
55797,12262,3044,2,4804.81
55798,12262,3047,5,5127.70
55799,12262,3013,4,3936.12
55800,12262,3011,2,8238.17
55801,12263,3016,1,3398.57
55802,12264,3001,5,2786.82
55803,12264,3018,5,321.55
55804,12264,3017,2,1119.72
55805,12265,3062,3,995.28
55806,12266,3046,2,7701.62
55807,12266,3022,4,6743.13
55808,12266,3068,4,3066.38
55809,12267,3062,5,995.28
55810,12267,3035,2,9738.45
55811,12267,3024,3,9586.15
55812,12267,3027,3,5782.42
55813,12268,3030,2,386.03
55814,12268,3059,2,1843.12
55815,12269,3067,1,2135.05
55816,12269,3028,3,3181.64
55817,12269,3054,1,7863.71
55818,12269,3024,1,9586.15
55819,12270,3018,4,321.55
55820,12271,3063,4,8882.89
55821,12272,3009,2,7350.17
55822,12272,3033,3,6200.52
55823,12273,3049,1,7944.07
55824,12273,3044,3,4804.81
55825,12273,3028,3,3181.64
55826,12273,3064,4,7594.07
55827,12274,3015,3,6900.82
55828,12274,3004,2,5297.49
55829,12275,3025,1,2144.12
55830,12276,3029,4,5450.71
55831,12276,3004,5,5297.49
55832,12276,3047,2,5127.70
55833,12276,3007,2,8009.35
55834,12277,3058,5,3320.24
55835,12277,3030,4,386.03
55836,12277,3014,2,139.69
55837,12277,3017,3,1119.72
55838,12278,3040,5,9136.33
55839,12279,3007,3,8009.35
55840,12279,3021,5,5368.53
55841,12279,3059,1,1843.12
55842,12280,3053,1,3472.07
55843,12280,3070,1,7205.13
55844,12281,3061,2,3340.34
55845,12282,3004,1,5297.49
55846,12282,3062,2,995.28
55847,12283,3067,5,2135.05
55848,12284,3045,5,4665.29
55849,12284,3024,3,9586.15
55850,12284,3032,5,4321.01
55851,12285,3005,1,3803.74
55852,12285,3017,3,1119.72
55853,12285,3031,5,1147.68
55854,12285,3027,5,5782.42
55855,12286,3045,4,4665.29
55856,12286,3015,5,6900.82
55857,12286,3059,1,1843.12
55858,12286,3047,2,5127.70
55859,12287,3026,5,2782.42
55860,12287,3002,5,8781.78
55861,12288,3056,1,6658.86
55862,12289,3009,1,7350.17
55863,12289,3060,2,788.12
55864,12289,3044,3,4804.81
55865,12290,3029,1,5450.71
55866,12291,3057,5,1230.80
55867,12292,3064,3,7594.07
55868,12292,3045,3,4665.29
55869,12292,3067,5,2135.05
55870,12292,3063,3,8882.89
55871,12293,3044,5,4804.81
55872,12294,3039,3,1521.84
55873,12295,3038,5,4757.40
55874,12296,3023,5,1658.21
55875,12296,3032,3,4321.01
55876,12296,3051,4,6245.66
55877,12296,3053,2,3472.07
55878,12297,3023,1,1658.21
55879,12297,3065,5,4583.45
55880,12297,3055,1,5489.82
55881,12297,3044,3,4804.81
55882,12298,3006,2,9141.20
55883,12298,3040,5,9136.33
55884,12299,3042,4,7907.91
55885,12299,3006,2,9141.20
55886,12299,3034,1,8191.68
55887,12300,3050,5,4067.08
55888,12300,3034,2,8191.68
55889,12300,3025,5,2144.12
55890,12300,3038,3,4757.40
55891,12301,3055,4,5489.82
55892,12302,3033,5,6200.52
55893,12302,3005,5,3803.74
55894,12302,3057,3,1230.80
55895,12302,3054,5,7863.71
55896,12303,3058,1,3320.24
55897,12303,3035,1,9738.45
55898,12303,3010,4,7776.78
55899,12304,3059,1,1843.12
55900,12304,3020,5,2084.50
55901,12304,3055,4,5489.82
55902,12304,3038,5,4757.40
55903,12305,3058,5,3320.24
55904,12305,3069,3,9192.17
55905,12306,3059,1,1843.12
55906,12306,3061,1,3340.34
55907,12307,3036,1,5720.11
55908,12307,3028,4,3181.64
55909,12308,3046,3,7701.62
55910,12308,3067,2,2135.05
55911,12308,3019,4,6423.62
55912,12309,3035,4,9738.45
55913,12310,3038,1,4757.40
55914,12311,3026,5,2782.42
55915,12311,3050,4,4067.08
55916,12311,3045,3,4665.29
55917,12311,3009,4,7350.17
55918,12312,3056,1,6658.86
55919,12312,3018,2,321.55
55920,12313,3061,3,3340.34
55921,12313,3027,4,5782.42
55922,12314,3019,3,6423.62
55923,12315,3062,2,995.28
55924,12315,3024,1,9586.15
55925,12315,3010,1,7776.78
55926,12315,3020,5,2084.50
55927,12316,3059,5,1843.12
55928,12316,3065,1,4583.45
55929,12316,3045,3,4665.29
55930,12317,3019,2,6423.62
55931,12317,3040,3,9136.33
55932,12318,3049,1,7944.07
55933,12318,3003,3,8310.63
55934,12318,3001,4,2786.82
55935,12318,3070,5,7205.13
55936,12319,3053,2,3472.07
55937,12319,3006,1,9141.20
55938,12320,3035,2,9738.45
55939,12320,3010,4,7776.78
55940,12321,3025,3,2144.12
55941,12321,3017,4,1119.72
55942,12321,3066,5,6193.16
55943,12322,3057,1,1230.80
55944,12322,3004,4,5297.49
55945,12322,3064,1,7594.07
55946,12323,3064,3,7594.07
55947,12324,3013,4,3936.12
55948,12324,3036,1,5720.11
55949,12324,3031,1,1147.68
55950,12324,3032,3,4321.01
55951,12325,3063,3,8882.89
55952,12326,3026,1,2782.42
55953,12326,3050,4,4067.08
55954,12326,3057,2,1230.80
55955,12327,3056,4,6658.86
55956,12327,3024,4,9586.15
55957,12327,3011,3,8238.17
55958,12327,3046,1,7701.62
55959,12328,3033,4,6200.52
55960,12328,3048,4,3325.11
55961,12328,3065,1,4583.45
55962,12329,3038,4,4757.40
55963,12329,3070,3,7205.13
55964,12330,3036,2,5720.11
55965,12331,3065,3,4583.45
55966,12331,3047,1,5127.70
55967,12331,3030,5,386.03
55968,12331,3009,5,7350.17
55969,12332,3023,5,1658.21
55970,12332,3054,2,7863.71
55971,12332,3027,1,5782.42
55972,12332,3034,2,8191.68
55973,12333,3027,5,5782.42
55974,12333,3029,5,5450.71
55975,12334,3016,5,3398.57
55976,12334,3041,1,7025.18
55977,12335,3060,1,788.12
55978,12336,3018,3,321.55
55979,12336,3001,3,2786.82
55980,12337,3045,4,4665.29
55981,12337,3054,1,7863.71
55982,12337,3059,3,1843.12
55983,12338,3015,4,6900.82
55984,12338,3060,1,788.12
55985,12338,3049,3,7944.07
55986,12339,3054,1,7863.71
55987,12339,3030,4,386.03
55988,12339,3011,3,8238.17
55989,12340,3057,4,1230.80
55990,12340,3052,4,9740.53
55991,12340,3063,3,8882.89
55992,12341,3056,4,6658.86
55993,12341,3050,4,4067.08
55994,12341,3052,1,9740.53
55995,12341,3033,5,6200.52
55996,12342,3017,3,1119.72
55997,12342,3002,2,8781.78
55998,12342,3065,5,4583.45
55999,12343,3040,1,9136.33
56000,12343,3043,4,4586.50
56001,12343,3042,3,7907.91
56002,12343,3024,1,9586.15
56003,12344,3069,5,9192.17
56004,12344,3067,2,2135.05
56005,12344,3064,5,7594.07
56006,12345,3019,3,6423.62
56007,12345,3060,2,788.12
56008,12345,3047,2,5127.70
56009,12345,3039,1,1521.84
56010,12346,3010,5,7776.78
56011,12346,3047,2,5127.70
56012,12346,3006,5,9141.20
56013,12346,3054,5,7863.71
56014,12347,3030,1,386.03
56015,12347,3068,1,3066.38
56016,12347,3056,4,6658.86
56017,12347,3036,4,5720.11
56018,12348,3040,4,9136.33
56019,12348,3054,2,7863.71
56020,12349,3032,2,4321.01
56021,12350,3033,2,6200.52
56022,12351,3025,1,2144.12
56023,12352,3031,1,1147.68
56024,12352,3003,1,8310.63
56025,12353,3066,3,6193.16
56026,12354,3052,3,9740.53
56027,12355,3065,3,4583.45
56028,12355,3069,5,9192.17
56029,12355,3042,4,7907.91
56030,12356,3048,3,3325.11
56031,12356,3018,2,321.55
56032,12356,3038,5,4757.40
56033,12357,3014,2,139.69
56034,12357,3044,4,4804.81
56035,12357,3010,5,7776.78
56036,12357,3036,4,5720.11
56037,12358,3045,2,4665.29
56038,12358,3059,3,1843.12
56039,12358,3067,1,2135.05
56040,12359,3070,1,7205.13
56041,12359,3026,2,2782.42
56042,12359,3065,3,4583.45
56043,12359,3059,3,1843.12
56044,12360,3055,5,5489.82
56045,12360,3056,5,6658.86
56046,12360,3032,3,4321.01
56047,12360,3027,5,5782.42
56048,12361,3033,2,6200.52
56049,12361,3009,3,7350.17
56050,12361,3060,4,788.12
56051,12361,3069,1,9192.17
56052,12362,3015,4,6900.82
56053,12363,3034,5,8191.68
56054,12363,3055,3,5489.82
56055,12364,3054,5,7863.71
56056,12364,3022,3,6743.13
56057,12364,3026,2,2782.42
56058,12364,3051,4,6245.66
56059,12365,3015,2,6900.82
56060,12365,3063,4,8882.89
56061,12365,3059,4,1843.12
56062,12366,3012,1,2130.35
56063,12367,3064,5,7594.07
56064,12367,3010,1,7776.78
56065,12368,3017,5,1119.72
56066,12368,3002,4,8781.78
56067,12368,3025,2,2144.12
56068,12369,3017,1,1119.72
56069,12370,3010,3,7776.78
56070,12370,3006,4,9141.20
56071,12370,3036,2,5720.11
56072,12371,3035,2,9738.45
56073,12371,3054,1,7863.71
56074,12371,3024,1,9586.15
56075,12372,3044,2,4804.81
56076,12372,3055,5,5489.82
56077,12372,3053,2,3472.07
56078,12372,3028,3,3181.64
56079,12373,3067,2,2135.05
56080,12374,3025,2,2144.12
56081,12374,3017,3,1119.72
56082,12374,3050,2,4067.08
56083,12375,3036,1,5720.11
56084,12376,3007,3,8009.35
56085,12376,3064,3,7594.07
56086,12377,3009,1,7350.17
56087,12377,3036,2,5720.11
56088,12377,3021,3,5368.53
56089,12378,3025,4,2144.12
56090,12378,3045,3,4665.29
56091,12378,3007,3,8009.35
56092,12379,3028,2,3181.64
56093,12380,3066,5,6193.16
56094,12380,3007,5,8009.35
56095,12381,3004,1,5297.49
56096,12381,3018,3,321.55
56097,12381,3034,2,8191.68
56098,12381,3035,1,9738.45
56099,12382,3002,4,8781.78
56100,12383,3013,2,3936.12
56101,12383,3023,2,1658.21
56102,12383,3031,4,1147.68
56103,12383,3043,4,4586.50
56104,12384,3063,3,8882.89
56105,12384,3056,3,6658.86
56106,12385,3057,4,1230.80
56107,12385,3051,2,6245.66
56108,12385,3009,4,7350.17
56109,12386,3061,3,3340.34
56110,12386,3029,3,5450.71
56111,12386,3044,5,4804.81
56112,12387,3037,4,1061.90
56113,12388,3024,4,9586.15
56114,12389,3055,5,5489.82
56115,12389,3014,2,139.69
56116,12389,3044,5,4804.81
56117,12389,3032,2,4321.01
56118,12390,3023,2,1658.21
56119,12390,3060,1,788.12
56120,12390,3007,3,8009.35
56121,12391,3013,2,3936.12
56122,12392,3029,4,5450.71
56123,12392,3032,2,4321.01
56124,12392,3007,4,8009.35
56125,12393,3065,4,4583.45
56126,12393,3024,4,9586.15
56127,12393,3037,2,1061.90
56128,12394,3009,5,7350.17
56129,12394,3017,5,1119.72
56130,12395,3029,4,5450.71
56131,12396,3015,2,6900.82
56132,12397,3045,4,4665.29
56133,12397,3032,1,4321.01
56134,12397,3047,3,5127.70
56135,12397,3041,2,7025.18
56136,12398,3012,4,2130.35
56137,12399,3023,4,1658.21
56138,12399,3005,3,3803.74
56139,12400,3006,1,9141.20
56140,12401,3033,3,6200.52
56141,12401,3025,2,2144.12
56142,12401,3051,4,6245.66
56143,12402,3038,2,4757.40
56144,12402,3033,5,6200.52
56145,12402,3027,4,5782.42
56146,12403,3033,2,6200.52
56147,12404,3001,4,2786.82
56148,12404,3008,2,1982.10
56149,12405,3057,5,1230.80
56150,12405,3051,2,6245.66
56151,12406,3021,1,5368.53
56152,12406,3060,5,788.12
56153,12406,3066,4,6193.16
56154,12407,3062,5,995.28
56155,12407,3014,2,139.69
56156,12407,3008,2,1982.10
56157,12408,3028,1,3181.64
56158,12408,3006,5,9141.20
56159,12408,3002,1,8781.78
56160,12409,3055,2,5489.82
56161,12410,3044,4,4804.81
56162,12410,3066,4,6193.16
56163,12411,3043,5,4586.50
56164,12411,3037,4,1061.90
56165,12411,3052,1,9740.53
56166,12411,3048,4,3325.11
56167,12412,3040,1,9136.33
56168,12412,3060,2,788.12
56169,12413,3036,2,5720.11
56170,12413,3054,2,7863.71
56171,12413,3028,3,3181.64
56172,12414,3046,1,7701.62
56173,12414,3053,3,3472.07
56174,12414,3068,3,3066.38
56175,12414,3037,4,1061.90
56176,12415,3043,4,4586.50
56177,12415,3016,3,3398.57
56178,12416,3027,3,5782.42
56179,12416,3041,1,7025.18
56180,12416,3009,4,7350.17
56181,12416,3066,4,6193.16
56182,12417,3046,4,7701.62
56183,12417,3047,1,5127.70
56184,12417,3053,1,3472.07
56185,12417,3042,2,7907.91
56186,12418,3058,2,3320.24
56187,12418,3041,2,7025.18
56188,12419,3035,1,9738.45
56189,12419,3067,1,2135.05
56190,12419,3033,5,6200.52
56191,12419,3018,2,321.55
56192,12420,3017,1,1119.72
56193,12420,3042,3,7907.91
56194,12421,3046,2,7701.62
56195,12421,3062,4,995.28
56196,12421,3048,2,3325.11
56197,12422,3063,4,8882.89
56198,12422,3051,1,6245.66
56199,12423,3009,4,7350.17
56200,12423,3037,3,1061.90
56201,12423,3019,2,6423.62
56202,12424,3024,5,9586.15
56203,12425,3006,4,9141.20
56204,12425,3070,2,7205.13
56205,12425,3010,2,7776.78
56206,12425,3029,5,5450.71
56207,12426,3016,5,3398.57
56208,12426,3003,2,8310.63
56209,12427,3020,5,2084.50
56210,12427,3040,2,9136.33
56211,12427,3025,2,2144.12
56212,12428,3005,5,3803.74
56213,12428,3012,4,2130.35
56214,12428,3040,2,9136.33
56215,12429,3004,5,5297.49
56216,12429,3059,3,1843.12
56217,12429,3056,2,6658.86
56218,12430,3070,4,7205.13
56219,12431,3038,4,4757.40
56220,12431,3064,4,7594.07
56221,12432,3007,4,8009.35
56222,12433,3040,4,9136.33
56223,12433,3039,4,1521.84
56224,12434,3049,1,7944.07
56225,12434,3040,5,9136.33
56226,12434,3029,3,5450.71
56227,12434,3056,2,6658.86
56228,12435,3065,5,4583.45
56229,12435,3021,3,5368.53
56230,12435,3046,3,7701.62
56231,12435,3003,5,8310.63
56232,12436,3043,2,4586.50
56233,12436,3055,5,5489.82
56234,12437,3024,2,9586.15
56235,12437,3049,3,7944.07
56236,12437,3019,4,6423.62
56237,12437,3027,2,5782.42
56238,12438,3032,5,4321.01
56239,12438,3039,2,1521.84
56240,12438,3053,4,3472.07
56241,12438,3070,1,7205.13
56242,12439,3060,2,788.12
56243,12439,3023,3,1658.21
56244,12439,3025,3,2144.12
56245,12440,3054,3,7863.71
56246,12440,3051,1,6245.66
56247,12440,3014,3,139.69
56248,12440,3006,5,9141.20
56249,12441,3012,5,2130.35
56250,12441,3070,4,7205.13
56251,12441,3007,2,8009.35
56252,12441,3049,5,7944.07
56253,12442,3067,3,2135.05
56254,12442,3061,5,3340.34
56255,12442,3022,3,6743.13
56256,12442,3035,1,9738.45
56257,12443,3047,5,5127.70
56258,12443,3011,4,8238.17
56259,12444,3054,3,7863.71
56260,12444,3012,3,2130.35
56261,12444,3030,1,386.03
56262,12445,3031,5,1147.68
56263,12445,3013,2,3936.12
56264,12446,3016,4,3398.57
56265,12447,3035,4,9738.45
56266,12447,3061,5,3340.34
56267,12448,3018,2,321.55
56268,12449,3064,2,7594.07
56269,12449,3032,2,4321.01
56270,12449,3001,1,2786.82
56271,12449,3012,1,2130.35
56272,12450,3028,2,3181.64
56273,12450,3013,1,3936.12
56274,12450,3065,1,4583.45
56275,12450,3047,2,5127.70
56276,12451,3013,2,3936.12
56277,12451,3047,2,5127.70
56278,12452,3025,2,2144.12
56279,12453,3028,5,3181.64
56280,12453,3009,5,7350.17
56281,12453,3038,2,4757.40
56282,12453,3001,1,2786.82
56283,12454,3063,2,8882.89
56284,12454,3006,2,9141.20
56285,12455,3055,4,5489.82
56286,12456,3005,2,3803.74
56287,12456,3015,5,6900.82
56288,12457,3003,4,8310.63
56289,12457,3032,4,4321.01
56290,12457,3013,3,3936.12
56291,12458,3002,4,8781.78
56292,12458,3001,4,2786.82
56293,12458,3014,3,139.69
56294,12458,3011,2,8238.17
56295,12459,3038,5,4757.40
56296,12459,3040,2,9136.33
56297,12460,3028,1,3181.64
56298,12460,3066,3,6193.16
56299,12460,3062,1,995.28
56300,12461,3037,4,1061.90
56301,12461,3064,5,7594.07
56302,12461,3039,1,1521.84
56303,12462,3060,1,788.12
56304,12463,3002,5,8781.78
56305,12463,3018,2,321.55
56306,12463,3062,1,995.28
56307,12463,3019,3,6423.62
56308,12464,3006,5,9141.20
56309,12465,3067,5,2135.05
56310,12465,3002,2,8781.78
56311,12466,3015,2,6900.82
56312,12466,3023,1,1658.21
56313,12466,3027,4,5782.42
56314,12467,3004,3,5297.49
56315,12468,3023,1,1658.21
56316,12468,3034,5,8191.68
56317,12469,3018,2,321.55
56318,12469,3045,4,4665.29
56319,12470,3021,2,5368.53
56320,12470,3047,1,5127.70
56321,12470,3019,2,6423.62
56322,12470,3006,1,9141.20
56323,12471,3056,4,6658.86
56324,12472,3038,2,4757.40
56325,12472,3022,2,6743.13
56326,12472,3068,4,3066.38
56327,12473,3004,4,5297.49
56328,12473,3013,5,3936.12
56329,12473,3011,1,8238.17
56330,12473,3052,1,9740.53
56331,12474,3060,5,788.12
56332,12474,3069,1,9192.17
56333,12474,3053,2,3472.07
56334,12474,3018,3,321.55
56335,12475,3043,2,4586.50
56336,12476,3033,2,6200.52
56337,12476,3022,1,6743.13
56338,12476,3056,2,6658.86
56339,12476,3057,2,1230.80
56340,12477,3039,1,1521.84
56341,12478,3044,1,4804.81
56342,12478,3027,3,5782.42
56343,12478,3003,2,8310.63
56344,12478,3037,1,1061.90
56345,12479,3010,1,7776.78
56346,12479,3008,4,1982.10
56347,12479,3044,3,4804.81
56348,12480,3001,5,2786.82
56349,12480,3068,3,3066.38
56350,12480,3034,2,8191.68
56351,12481,3053,1,3472.07
56352,12481,3063,2,8882.89
56353,12481,3058,4,3320.24
56354,12482,3056,1,6658.86
56355,12482,3058,1,3320.24
56356,12482,3063,5,8882.89
56357,12483,3004,4,5297.49
56358,12483,3058,3,3320.24
56359,12484,3006,2,9141.20
56360,12484,3044,3,4804.81
56361,12484,3066,3,6193.16
56362,12485,3011,4,8238.17
56363,12486,3057,4,1230.80
56364,12486,3022,5,6743.13
56365,12487,3032,1,4321.01
56366,12487,3018,5,321.55
56367,12487,3024,2,9586.15
56368,12487,3004,2,5297.49
56369,12488,3047,1,5127.70
56370,12489,3021,1,5368.53
56371,12490,3033,4,6200.52
56372,12490,3004,2,5297.49
56373,12491,3069,3,9192.17
56374,12491,3004,1,5297.49
56375,12491,3010,2,7776.78
56376,12491,3006,3,9141.20
56377,12492,3052,3,9740.53
56378,12493,3009,4,7350.17
56379,12494,3061,4,3340.34
56380,12494,3010,1,7776.78
56381,12494,3012,4,2130.35
56382,12495,3070,5,7205.13
56383,12495,3046,4,7701.62
56384,12495,3057,5,1230.80
56385,12496,3025,1,2144.12
56386,12496,3012,4,2130.35
56387,12496,3021,5,5368.53
56388,12496,3033,1,6200.52
56389,12497,3039,2,1521.84
56390,12497,3070,5,7205.13
56391,12497,3011,5,8238.17
56392,12498,3008,1,1982.10
56393,12499,3036,3,5720.11
56394,12500,3064,4,7594.07
56395,12500,3052,1,9740.53
56396,12500,3060,5,788.12
56397,12500,3057,3,1230.80
56398,12501,3035,1,9738.45
56399,12501,3052,1,9740.53
56400,12502,3005,4,3803.74
56401,12502,3020,3,2084.50
56402,12502,3013,3,3936.12
56403,12502,3058,1,3320.24
56404,12503,3060,2,788.12
56405,12503,3006,5,9141.20
56406,12503,3017,1,1119.72
56407,12503,3020,3,2084.50
56408,12504,3030,5,386.03
56409,12504,3040,2,9136.33
56410,12504,3058,4,3320.24
56411,12505,3018,1,321.55
56412,12505,3042,5,7907.91
56413,12505,3025,3,2144.12
56414,12505,3020,5,2084.50
56415,12506,3069,5,9192.17
56416,12506,3035,5,9738.45
56417,12507,3031,2,1147.68
56418,12507,3047,4,5127.70
56419,12507,3065,2,4583.45
56420,12507,3064,5,7594.07
56421,12508,3028,4,3181.64
56422,12508,3044,1,4804.81
56423,12509,3033,5,6200.52
56424,12509,3004,2,5297.49
56425,12510,3055,4,5489.82
56426,12510,3026,3,2782.42
56427,12510,3068,5,3066.38
56428,12510,3040,3,9136.33
56429,12511,3018,5,321.55
56430,12511,3059,5,1843.12
56431,12511,3032,2,4321.01
56432,12512,3051,2,6245.66
56433,12512,3045,5,4665.29
56434,12512,3017,1,1119.72
56435,12513,3059,4,1843.12
56436,12513,3052,2,9740.53
56437,12513,3022,3,6743.13
56438,12513,3020,2,2084.50
56439,12514,3040,4,9136.33
56440,12514,3001,2,2786.82
56441,12515,3014,4,139.69
56442,12516,3025,1,2144.12
56443,12516,3032,3,4321.01
56444,12516,3035,2,9738.45
56445,12516,3008,1,1982.10
56446,12517,3051,3,6245.66
56447,12517,3026,2,2782.42
56448,12517,3033,4,6200.52
56449,12518,3052,5,9740.53
56450,12518,3022,5,6743.13
56451,12519,3024,4,9586.15
56452,12519,3028,1,3181.64
56453,12519,3025,3,2144.12
56454,12519,3047,3,5127.70
56455,12520,3047,2,5127.70
56456,12520,3016,3,3398.57
56457,12520,3040,3,9136.33
56458,12521,3011,1,8238.17
56459,12521,3010,4,7776.78
56460,12522,3034,4,8191.68
56461,12522,3038,3,4757.40
56462,12522,3043,2,4586.50
56463,12523,3069,3,9192.17
56464,12524,3039,2,1521.84
56465,12524,3049,5,7944.07
56466,12525,3047,1,5127.70
56467,12526,3015,4,6900.82
56468,12526,3016,3,3398.57
56469,12527,3023,2,1658.21
56470,12527,3033,5,6200.52
56471,12527,3050,5,4067.08
56472,12527,3037,5,1061.90
56473,12528,3023,3,1658.21
56474,12528,3033,2,6200.52
56475,12528,3057,5,1230.80
56476,12528,3027,5,5782.42
56477,12529,3048,1,3325.11
56478,12529,3016,1,3398.57
56479,12529,3047,4,5127.70
56480,12529,3031,3,1147.68
56481,12530,3034,3,8191.68
56482,12531,3068,2,3066.38
56483,12532,3062,1,995.28
56484,12532,3023,3,1658.21
56485,12532,3031,4,1147.68
56486,12533,3034,2,8191.68
56487,12533,3042,1,7907.91
56488,12534,3065,1,4583.45
56489,12535,3033,3,6200.52
56490,12535,3052,2,9740.53
56491,12536,3069,2,9192.17
56492,12536,3050,1,4067.08
56493,12536,3022,1,6743.13
56494,12536,3040,3,9136.33
56495,12537,3002,1,8781.78
56496,12537,3055,1,5489.82
56497,12537,3054,4,7863.71
56498,12537,3050,5,4067.08
56499,12538,3032,2,4321.01
56500,12538,3058,1,3320.24
56501,12538,3040,5,9136.33
56502,12538,3014,4,139.69
56503,12539,3050,3,4067.08
56504,12540,3055,1,5489.82
56505,12541,3057,5,1230.80
56506,12541,3011,1,8238.17
56507,12541,3045,1,4665.29
56508,12542,3022,3,6743.13
56509,12543,3018,2,321.55
56510,12544,3054,1,7863.71
56511,12545,3033,1,6200.52
56512,12546,3062,5,995.28
56513,12546,3022,5,6743.13
56514,12547,3066,2,6193.16
56515,12547,3030,1,386.03
56516,12547,3018,5,321.55
56517,12547,3015,4,6900.82
56518,12548,3034,5,8191.68
56519,12549,3019,4,6423.62
56520,12549,3048,5,3325.11
56521,12549,3005,4,3803.74
56522,12550,3058,1,3320.24
56523,12550,3065,1,4583.45
56524,12550,3034,1,8191.68
56525,12550,3021,3,5368.53
56526,12551,3036,3,5720.11
56527,12552,3033,1,6200.52
56528,12552,3051,4,6245.66
56529,12553,3063,2,8882.89
56530,12553,3022,5,6743.13
56531,12554,3009,5,7350.17
56532,12554,3046,3,7701.62
56533,12554,3048,5,3325.11
56534,12554,3022,5,6743.13
56535,12555,3059,4,1843.12
56536,12555,3042,2,7907.91
56537,12555,3061,4,3340.34
56538,12556,3030,3,386.03
56539,12556,3004,3,5297.49
56540,12557,3062,4,995.28
56541,12557,3061,4,3340.34
56542,12557,3069,4,9192.17
56543,12557,3027,1,5782.42
56544,12558,3040,5,9136.33
56545,12558,3013,2,3936.12
56546,12558,3006,5,9141.20
56547,12558,3048,3,3325.11
56548,12559,3041,1,7025.18
56549,12560,3030,3,386.03
56550,12560,3008,4,1982.10
56551,12560,3031,1,1147.68
56552,12561,3068,5,3066.38
56553,12561,3046,4,7701.62
56554,12562,3055,3,5489.82
56555,12562,3002,3,8781.78
56556,12562,3054,4,7863.71
56557,12562,3028,4,3181.64
56558,12563,3063,3,8882.89
56559,12564,3022,1,6743.13
56560,12565,3012,5,2130.35
56561,12566,3017,2,1119.72
56562,12566,3050,4,4067.08
56563,12566,3022,3,6743.13
56564,12567,3014,2,139.69
56565,12567,3068,3,3066.38
56566,12567,3003,3,8310.63
56567,12568,3008,5,1982.10
56568,12568,3065,2,4583.45
56569,12568,3045,3,4665.29
56570,12569,3048,3,3325.11
56571,12569,3031,2,1147.68
56572,12569,3044,4,4804.81
56573,12569,3021,4,5368.53
56574,12570,3005,3,3803.74
56575,12570,3058,3,3320.24
56576,12570,3054,4,7863.71
56577,12571,3063,5,8882.89
56578,12571,3033,3,6200.52
56579,12572,3043,2,4586.50
56580,12572,3010,2,7776.78
56581,12573,3038,5,4757.40
56582,12573,3054,1,7863.71
56583,12573,3059,1,1843.12
56584,12574,3042,5,7907.91
56585,12574,3022,2,6743.13
56586,12574,3021,5,5368.53
56587,12574,3062,3,995.28
56588,12575,3042,4,7907.91
56589,12575,3021,3,5368.53
56590,12575,3027,5,5782.42
56591,12575,3051,5,6245.66
56592,12576,3019,1,6423.62
56593,12577,3067,3,2135.05
56594,12577,3044,1,4804.81
56595,12578,3001,3,2786.82
56596,12578,3008,5,1982.10
56597,12578,3034,1,8191.68
56598,12578,3012,2,2130.35
56599,12579,3019,4,6423.62
56600,12579,3054,3,7863.71
56601,12579,3041,2,7025.18
56602,12580,3009,4,7350.17
56603,12580,3026,2,2782.42
56604,12580,3062,3,995.28
56605,12581,3037,1,1061.90
56606,12581,3054,3,7863.71
56607,12582,3056,1,6658.86
56608,12582,3022,3,6743.13
56609,12583,3066,3,6193.16
56610,12584,3003,2,8310.63
56611,12584,3051,2,6245.66
56612,12585,3053,5,3472.07
56613,12585,3010,5,7776.78
56614,12585,3009,4,7350.17
56615,12586,3025,2,2144.12
56616,12586,3058,4,3320.24
56617,12586,3019,3,6423.62
56618,12586,3067,5,2135.05
56619,12587,3028,1,3181.64
56620,12587,3065,3,4583.45
56621,12588,3009,4,7350.17
56622,12589,3050,1,4067.08
56623,12590,3026,1,2782.42
56624,12590,3030,5,386.03
56625,12591,3038,5,4757.40
56626,12591,3037,3,1061.90
56627,12591,3012,2,2130.35
56628,12592,3056,5,6658.86
56629,12592,3007,2,8009.35
56630,12592,3024,1,9586.15
56631,12592,3003,2,8310.63
56632,12593,3070,1,7205.13
56633,12593,3007,5,8009.35
56634,12593,3021,2,5368.53
56635,12593,3009,4,7350.17
56636,12594,3053,4,3472.07
56637,12594,3064,2,7594.07
56638,12594,3059,4,1843.12
56639,12594,3060,3,788.12
56640,12595,3049,3,7944.07
56641,12595,3040,3,9136.33
56642,12595,3046,5,7701.62
56643,12595,3045,1,4665.29
56644,12596,3033,1,6200.52
56645,12596,3065,5,4583.45
56646,12597,3033,1,6200.52
56647,12597,3026,1,2782.42
56648,12597,3046,1,7701.62
56649,12598,3049,5,7944.07
56650,12598,3027,3,5782.42
56651,12599,3027,5,5782.42
56652,12599,3031,5,1147.68
56653,12599,3007,2,8009.35
56654,12600,3032,1,4321.01
56655,12600,3025,2,2144.12
56656,12601,3009,3,7350.17
56657,12601,3040,3,9136.33
56658,12601,3067,1,2135.05
56659,12602,3003,1,8310.63
56660,12602,3019,4,6423.62
56661,12602,3049,2,7944.07
56662,12602,3033,4,6200.52
56663,12603,3050,4,4067.08
56664,12604,3014,3,139.69
56665,12604,3041,3,7025.18
56666,12604,3016,5,3398.57
56667,12605,3056,3,6658.86
56668,12605,3021,5,5368.53
56669,12605,3014,2,139.69
56670,12605,3054,3,7863.71
56671,12606,3059,1,1843.12
56672,12606,3032,2,4321.01
56673,12607,3007,4,8009.35
56674,12607,3056,2,6658.86
56675,12607,3042,3,7907.91
56676,12608,3005,2,3803.74
56677,12608,3021,3,5368.53
56678,12609,3059,1,1843.12
56679,12609,3060,2,788.12
56680,12610,3070,3,7205.13
56681,12610,3024,5,9586.15
56682,12610,3069,5,9192.17
56683,12611,3039,5,1521.84
56684,12612,3011,5,8238.17
56685,12612,3050,5,4067.08
56686,12612,3043,1,4586.50
56687,12613,3041,3,7025.18
56688,12613,3051,4,6245.66
56689,12613,3038,3,4757.40
56690,12614,3019,1,6423.62
56691,12614,3031,3,1147.68
56692,12614,3001,1,2786.82
56693,12615,3022,5,6743.13
56694,12615,3039,4,1521.84
56695,12615,3020,4,2084.50
56696,12616,3043,1,4586.50
56697,12616,3033,1,6200.52
56698,12616,3064,5,7594.07
56699,12617,3063,3,8882.89
56700,12617,3045,4,4665.29
56701,12617,3006,4,9141.20
56702,12617,3016,1,3398.57
56703,12618,3055,2,5489.82
56704,12618,3063,3,8882.89
56705,12619,3017,5,1119.72
56706,12620,3008,3,1982.10
56707,12621,3060,4,788.12
56708,12622,3064,2,7594.07
56709,12623,3055,1,5489.82
56710,12623,3006,4,9141.20
56711,12623,3032,1,4321.01
56712,12624,3039,4,1521.84
56713,12624,3002,5,8781.78
56714,12625,3012,3,2130.35
56715,12625,3050,3,4067.08
56716,12626,3042,3,7907.91
56717,12626,3023,2,1658.21
56718,12626,3063,5,8882.89
56719,12626,3045,2,4665.29
56720,12627,3052,5,9740.53
56721,12627,3063,3,8882.89
56722,12628,3046,1,7701.62
56723,12629,3051,3,6245.66
56724,12629,3067,3,2135.05
56725,12629,3066,4,6193.16
56726,12629,3009,1,7350.17
56727,12630,3047,4,5127.70
56728,12630,3054,4,7863.71
56729,12630,3011,5,8238.17
56730,12631,3006,2,9141.20
56731,12631,3031,4,1147.68
56732,12631,3054,3,7863.71
56733,12632,3002,1,8781.78
56734,12632,3044,4,4804.81
56735,12632,3048,1,3325.11
56736,12632,3041,1,7025.18
56737,12633,3027,4,5782.42
56738,12633,3043,2,4586.50
56739,12634,3017,3,1119.72
56740,12634,3034,1,8191.68
56741,12635,3048,5,3325.11
56742,12635,3051,4,6245.66
56743,12636,3017,1,1119.72
56744,12637,3055,3,5489.82
56745,12637,3058,5,3320.24
56746,12638,3063,5,8882.89
56747,12638,3039,5,1521.84
56748,12638,3068,5,3066.38
56749,12638,3062,4,995.28
56750,12639,3011,2,8238.17
56751,12639,3055,1,5489.82
56752,12640,3021,3,5368.53
56753,12640,3064,2,7594.07
56754,12640,3007,4,8009.35
56755,12641,3024,5,9586.15
56756,12641,3045,1,4665.29
56757,12642,3033,1,6200.52
56758,12642,3018,2,321.55
56759,12642,3031,4,1147.68
56760,12642,3001,3,2786.82
56761,12643,3002,2,8781.78
56762,12643,3015,1,6900.82
56763,12643,3063,5,8882.89
56764,12643,3050,1,4067.08
56765,12644,3032,3,4321.01
56766,12644,3060,3,788.12
56767,12644,3003,2,8310.63
56768,12644,3068,4,3066.38
56769,12645,3054,2,7863.71
56770,12646,3025,4,2144.12
56771,12646,3002,2,8781.78
56772,12647,3054,3,7863.71
56773,12647,3061,4,3340.34
56774,12647,3027,4,5782.42
56775,12648,3051,5,6245.66
56776,12648,3038,5,4757.40
56777,12648,3022,3,6743.13
56778,12649,3001,3,2786.82
56779,12650,3005,2,3803.74
56780,12651,3061,1,3340.34
56781,12651,3027,2,5782.42
56782,12652,3040,2,9136.33
56783,12652,3068,4,3066.38
56784,12653,3049,2,7944.07
56785,12653,3027,2,5782.42
56786,12653,3042,3,7907.91
56787,12654,3011,1,8238.17
56788,12654,3015,2,6900.82
56789,12654,3066,5,6193.16
56790,12654,3020,1,2084.50
56791,12655,3043,1,4586.50
56792,12655,3065,5,4583.45
56793,12655,3053,3,3472.07
56794,12655,3018,2,321.55
56795,12656,3014,1,139.69
56796,12657,3065,4,4583.45
56797,12657,3011,4,8238.17
56798,12658,3027,4,5782.42
56799,12659,3050,4,4067.08
56800,12659,3051,2,6245.66
56801,12659,3030,5,386.03
56802,12659,3039,1,1521.84
56803,12660,3021,3,5368.53
56804,12660,3054,5,7863.71
56805,12661,3044,2,4804.81
56806,12661,3002,4,8781.78
56807,12661,3025,5,2144.12
56808,12662,3023,5,1658.21
56809,12663,3004,3,5297.49
56810,12663,3029,2,5450.71
56811,12663,3063,3,8882.89
56812,12664,3014,2,139.69
56813,12664,3026,3,2782.42
56814,12665,3017,4,1119.72
56815,12665,3058,4,3320.24
56816,12665,3043,1,4586.50
56817,12666,3007,4,8009.35
56818,12666,3032,5,4321.01
56819,12666,3048,4,3325.11
56820,12667,3059,1,1843.12
56821,12668,3051,2,6245.66
56822,12668,3043,3,4586.50
56823,12669,3070,3,7205.13
56824,12669,3010,2,7776.78
56825,12669,3065,5,4583.45
56826,12670,3065,1,4583.45
56827,12670,3022,1,6743.13
56828,12671,3016,4,3398.57
56829,12671,3036,4,5720.11
56830,12671,3060,4,788.12
56831,12672,3012,1,2130.35
56832,12672,3032,4,4321.01
56833,12672,3052,3,9740.53
56834,12673,3053,2,3472.07
56835,12673,3045,2,4665.29
56836,12673,3018,4,321.55
56837,12673,3066,1,6193.16
56838,12674,3035,5,9738.45
56839,12674,3004,3,5297.49
56840,12674,3017,5,1119.72
56841,12675,3038,3,4757.40
56842,12675,3025,4,2144.12
56843,12675,3033,4,6200.52
56844,12676,3051,5,6245.66
56845,12676,3010,4,7776.78
56846,12676,3031,3,1147.68
56847,12676,3070,3,7205.13
56848,12677,3005,5,3803.74
56849,12678,3048,5,3325.11
56850,12679,3052,2,9740.53
56851,12679,3057,2,1230.80
56852,12679,3066,2,6193.16
56853,12680,3025,1,2144.12
56854,12680,3050,5,4067.08
56855,12680,3002,3,8781.78
56856,12681,3020,4,2084.50
56857,12682,3054,4,7863.71
56858,12683,3042,2,7907.91
56859,12684,3005,1,3803.74
56860,12684,3068,4,3066.38
56861,12684,3064,2,7594.07
56862,12684,3069,1,9192.17
56863,12685,3004,2,5297.49
56864,12685,3029,5,5450.71
56865,12686,3009,2,7350.17
56866,12687,3055,4,5489.82
56867,12688,3055,1,5489.82
56868,12688,3029,2,5450.71
56869,12688,3057,4,1230.80
56870,12688,3021,2,5368.53
56871,12689,3033,4,6200.52
56872,12689,3065,3,4583.45
56873,12689,3029,4,5450.71
56874,12690,3001,4,2786.82
56875,12690,3059,3,1843.12
56876,12690,3013,4,3936.12
56877,12690,3045,3,4665.29
56878,12691,3053,4,3472.07
56879,12691,3063,1,8882.89
56880,12692,3034,2,8191.68
56881,12692,3051,5,6245.66
56882,12692,3058,2,3320.24
56883,12693,3051,3,6245.66
56884,12694,3044,3,4804.81
56885,12695,3069,3,9192.17
56886,12695,3064,5,7594.07
56887,12695,3031,5,1147.68
56888,12695,3007,4,8009.35
56889,12696,3008,2,1982.10
56890,12697,3028,5,3181.64
56891,12697,3013,2,3936.12
56892,12697,3018,4,321.55
56893,12698,3017,5,1119.72
56894,12698,3041,1,7025.18
56895,12698,3035,1,9738.45
56896,12698,3064,5,7594.07
56897,12699,3067,1,2135.05
56898,12699,3007,1,8009.35
56899,12699,3040,3,9136.33
56900,12700,3016,1,3398.57
56901,12700,3041,1,7025.18
56902,12700,3060,1,788.12
56903,12700,3002,5,8781.78
56904,12701,3005,4,3803.74
56905,12702,3067,3,2135.05
56906,12702,3065,3,4583.45
56907,12703,3057,3,1230.80
56908,12703,3030,2,386.03
56909,12703,3040,4,9136.33
56910,12703,3064,5,7594.07
56911,12704,3005,1,3803.74
56912,12704,3036,2,5720.11
56913,12705,3068,3,3066.38
56914,12706,3064,2,7594.07
56915,12706,3009,1,7350.17
56916,12706,3068,2,3066.38
56917,12706,3029,1,5450.71
56918,12707,3038,3,4757.40
56919,12707,3017,2,1119.72
56920,12707,3070,3,7205.13
56921,12708,3014,1,139.69
56922,12709,3026,3,2782.42
56923,12710,3002,5,8781.78
56924,12710,3038,3,4757.40
56925,12710,3022,1,6743.13
56926,12711,3041,5,7025.18
56927,12711,3058,5,3320.24
56928,12712,3030,2,386.03
56929,12713,3070,4,7205.13
56930,12713,3058,4,3320.24
56931,12714,3056,5,6658.86
56932,12714,3005,5,3803.74
56933,12714,3050,3,4067.08
56934,12714,3022,1,6743.13
56935,12715,3040,2,9136.33
56936,12715,3003,5,8310.63
56937,12716,3028,3,3181.64
56938,12716,3069,2,9192.17
56939,12716,3060,1,788.12
56940,12716,3037,5,1061.90
56941,12717,3066,2,6193.16
56942,12718,3031,1,1147.68
56943,12718,3021,2,5368.53
56944,12718,3027,4,5782.42
56945,12718,3058,4,3320.24
56946,12719,3066,1,6193.16
56947,12719,3022,4,6743.13
56948,12720,3045,3,4665.29
56949,12721,3042,1,7907.91
56950,12722,3029,1,5450.71
56951,12722,3014,4,139.69
56952,12723,3008,4,1982.10
56953,12723,3044,4,4804.81
56954,12723,3057,4,1230.80
56955,12723,3058,1,3320.24
56956,12724,3018,2,321.55
56957,12724,3005,1,3803.74
56958,12725,3068,3,3066.38
56959,12725,3057,4,1230.80
56960,12726,3005,5,3803.74
56961,12726,3046,2,7701.62
56962,12726,3065,2,4583.45
56963,12727,3027,4,5782.42
56964,12728,3049,4,7944.07
56965,12729,3068,3,3066.38
56966,12729,3062,5,995.28
56967,12729,3015,4,6900.82
56968,12729,3022,2,6743.13
56969,12730,3042,2,7907.91
56970,12730,3044,4,4804.81
56971,12730,3060,3,788.12
56972,12730,3009,5,7350.17
56973,12731,3062,3,995.28
56974,12731,3034,3,8191.68
56975,12731,3047,2,5127.70
56976,12731,3013,4,3936.12
56977,12732,3023,3,1658.21
56978,12732,3046,3,7701.62
56979,12732,3057,5,1230.80
56980,12733,3042,4,7907.91
56981,12733,3018,5,321.55
56982,12734,3015,5,6900.82
56983,12735,3014,4,139.69
56984,12735,3015,4,6900.82
56985,12735,3041,2,7025.18
56986,12736,3070,1,7205.13
56987,12736,3045,3,4665.29
56988,12737,3055,1,5489.82
56989,12737,3037,3,1061.90
56990,12737,3054,1,7863.71
56991,12737,3064,4,7594.07
56992,12738,3070,2,7205.13
56993,12739,3009,3,7350.17
56994,12739,3029,4,5450.71
56995,12740,3008,3,1982.10
56996,12740,3023,5,1658.21
56997,12740,3063,4,8882.89
56998,12741,3032,3,4321.01
56999,12742,3049,2,7944.07
57000,12742,3026,5,2782.42
57001,12742,3031,5,1147.68
57002,12743,3032,5,4321.01
57003,12743,3039,3,1521.84
57004,12744,3036,4,5720.11
57005,12744,3042,1,7907.91
57006,12745,3010,4,7776.78
57007,12745,3041,5,7025.18
57008,12745,3044,2,4804.81
57009,12746,3025,2,2144.12
57010,12746,3069,2,9192.17
57011,12746,3070,3,7205.13
57012,12746,3001,2,2786.82
57013,12747,3012,4,2130.35
57014,12747,3049,2,7944.07
57015,12747,3015,5,6900.82
57016,12747,3068,4,3066.38
57017,12748,3033,2,6200.52
57018,12748,3062,4,995.28
57019,12748,3054,1,7863.71
57020,12748,3024,2,9586.15
57021,12749,3036,2,5720.11
57022,12749,3061,4,3340.34
57023,12749,3057,5,1230.80
57024,12750,3025,1,2144.12
57025,12751,3023,1,1658.21
57026,12751,3036,2,5720.11
57027,12752,3018,1,321.55
57028,12752,3066,4,6193.16
57029,12753,3045,5,4665.29
57030,12753,3031,3,1147.68
57031,12754,3065,3,4583.45
57032,12755,3044,1,4804.81
57033,12755,3048,5,3325.11
57034,12755,3036,5,5720.11
57035,12756,3041,5,7025.18
57036,12756,3069,2,9192.17
57037,12757,3034,1,8191.68
57038,12758,3030,3,386.03
57039,12759,3029,5,5450.71
57040,12759,3004,2,5297.49
57041,12759,3026,4,2782.42
57042,12759,3021,4,5368.53
57043,12760,3042,5,7907.91
57044,12760,3039,1,1521.84
57045,12761,3058,3,3320.24
57046,12761,3070,4,7205.13
57047,12761,3049,1,7944.07
57048,12762,3065,2,4583.45
57049,12762,3056,2,6658.86
57050,12762,3018,3,321.55
57051,12762,3012,1,2130.35
57052,12763,3023,3,1658.21
57053,12763,3070,4,7205.13
57054,12763,3053,3,3472.07
57055,12763,3069,2,9192.17
57056,12764,3057,5,1230.80
57057,12764,3050,5,4067.08
57058,12764,3007,2,8009.35
57059,12765,3003,3,8310.63
57060,12765,3022,5,6743.13
57061,12766,3023,4,1658.21
57062,12766,3067,2,2135.05
57063,12766,3038,4,4757.40
57064,12766,3051,2,6245.66
57065,12767,3051,2,6245.66
57066,12768,3003,4,8310.63
57067,12768,3038,1,4757.40
57068,12769,3061,2,3340.34
57069,12770,3020,2,2084.50
57070,12770,3066,4,6193.16
57071,12770,3002,3,8781.78
57072,12770,3031,5,1147.68
57073,12771,3066,3,6193.16
57074,12772,3037,2,1061.90
57075,12772,3011,3,8238.17
57076,12772,3012,2,2130.35
57077,12772,3056,1,6658.86
57078,12773,3013,1,3936.12
57079,12773,3008,4,1982.10
57080,12774,3031,2,1147.68
57081,12774,3049,5,7944.07
57082,12774,3056,3,6658.86
57083,12774,3023,3,1658.21
57084,12775,3040,1,9136.33
57085,12775,3010,5,7776.78
57086,12775,3038,3,4757.40
57087,12776,3049,1,7944.07
57088,12776,3020,1,2084.50
57089,12776,3021,1,5368.53
57090,12776,3046,5,7701.62
57091,12777,3068,1,3066.38
57092,12777,3055,4,5489.82
57093,12777,3011,4,8238.17
57094,12778,3008,2,1982.10
57095,12779,3001,1,2786.82
57096,12779,3038,4,4757.40
57097,12779,3054,3,7863.71
57098,12779,3003,5,8310.63
57099,12780,3026,4,2782.42
57100,12780,3066,2,6193.16
57101,12780,3014,3,139.69
57102,12781,3010,4,7776.78
57103,12781,3004,4,5297.49
57104,12781,3054,5,7863.71
57105,12782,3041,2,7025.18
57106,12782,3061,1,3340.34
57107,12782,3029,4,5450.71
57108,12783,3008,2,1982.10
57109,12783,3023,2,1658.21
57110,12783,3036,5,5720.11
57111,12784,3045,3,4665.29
57112,12784,3035,1,9738.45
57113,12785,3010,2,7776.78
57114,12785,3009,5,7350.17
57115,12785,3002,5,8781.78
57116,12785,3060,3,788.12
57117,12786,3022,2,6743.13
57118,12787,3045,1,4665.29
57119,12788,3056,5,6658.86
57120,12788,3057,3,1230.80
57121,12788,3013,2,3936.12
57122,12788,3033,2,6200.52
57123,12789,3016,1,3398.57
57124,12789,3064,3,7594.07
57125,12790,3041,2,7025.18
57126,12790,3046,5,7701.62
57127,12790,3033,5,6200.52
57128,12790,3009,2,7350.17
57129,12791,3023,2,1658.21
57130,12791,3021,5,5368.53
57131,12791,3001,5,2786.82
57132,12792,3046,2,7701.62
57133,12793,3066,5,6193.16
57134,12794,3018,4,321.55
57135,12794,3015,5,6900.82
57136,12794,3057,1,1230.80
57137,12795,3021,4,5368.53
57138,12796,3022,1,6743.13
57139,12796,3043,4,4586.50
57140,12796,3006,2,9141.20
57141,12796,3042,2,7907.91
57142,12797,3009,2,7350.17
57143,12797,3030,1,386.03
57144,12797,3038,2,4757.40
57145,12798,3047,2,5127.70
57146,12798,3006,4,9141.20
57147,12799,3051,5,6245.66
57148,12799,3020,2,2084.50
57149,12799,3031,5,1147.68
57150,12800,3038,4,4757.40
57151,12800,3007,4,8009.35
57152,12800,3030,3,386.03
57153,12801,3027,5,5782.42
57154,12801,3035,3,9738.45
57155,12801,3020,5,2084.50
57156,12802,3025,2,2144.12
57157,12803,3067,4,2135.05
57158,12804,3013,2,3936.12
57159,12804,3037,2,1061.90
57160,12804,3053,5,3472.07
57161,12805,3066,3,6193.16
57162,12806,3043,1,4586.50
57163,12807,3066,3,6193.16
57164,12807,3064,5,7594.07
57165,12807,3014,1,139.69
57166,12808,3016,4,3398.57
57167,12808,3017,4,1119.72
57168,12808,3028,2,3181.64
57169,12809,3008,5,1982.10
57170,12810,3062,3,995.28
57171,12811,3033,5,6200.52
57172,12811,3061,1,3340.34
57173,12811,3030,1,386.03
57174,12812,3016,1,3398.57
57175,12812,3063,2,8882.89
57176,12812,3033,3,6200.52
57177,12812,3002,3,8781.78
57178,12813,3068,3,3066.38
57179,12813,3065,4,4583.45
57180,12813,3036,2,5720.11
57181,12813,3051,4,6245.66
57182,12814,3036,4,5720.11
57183,12814,3049,1,7944.07
57184,12814,3052,4,9740.53
57185,12815,3029,4,5450.71
57186,12815,3051,1,6245.66
57187,12816,3061,2,3340.34
57188,12816,3034,1,8191.68
57189,12816,3014,5,139.69
57190,12817,3070,1,7205.13
57191,12818,3056,5,6658.86
57192,12818,3067,2,2135.05
57193,12819,3046,5,7701.62
57194,12819,3017,5,1119.72
57195,12820,3001,5,2786.82
57196,12820,3040,2,9136.33
57197,12820,3028,3,3181.64
57198,12821,3052,1,9740.53
57199,12822,3051,4,6245.66
57200,12822,3043,4,4586.50
57201,12823,3017,5,1119.72
57202,12823,3056,3,6658.86
57203,12823,3054,5,7863.71
57204,12824,3028,1,3181.64
57205,12825,3026,1,2782.42
57206,12825,3052,4,9740.53
57207,12825,3061,3,3340.34
57208,12825,3067,2,2135.05
57209,12826,3009,2,7350.17
57210,12826,3032,4,4321.01
57211,12826,3044,4,4804.81
57212,12827,3021,5,5368.53
57213,12827,3066,2,6193.16
57214,12827,3030,1,386.03
57215,12828,3046,5,7701.62
57216,12828,3031,3,1147.68
57217,12829,3051,5,6245.66
57218,12829,3006,5,9141.20
57219,12830,3025,2,2144.12
57220,12830,3024,3,9586.15
57221,12830,3060,1,788.12
57222,12831,3011,3,8238.17
57223,12832,3039,4,1521.84
57224,12832,3059,2,1843.12
57225,12832,3043,4,4586.50
57226,12832,3035,4,9738.45
57227,12833,3036,5,5720.11
57228,12834,3054,4,7863.71
57229,12835,3040,3,9136.33
57230,12836,3044,5,4804.81
57231,12836,3062,4,995.28
57232,12836,3058,1,3320.24
57233,12836,3030,1,386.03
57234,12837,3033,3,6200.52
57235,12837,3003,4,8310.63
57236,12838,3052,5,9740.53
57237,12838,3070,1,7205.13
57238,12839,3067,1,2135.05
57239,12840,3015,4,6900.82
57240,12840,3064,5,7594.07
57241,12840,3041,3,7025.18
57242,12841,3005,2,3803.74
57243,12841,3061,1,3340.34
57244,12842,3059,4,1843.12
57245,12842,3009,3,7350.17
57246,12842,3055,5,5489.82
57247,12842,3013,4,3936.12
57248,12843,3030,2,386.03
57249,12843,3053,3,3472.07
57250,12844,3016,1,3398.57
57251,12845,3069,5,9192.17
57252,12845,3043,4,4586.50
57253,12845,3057,4,1230.80
57254,12846,3019,4,6423.62
57255,12847,3062,5,995.28
57256,12847,3021,2,5368.53
57257,12847,3009,5,7350.17
57258,12848,3022,4,6743.13
57259,12849,3022,5,6743.13
57260,12849,3034,4,8191.68
57261,12849,3009,1,7350.17
57262,12850,3013,3,3936.12
57263,12850,3045,2,4665.29
57264,12850,3043,4,4586.50
57265,12851,3008,2,1982.10
57266,12851,3036,4,5720.11
57267,12852,3027,3,5782.42
57268,12852,3016,5,3398.57
57269,12852,3068,4,3066.38
57270,12852,3042,4,7907.91
57271,12853,3064,1,7594.07
57272,12854,3033,1,6200.52
57273,12854,3013,1,3936.12
57274,12854,3035,1,9738.45
57275,12854,3040,3,9136.33
57276,12855,3057,3,1230.80
57277,12856,3006,1,9141.20
57278,12856,3020,4,2084.50
57279,12856,3031,3,1147.68
57280,12856,3016,1,3398.57
57281,12857,3063,2,8882.89
57282,12857,3021,2,5368.53
57283,12857,3053,5,3472.07
57284,12857,3068,5,3066.38
57285,12858,3040,2,9136.33
57286,12858,3020,3,2084.50
57287,12858,3059,3,1843.12
57288,12859,3020,2,2084.50
57289,12859,3048,4,3325.11
57290,12859,3015,4,6900.82
57291,12859,3062,3,995.28
57292,12860,3058,4,3320.24
57293,12860,3047,5,5127.70
57294,12860,3066,2,6193.16
57295,12861,3009,5,7350.17
57296,12861,3008,2,1982.10
57297,12861,3042,3,7907.91
57298,12861,3025,5,2144.12
57299,12862,3056,4,6658.86
57300,12863,3016,1,3398.57
57301,12863,3042,1,7907.91
57302,12863,3025,4,2144.12
57303,12863,3052,3,9740.53
57304,12864,3003,1,8310.63
57305,12864,3033,2,6200.52
57306,12865,3049,3,7944.07
57307,12865,3008,1,1982.10
57308,12865,3006,2,9141.20
57309,12866,3053,4,3472.07
57310,12867,3060,1,788.12
57311,12867,3046,4,7701.62
57312,12867,3019,1,6423.62
57313,12867,3062,2,995.28
57314,12868,3060,2,788.12
57315,12868,3014,3,139.69
57316,12868,3057,1,1230.80
57317,12868,3056,4,6658.86
57318,12869,3023,5,1658.21
57319,12869,3059,5,1843.12
57320,12869,3021,1,5368.53
57321,12870,3027,4,5782.42
57322,12870,3066,4,6193.16
57323,12870,3013,4,3936.12
57324,12871,3018,2,321.55
57325,12871,3022,3,6743.13
57326,12871,3057,3,1230.80
57327,12871,3005,2,3803.74
57328,12872,3051,2,6245.66
57329,12873,3041,5,7025.18
57330,12874,3054,2,7863.71
57331,12874,3035,3,9738.45
57332,12874,3062,4,995.28
57333,12875,3037,4,1061.90
57334,12876,3066,4,6193.16
57335,12876,3021,5,5368.53
57336,12876,3006,1,9141.20
57337,12876,3027,4,5782.42
57338,12877,3041,3,7025.18
57339,12878,3024,4,9586.15
57340,12879,3031,3,1147.68
57341,12880,3061,2,3340.34
57342,12881,3018,2,321.55
57343,12882,3056,4,6658.86
57344,12883,3056,1,6658.86
57345,12883,3052,3,9740.53
57346,12883,3042,2,7907.91
57347,12883,3037,2,1061.90
57348,12884,3021,5,5368.53
57349,12884,3015,3,6900.82
57350,12884,3053,2,3472.07
57351,12885,3029,4,5450.71
57352,12885,3022,1,6743.13
57353,12885,3065,4,4583.45
57354,12886,3047,5,5127.70
57355,12887,3031,5,1147.68
57356,12888,3043,4,4586.50
57357,12889,3024,2,9586.15
57358,12889,3015,4,6900.82
57359,12890,3050,3,4067.08
57360,12890,3038,2,4757.40
57361,12890,3046,4,7701.62
57362,12890,3043,1,4586.50
57363,12891,3016,1,3398.57
57364,12891,3004,3,5297.49
57365,12891,3057,3,1230.80
57366,12892,3002,1,8781.78
57367,12892,3047,5,5127.70
57368,12892,3021,4,5368.53
57369,12892,3048,5,3325.11
57370,12893,3035,2,9738.45
57371,12893,3038,3,4757.40
57372,12893,3012,5,2130.35
57373,12893,3017,5,1119.72
57374,12894,3023,4,1658.21
57375,12894,3041,2,7025.18
57376,12894,3051,3,6245.66
57377,12894,3020,4,2084.50
57378,12895,3005,4,3803.74
57379,12896,3043,1,4586.50
57380,12896,3045,3,4665.29
57381,12897,3062,5,995.28
57382,12898,3047,5,5127.70
57383,12898,3010,3,7776.78
57384,12898,3026,5,2782.42
57385,12898,3061,3,3340.34
57386,12899,3009,4,7350.17
57387,12899,3023,2,1658.21
57388,12900,3033,1,6200.52
57389,12900,3043,1,4586.50
57390,12900,3068,5,3066.38
57391,12901,3055,3,5489.82
57392,12901,3021,4,5368.53
57393,12901,3015,1,6900.82
57394,12901,3026,4,2782.42
57395,12902,3049,2,7944.07
57396,12902,3010,4,7776.78
57397,12902,3041,3,7025.18
57398,12903,3020,2,2084.50
57399,12903,3019,3,6423.62
57400,12904,3006,1,9141.20
57401,12904,3066,3,6193.16
57402,12904,3013,5,3936.12
57403,12904,3001,1,2786.82
57404,12905,3057,5,1230.80
57405,12905,3010,5,7776.78
57406,12906,3006,4,9141.20
57407,12906,3033,3,6200.52
57408,12906,3032,5,4321.01
57409,12907,3018,4,321.55
57410,12908,3063,5,8882.89
57411,12909,3002,1,8781.78
57412,12909,3067,3,2135.05
57413,12910,3043,5,4586.50
57414,12911,3070,1,7205.13
57415,12912,3003,3,8310.63
57416,12912,3025,1,2144.12
57417,12912,3028,3,3181.64
57418,12913,3015,1,6900.82
57419,12914,3049,5,7944.07
57420,12914,3029,4,5450.71
57421,12914,3044,5,4804.81
57422,12915,3024,1,9586.15
57423,12916,3009,4,7350.17
57424,12916,3013,4,3936.12
57425,12917,3054,1,7863.71
57426,12917,3003,2,8310.63
57427,12917,3018,3,321.55
57428,12918,3058,5,3320.24
57429,12918,3055,1,5489.82
57430,12918,3034,2,8191.68
57431,12918,3019,3,6423.62
57432,12919,3051,1,6245.66
57433,12919,3021,4,5368.53
57434,12920,3066,5,6193.16
57435,12920,3034,1,8191.68
57436,12920,3042,2,7907.91
57437,12921,3001,1,2786.82
57438,12921,3020,3,2084.50
57439,12921,3032,4,4321.01
57440,12921,3029,3,5450.71
57441,12922,3046,4,7701.62
57442,12922,3064,3,7594.07
57443,12922,3016,4,3398.57
57444,12922,3054,5,7863.71
57445,12923,3028,1,3181.64
57446,12924,3045,2,4665.29
57447,12924,3008,5,1982.10
57448,12924,3039,5,1521.84
57449,12925,3038,3,4757.40
57450,12925,3013,1,3936.12
57451,12925,3051,5,6245.66
57452,12925,3035,4,9738.45
57453,12926,3042,2,7907.91
57454,12926,3025,2,2144.12
57455,12927,3003,2,8310.63
57456,12927,3061,3,3340.34
57457,12928,3050,4,4067.08
57458,12928,3033,1,6200.52
57459,12928,3013,2,3936.12
57460,12928,3024,5,9586.15
57461,12929,3047,3,5127.70
57462,12929,3063,5,8882.89
57463,12929,3033,4,6200.52
57464,12930,3065,1,4583.45
57465,12931,3065,3,4583.45
57466,12931,3026,1,2782.42
57467,12931,3032,5,4321.01
57468,12932,3048,3,3325.11
57469,12932,3035,2,9738.45
57470,12933,3066,5,6193.16
57471,12933,3068,1,3066.38
57472,12933,3046,5,7701.62
57473,12933,3070,2,7205.13
57474,12934,3056,5,6658.86
57475,12935,3048,3,3325.11
57476,12935,3049,5,7944.07
57477,12935,3026,4,2782.42
57478,12935,3023,2,1658.21
57479,12936,3056,4,6658.86
57480,12936,3021,5,5368.53
57481,12936,3018,2,321.55
57482,12936,3031,1,1147.68
57483,12937,3061,2,3340.34
57484,12937,3044,3,4804.81
57485,12938,3069,2,9192.17
57486,12939,3044,2,4804.81
57487,12939,3061,2,3340.34
57488,12939,3005,5,3803.74
57489,12940,3012,4,2130.35
57490,12941,3011,5,8238.17
57491,12941,3004,3,5297.49
57492,12941,3054,3,7863.71
57493,12941,3017,1,1119.72
57494,12942,3050,3,4067.08
57495,12942,3037,4,1061.90
57496,12943,3047,3,5127.70
57497,12943,3028,1,3181.64
57498,12944,3032,2,4321.01
57499,12944,3010,2,7776.78
57500,12944,3004,2,5297.49
57501,12945,3068,4,3066.38
57502,12946,3060,3,788.12
57503,12946,3007,4,8009.35
57504,12946,3055,4,5489.82
57505,12946,3063,2,8882.89
57506,12947,3013,1,3936.12
57507,12948,3038,1,4757.40
57508,12949,3066,2,6193.16
57509,12949,3033,4,6200.52
57510,12950,3051,1,6245.66
57511,12950,3003,5,8310.63
57512,12951,3061,3,3340.34
57513,12951,3045,2,4665.29
57514,12951,3029,2,5450.71
57515,12951,3025,3,2144.12
57516,12952,3029,2,5450.71
57517,12952,3017,3,1119.72
57518,12953,3047,4,5127.70
57519,12953,3064,4,7594.07
57520,12954,3059,3,1843.12
57521,12954,3033,4,6200.52
57522,12955,3007,5,8009.35
57523,12955,3022,5,6743.13
57524,12955,3014,3,139.69
57525,12956,3012,3,2130.35
57526,12956,3013,5,3936.12
57527,12957,3056,4,6658.86
57528,12957,3005,2,3803.74
57529,12957,3030,5,386.03
57530,12958,3051,4,6245.66
57531,12958,3069,5,9192.17
57532,12959,3023,4,1658.21
57533,12959,3003,3,8310.63
57534,12959,3037,5,1061.90
57535,12960,3048,5,3325.11
57536,12960,3065,3,4583.45
57537,12961,3061,5,3340.34
57538,12961,3008,2,1982.10
57539,12961,3050,5,4067.08
57540,12961,3032,3,4321.01
57541,12962,3017,2,1119.72
57542,12962,3007,3,8009.35
57543,12963,3053,4,3472.07
57544,12963,3011,5,8238.17
57545,12963,3054,3,7863.71
57546,12964,3057,5,1230.80
57547,12964,3058,5,3320.24
57548,12964,3068,5,3066.38
57549,12964,3009,4,7350.17
57550,12965,3054,2,7863.71
57551,12965,3011,5,8238.17
57552,12966,3038,1,4757.40
57553,12966,3042,1,7907.91
57554,12966,3018,5,321.55
57555,12967,3057,3,1230.80
57556,12967,3023,1,1658.21
57557,12967,3030,1,386.03
57558,12968,3059,4,1843.12
57559,12968,3028,5,3181.64
57560,12968,3064,4,7594.07
57561,12969,3052,5,9740.53
57562,12969,3026,5,2782.42
57563,12970,3046,5,7701.62
57564,12970,3038,1,4757.40
57565,12970,3064,4,7594.07
57566,12970,3060,5,788.12
57567,12971,3018,1,321.55
57568,12971,3003,5,8310.63
57569,12972,3003,1,8310.63
57570,12973,3033,2,6200.52
57571,12974,3054,3,7863.71
57572,12974,3008,1,1982.10
57573,12974,3051,3,6245.66
57574,12974,3024,4,9586.15
57575,12975,3044,5,4804.81
57576,12975,3014,1,139.69
57577,12975,3033,5,6200.52
57578,12976,3057,1,1230.80
57579,12976,3013,1,3936.12
57580,12976,3002,3,8781.78
57581,12976,3066,3,6193.16
57582,12977,3024,4,9586.15
57583,12977,3035,3,9738.45
57584,12977,3021,5,5368.53
57585,12977,3023,4,1658.21
57586,12978,3045,2,4665.29
57587,12978,3017,1,1119.72
57588,12978,3039,3,1521.84
57589,12978,3067,1,2135.05
57590,12979,3016,1,3398.57
57591,12979,3060,2,788.12
57592,12979,3020,2,2084.50
57593,12979,3043,3,4586.50
57594,12980,3031,2,1147.68
57595,12980,3042,4,7907.91
57596,12981,3048,4,3325.11
57597,12981,3058,2,3320.24
57598,12981,3062,3,995.28
57599,12981,3064,2,7594.07
57600,12982,3043,1,4586.50
57601,12982,3069,2,9192.17
57602,12982,3062,1,995.28
57603,12982,3042,1,7907.91
57604,12983,3057,1,1230.80
57605,12983,3012,4,2130.35
57606,12983,3033,4,6200.52
57607,12984,3024,5,9586.15
57608,12985,3053,1,3472.07
57609,12986,3062,3,995.28
57610,12987,3051,4,6245.66
57611,12987,3053,2,3472.07
57612,12987,3064,1,7594.07
57613,12987,3035,4,9738.45
57614,12988,3022,3,6743.13
57615,12989,3048,4,3325.11
57616,12989,3050,5,4067.08
57617,12990,3007,2,8009.35
57618,12990,3028,3,3181.64
57619,12991,3050,2,4067.08
57620,12991,3048,3,3325.11
57621,12992,3069,4,9192.17
57622,12992,3058,2,3320.24
57623,12992,3049,3,7944.07
57624,12993,3061,5,3340.34
57625,12994,3008,4,1982.10
57626,12995,3067,5,2135.05
57627,12995,3029,3,5450.71
57628,12996,3050,2,4067.08
57629,12996,3035,4,9738.45
57630,12996,3054,1,7863.71
57631,12996,3010,3,7776.78
57632,12997,3052,1,9740.53
57633,12997,3031,5,1147.68
57634,12998,3023,3,1658.21
57635,12998,3057,3,1230.80
57636,12998,3043,2,4586.50
57637,12998,3051,5,6245.66
57638,12999,3041,1,7025.18
57639,13000,3051,1,6245.66
57640,13000,3052,1,9740.53
57641,13000,3028,4,3181.64
57642,13001,3050,1,4067.08
57643,13001,3019,1,6423.62
57644,13002,3010,1,7776.78
57645,13002,3050,4,4067.08
57646,13002,3034,5,8191.68
57647,13003,3008,1,1982.10
57648,13003,3039,2,1521.84
57649,13003,3065,3,4583.45
57650,13003,3014,2,139.69
57651,13004,3032,4,4321.01
57652,13004,3054,2,7863.71
57653,13004,3047,5,5127.70
57654,13004,3021,3,5368.53
57655,13005,3057,3,1230.80
57656,13005,3059,3,1843.12
57657,13005,3061,3,3340.34
57658,13005,3008,5,1982.10
57659,13006,3061,1,3340.34
57660,13007,3050,3,4067.08
57661,13007,3013,3,3936.12
57662,13008,3062,1,995.28
57663,13008,3002,2,8781.78
57664,13009,3028,2,3181.64
57665,13009,3014,2,139.69
57666,13010,3066,4,6193.16
57667,13010,3025,1,2144.12
57668,13010,3061,2,3340.34
57669,13010,3034,1,8191.68
57670,13011,3056,5,6658.86
57671,13011,3070,3,7205.13
57672,13012,3047,4,5127.70
57673,13013,3011,3,8238.17
57674,13013,3018,2,321.55
57675,13013,3009,3,7350.17
57676,13013,3068,1,3066.38
57677,13014,3053,4,3472.07
57678,13014,3011,3,8238.17
57679,13014,3061,3,3340.34
57680,13015,3020,3,2084.50
57681,13015,3029,3,5450.71
57682,13016,3070,5,7205.13
57683,13016,3042,4,7907.91
57684,13017,3056,2,6658.86
57685,13018,3020,2,2084.50
57686,13019,3029,3,5450.71
57687,13019,3031,2,1147.68
57688,13020,3068,2,3066.38
57689,13020,3064,3,7594.07
57690,13020,3014,5,139.69
57691,13020,3048,4,3325.11
57692,13021,3063,5,8882.89
57693,13021,3021,3,5368.53
57694,13021,3053,4,3472.07
57695,13022,3053,3,3472.07
57696,13022,3036,1,5720.11
57697,13022,3047,4,5127.70
57698,13023,3067,1,2135.05
57699,13023,3032,1,4321.01
57700,13024,3046,1,7701.62
57701,13025,3070,4,7205.13
57702,13026,3052,1,9740.53
57703,13026,3040,3,9136.33
57704,13026,3045,5,4665.29
57705,13027,3002,3,8781.78
57706,13028,3014,1,139.69
57707,13029,3063,4,8882.89
57708,13029,3034,1,8191.68
57709,13029,3033,5,6200.52
57710,13029,3064,2,7594.07
57711,13030,3069,4,9192.17
57712,13030,3055,3,5489.82
57713,13030,3049,4,7944.07
57714,13030,3025,3,2144.12
57715,13031,3029,3,5450.71
57716,13031,3030,4,386.03
57717,13032,3036,4,5720.11
57718,13032,3053,5,3472.07
57719,13032,3030,2,386.03
57720,13032,3026,2,2782.42
57721,13033,3022,3,6743.13
57722,13033,3065,1,4583.45
57723,13033,3015,2,6900.82
57724,13033,3010,2,7776.78
57725,13034,3038,3,4757.40
57726,13034,3027,3,5782.42
57727,13034,3064,1,7594.07
57728,13034,3032,3,4321.01
57729,13035,3015,1,6900.82
57730,13035,3038,3,4757.40
57731,13036,3033,4,6200.52
57732,13037,3054,5,7863.71
57733,13037,3004,4,5297.49
57734,13038,3021,5,5368.53
57735,13038,3010,4,7776.78
57736,13038,3035,4,9738.45
57737,13038,3046,2,7701.62
57738,13039,3049,5,7944.07
57739,13039,3003,1,8310.63
57740,13039,3069,5,9192.17
57741,13039,3041,5,7025.18
57742,13040,3057,3,1230.80
57743,13041,3030,2,386.03
57744,13041,3050,5,4067.08
57745,13041,3056,4,6658.86
57746,13041,3047,5,5127.70
57747,13042,3068,5,3066.38
57748,13042,3058,5,3320.24
57749,13042,3039,3,1521.84
57750,13043,3058,1,3320.24
57751,13043,3015,5,6900.82
57752,13043,3032,5,4321.01
57753,13044,3034,4,8191.68
57754,13044,3050,2,4067.08
57755,13044,3009,5,7350.17
57756,13045,3024,3,9586.15
57757,13045,3044,4,4804.81
57758,13045,3062,4,995.28
57759,13046,3036,1,5720.11
57760,13046,3031,2,1147.68
57761,13046,3057,2,1230.80
57762,13046,3021,5,5368.53
57763,13047,3066,3,6193.16
57764,13047,3059,4,1843.12
57765,13047,3057,1,1230.80
57766,13048,3067,4,2135.05
57767,13049,3048,2,3325.11
57768,13049,3064,2,7594.07
57769,13049,3069,2,9192.17
57770,13050,3004,1,5297.49
57771,13051,3002,3,8781.78
57772,13051,3041,1,7025.18
57773,13051,3037,4,1061.90
57774,13052,3049,5,7944.07
57775,13052,3042,3,7907.91
57776,13053,3005,5,3803.74
57777,13053,3042,2,7907.91
57778,13053,3009,3,7350.17
57779,13054,3024,2,9586.15
57780,13054,3038,4,4757.40
57781,13054,3053,1,3472.07
57782,13055,3025,2,2144.12
57783,13055,3030,1,386.03
57784,13056,3044,2,4804.81
57785,13056,3031,3,1147.68
57786,13056,3026,5,2782.42
57787,13056,3048,4,3325.11
57788,13057,3070,2,7205.13
57789,13057,3003,5,8310.63
57790,13057,3051,2,6245.66
57791,13058,3052,1,9740.53
57792,13059,3063,5,8882.89
57793,13059,3042,2,7907.91
57794,13059,3061,4,3340.34
57795,13059,3065,2,4583.45
57796,13060,3055,4,5489.82
57797,13060,3032,2,4321.01
57798,13060,3007,5,8009.35
57799,13060,3061,5,3340.34
57800,13061,3056,4,6658.86
57801,13061,3050,1,4067.08
57802,13062,3064,1,7594.07
57803,13062,3065,1,4583.45
57804,13062,3042,3,7907.91
57805,13062,3043,3,4586.50
57806,13063,3006,5,9141.20
57807,13063,3057,4,1230.80
57808,13063,3018,2,321.55
57809,13064,3011,1,8238.17
57810,13065,3030,3,386.03
57811,13065,3024,2,9586.15
57812,13065,3019,4,6423.62
57813,13065,3052,5,9740.53
57814,13066,3045,4,4665.29
57815,13066,3038,2,4757.40
57816,13067,3043,5,4586.50
57817,13068,3011,4,8238.17
57818,13068,3045,1,4665.29
57819,13068,3055,1,5489.82
57820,13069,3057,3,1230.80
57821,13069,3041,3,7025.18
57822,13069,3027,5,5782.42
57823,13069,3022,1,6743.13
57824,13070,3005,4,3803.74
57825,13070,3065,3,4583.45
57826,13070,3039,3,1521.84
57827,13070,3001,2,2786.82
57828,13071,3047,2,5127.70
57829,13072,3044,5,4804.81
57830,13072,3062,2,995.28
57831,13072,3019,5,6423.62
57832,13072,3056,3,6658.86
57833,13073,3059,1,1843.12
57834,13074,3011,4,8238.17
57835,13074,3025,5,2144.12
57836,13074,3006,4,9141.20
57837,13075,3024,1,9586.15
57838,13075,3009,3,7350.17
57839,13075,3017,4,1119.72
57840,13075,3069,5,9192.17
57841,13076,3058,2,3320.24
57842,13076,3004,4,5297.49
57843,13077,3029,1,5450.71
57844,13077,3058,3,3320.24
57845,13077,3020,5,2084.50
57846,13078,3040,2,9136.33
57847,13078,3011,4,8238.17
57848,13079,3062,2,995.28
57849,13080,3055,2,5489.82
57850,13081,3068,3,3066.38
57851,13082,3005,5,3803.74
57852,13082,3053,3,3472.07
57853,13083,3055,1,5489.82
57854,13083,3067,4,2135.05
57855,13084,3021,4,5368.53
57856,13084,3026,3,2782.42
57857,13084,3069,4,9192.17
57858,13084,3051,1,6245.66
57859,13085,3061,5,3340.34
57860,13085,3062,3,995.28
57861,13085,3048,4,3325.11
57862,13085,3045,2,4665.29
57863,13086,3038,3,4757.40
57864,13086,3013,4,3936.12
57865,13086,3001,4,2786.82
57866,13087,3046,3,7701.62
57867,13087,3002,1,8781.78
57868,13088,3043,5,4586.50
57869,13088,3069,5,9192.17
57870,13089,3004,5,5297.49
57871,13090,3042,2,7907.91
57872,13090,3068,2,3066.38
57873,13090,3058,3,3320.24
57874,13091,3065,2,4583.45
57875,13091,3038,1,4757.40
57876,13091,3047,5,5127.70
57877,13091,3061,1,3340.34
57878,13092,3037,1,1061.90
57879,13092,3015,3,6900.82
57880,13093,3048,1,3325.11
57881,13094,3039,4,1521.84
57882,13094,3032,1,4321.01
57883,13094,3015,5,6900.82
57884,13094,3052,1,9740.53
57885,13095,3015,4,6900.82
57886,13095,3012,4,2130.35
57887,13095,3044,1,4804.81
57888,13095,3047,2,5127.70
57889,13096,3003,3,8310.63
57890,13096,3036,1,5720.11
57891,13096,3057,1,1230.80
57892,13097,3040,3,9136.33
57893,13098,3005,4,3803.74
57894,13098,3018,1,321.55
57895,13098,3017,4,1119.72
57896,13099,3050,3,4067.08
57897,13100,3031,3,1147.68
57898,13100,3043,5,4586.50
57899,13100,3056,1,6658.86
57900,13101,3051,5,6245.66
57901,13101,3028,2,3181.64
57902,13102,3038,3,4757.40
57903,13102,3063,3,8882.89
57904,13102,3018,3,321.55
57905,13102,3022,5,6743.13
57906,13103,3063,1,8882.89
57907,13104,3031,1,1147.68
57908,13104,3045,3,4665.29
57909,13105,3034,5,8191.68
57910,13105,3035,4,9738.45
57911,13106,3032,3,4321.01
57912,13106,3005,2,3803.74
57913,13106,3006,5,9141.20
57914,13106,3034,5,8191.68
57915,13107,3035,5,9738.45
57916,13108,3064,3,7594.07
57917,13108,3022,1,6743.13
57918,13108,3041,5,7025.18
57919,13108,3014,4,139.69
57920,13109,3057,1,1230.80
57921,13110,3027,5,5782.42
57922,13110,3010,5,7776.78
57923,13110,3064,1,7594.07
57924,13110,3002,4,8781.78
57925,13111,3069,2,9192.17
57926,13111,3014,5,139.69
57927,13111,3029,3,5450.71
57928,13111,3003,4,8310.63
57929,13112,3024,5,9586.15
57930,13113,3047,1,5127.70
57931,13114,3049,3,7944.07
57932,13115,3034,2,8191.68
57933,13115,3053,3,3472.07
57934,13115,3050,4,4067.08
57935,13116,3015,3,6900.82
57936,13116,3020,2,2084.50
57937,13117,3014,5,139.69
57938,13117,3017,5,1119.72
57939,13117,3057,4,1230.80
57940,13117,3052,4,9740.53
57941,13118,3021,4,5368.53
57942,13118,3046,5,7701.62
57943,13119,3063,1,8882.89
57944,13119,3036,5,5720.11
57945,13119,3047,1,5127.70
57946,13120,3016,1,3398.57
57947,13120,3060,3,788.12
57948,13120,3030,4,386.03
57949,13120,3029,1,5450.71
57950,13121,3005,1,3803.74
57951,13121,3036,3,5720.11
57952,13121,3023,3,1658.21
57953,13121,3049,4,7944.07
57954,13122,3054,3,7863.71
57955,13123,3034,3,8191.68
57956,13124,3048,2,3325.11
57957,13125,3034,2,8191.68
57958,13125,3037,5,1061.90
57959,13125,3045,4,4665.29
57960,13125,3065,5,4583.45
57961,13126,3048,5,3325.11
57962,13126,3033,1,6200.52
57963,13126,3012,2,2130.35
57964,13127,3006,4,9141.20
57965,13127,3033,2,6200.52
57966,13127,3065,1,4583.45
57967,13127,3063,5,8882.89
57968,13128,3025,2,2144.12
57969,13128,3057,5,1230.80
57970,13129,3042,4,7907.91
57971,13129,3022,4,6743.13
57972,13129,3040,1,9136.33
57973,13129,3023,4,1658.21
57974,13130,3016,3,3398.57
57975,13130,3040,3,9136.33
57976,13130,3056,1,6658.86
57977,13131,3056,2,6658.86
57978,13131,3016,3,3398.57
57979,13132,3037,3,1061.90
57980,13132,3020,3,2084.50
57981,13133,3050,2,4067.08
57982,13133,3012,4,2130.35
57983,13133,3026,2,2782.42
57984,13134,3027,5,5782.42
57985,13135,3016,1,3398.57
57986,13135,3047,1,5127.70
57987,13135,3045,5,4665.29
57988,13136,3035,2,9738.45
57989,13136,3017,4,1119.72
57990,13136,3047,3,5127.70
57991,13137,3048,4,3325.11
57992,13138,3066,3,6193.16
57993,13139,3002,2,8781.78
57994,13139,3057,4,1230.80
57995,13140,3020,4,2084.50
57996,13141,3027,1,5782.42
57997,13141,3040,2,9136.33
57998,13142,3063,1,8882.89
57999,13142,3068,2,3066.38
58000,13143,3053,2,3472.07
58001,13143,3061,4,3340.34
58002,13144,3032,4,4321.01
58003,13144,3020,2,2084.50
58004,13145,3058,4,3320.24
58005,13145,3055,5,5489.82
58006,13145,3057,3,1230.80
58007,13145,3038,5,4757.40
58008,13146,3038,4,4757.40
58009,13147,3059,5,1843.12
58010,13147,3038,5,4757.40
58011,13147,3020,2,2084.50
58012,13147,3035,1,9738.45
58013,13148,3054,3,7863.71
58014,13148,3063,4,8882.89
58015,13149,3052,5,9740.53
58016,13149,3053,3,3472.07
58017,13150,3043,2,4586.50
58018,13151,3055,2,5489.82
58019,13151,3057,1,1230.80
58020,13151,3065,2,4583.45
58021,13151,3027,1,5782.42
58022,13152,3016,4,3398.57
58023,13152,3027,5,5782.42
58024,13152,3014,1,139.69
58025,13152,3062,3,995.28
58026,13153,3039,2,1521.84
58027,13153,3006,5,9141.20
58028,13154,3025,1,2144.12
58029,13154,3026,3,2782.42
58030,13155,3066,1,6193.16
58031,13156,3051,4,6245.66
58032,13157,3070,2,7205.13
58033,13157,3002,4,8781.78
58034,13157,3021,2,5368.53
58035,13158,3016,5,3398.57
58036,13159,3065,5,4583.45
58037,13159,3068,3,3066.38
58038,13160,3010,3,7776.78
58039,13160,3015,3,6900.82
58040,13161,3062,1,995.28
58041,13161,3070,3,7205.13
58042,13162,3032,5,4321.01
58043,13162,3034,1,8191.68
58044,13162,3012,1,2130.35
58045,13162,3041,4,7025.18
58046,13163,3002,2,8781.78
58047,13163,3065,4,4583.45
58048,13163,3054,3,7863.71
58049,13163,3024,1,9586.15
58050,13164,3051,4,6245.66
58051,13164,3005,2,3803.74
58052,13164,3019,2,6423.62
58053,13165,3064,3,7594.07
58054,13165,3017,1,1119.72
58055,13165,3019,5,6423.62
58056,13166,3055,2,5489.82
58057,13166,3013,3,3936.12
58058,13167,3054,2,7863.71
58059,13168,3008,5,1982.10
58060,13169,3005,4,3803.74
58061,13169,3010,5,7776.78
58062,13169,3042,5,7907.91
58063,13170,3003,1,8310.63
58064,13170,3051,1,6245.66
58065,13170,3018,5,321.55
58066,13170,3068,5,3066.38
58067,13171,3046,4,7701.62
58068,13171,3024,4,9586.15
58069,13171,3055,3,5489.82
58070,13171,3068,1,3066.38
58071,13172,3054,4,7863.71
58072,13172,3012,5,2130.35
58073,13173,3015,1,6900.82
58074,13173,3038,4,4757.40
58075,13174,3061,1,3340.34
58076,13174,3026,5,2782.42
58077,13175,3011,2,8238.17
58078,13175,3036,5,5720.11
58079,13175,3026,1,2782.42
58080,13175,3003,5,8310.63
58081,13176,3004,3,5297.49
58082,13176,3007,4,8009.35
58083,13177,3051,4,6245.66
58084,13177,3006,1,9141.20
58085,13178,3037,3,1061.90
58086,13178,3064,5,7594.07
58087,13179,3058,5,3320.24
58088,13179,3067,5,2135.05
58089,13179,3069,2,9192.17
58090,13180,3030,2,386.03
58091,13181,3030,2,386.03
58092,13181,3069,2,9192.17
58093,13181,3016,5,3398.57
58094,13181,3043,2,4586.50
58095,13182,3018,2,321.55
58096,13182,3059,3,1843.12
58097,13183,3005,5,3803.74
58098,13183,3015,2,6900.82
58099,13183,3038,5,4757.40
58100,13184,3063,2,8882.89
58101,13184,3048,1,3325.11
58102,13184,3038,5,4757.40
58103,13185,3040,5,9136.33
58104,13185,3047,1,5127.70
58105,13185,3035,1,9738.45
58106,13185,3059,4,1843.12
58107,13186,3035,2,9738.45
58108,13186,3055,4,5489.82
58109,13187,3067,3,2135.05
58110,13187,3031,3,1147.68
58111,13187,3062,1,995.28
58112,13187,3045,3,4665.29
58113,13188,3070,3,7205.13
58114,13188,3032,1,4321.01
58115,13188,3064,1,7594.07
58116,13189,3060,1,788.12
58117,13189,3005,4,3803.74
58118,13189,3007,2,8009.35
58119,13189,3025,1,2144.12
58120,13190,3030,3,386.03
58121,13191,3037,2,1061.90
58122,13192,3031,3,1147.68
58123,13192,3015,4,6900.82
58124,13193,3034,1,8191.68
58125,13193,3003,3,8310.63
58126,13193,3015,4,6900.82
58127,13193,3007,1,8009.35
58128,13194,3026,2,2782.42
58129,13195,3024,2,9586.15
58130,13195,3001,2,2786.82
58131,13195,3056,4,6658.86
58132,13196,3027,1,5782.42
58133,13197,3036,2,5720.11
58134,13197,3017,2,1119.72
58135,13197,3050,1,4067.08
58136,13197,3052,4,9740.53
58137,13198,3038,1,4757.40
58138,13199,3025,1,2144.12
58139,13199,3014,1,139.69
58140,13200,3011,3,8238.17
58141,13200,3058,4,3320.24
58142,13200,3016,3,3398.57
58143,13200,3038,1,4757.40
58144,13201,3015,5,6900.82
58145,13201,3047,1,5127.70
58146,13201,3004,5,5297.49
58147,13202,3001,3,2786.82
58148,13203,3057,4,1230.80
58149,13203,3030,2,386.03
58150,13203,3046,3,7701.62
58151,13203,3021,5,5368.53
58152,13204,3012,2,2130.35
58153,13204,3061,3,3340.34
58154,13204,3056,2,6658.86
58155,13205,3015,2,6900.82
58156,13205,3031,2,1147.68
58157,13205,3004,5,5297.49
58158,13206,3062,4,995.28
58159,13206,3013,3,3936.12
58160,13206,3007,4,8009.35
58161,13206,3051,1,6245.66
58162,13207,3038,2,4757.40
58163,13207,3022,3,6743.13
58164,13208,3057,5,1230.80
58165,13208,3037,1,1061.90
58166,13208,3011,3,8238.17
58167,13208,3039,4,1521.84
58168,13209,3064,3,7594.07
58169,13210,3020,4,2084.50
58170,13210,3017,5,1119.72
58171,13211,3045,3,4665.29
58172,13211,3021,5,5368.53
58173,13211,3051,4,6245.66
58174,13211,3016,5,3398.57
58175,13212,3052,5,9740.53
58176,13213,3013,1,3936.12
58177,13213,3062,3,995.28
58178,13214,3012,1,2130.35
58179,13215,3021,2,5368.53
58180,13215,3034,3,8191.68
58181,13215,3015,5,6900.82
58182,13216,3047,4,5127.70
58183,13216,3040,2,9136.33
58184,13216,3054,1,7863.71
58185,13217,3057,4,1230.80
58186,13217,3010,3,7776.78
58187,13218,3001,4,2786.82
58188,13219,3042,5,7907.91
58189,13219,3040,3,9136.33
58190,13219,3041,4,7025.18
58191,13219,3007,1,8009.35
58192,13220,3033,1,6200.52
58193,13220,3001,1,2786.82
58194,13221,3052,4,9740.53
58195,13221,3012,1,2130.35
58196,13221,3060,2,788.12
58197,13221,3004,1,5297.49
58198,13222,3014,2,139.69
58199,13223,3028,5,3181.64
58200,13223,3069,1,9192.17
58201,13223,3029,4,5450.71
58202,13223,3012,2,2130.35
58203,13224,3032,3,4321.01
58204,13225,3049,1,7944.07
58205,13225,3046,1,7701.62
58206,13225,3055,1,5489.82
58207,13225,3034,5,8191.68
58208,13226,3041,3,7025.18
58209,13227,3052,4,9740.53
58210,13227,3008,5,1982.10
58211,13228,3038,1,4757.40
58212,13228,3010,4,7776.78
58213,13229,3027,3,5782.42
58214,13229,3035,1,9738.45
58215,13229,3023,1,1658.21
58216,13230,3061,4,3340.34
58217,13230,3041,4,7025.18
58218,13230,3038,2,4757.40
58219,13231,3068,2,3066.38
58220,13231,3019,1,6423.62
58221,13231,3017,4,1119.72
58222,13232,3017,4,1119.72
58223,13232,3010,5,7776.78
58224,13232,3011,3,8238.17
58225,13233,3008,1,1982.10
58226,13233,3029,3,5450.71
58227,13233,3067,5,2135.05
58228,13233,3045,2,4665.29
58229,13234,3036,4,5720.11
58230,13234,3055,3,5489.82
58231,13235,3009,3,7350.17
58232,13235,3064,4,7594.07
58233,13236,3042,1,7907.91
58234,13236,3025,4,2144.12
58235,13236,3030,3,386.03
58236,13237,3002,3,8781.78
58237,13237,3056,3,6658.86
58238,13237,3005,1,3803.74
58239,13238,3028,4,3181.64
58240,13239,3029,3,5450.71
58241,13240,3031,5,1147.68
58242,13240,3014,5,139.69
58243,13240,3002,1,8781.78
58244,13240,3064,4,7594.07
58245,13241,3042,1,7907.91
58246,13241,3058,5,3320.24
58247,13241,3049,5,7944.07
58248,13241,3007,2,8009.35
58249,13242,3036,1,5720.11
58250,13243,3036,3,5720.11
58251,13243,3037,4,1061.90
58252,13243,3063,2,8882.89
58253,13244,3035,3,9738.45
58254,13244,3029,5,5450.71
58255,13245,3032,1,4321.01
58256,13245,3056,4,6658.86
58257,13245,3062,5,995.28
58258,13245,3005,3,3803.74
58259,13246,3047,1,5127.70
58260,13246,3031,4,1147.68
58261,13247,3007,5,8009.35
58262,13247,3033,2,6200.52
58263,13247,3001,4,2786.82
58264,13248,3011,1,8238.17
58265,13249,3051,1,6245.66
58266,13249,3058,5,3320.24
58267,13249,3035,3,9738.45
58268,13250,3003,3,8310.63
58269,13250,3042,1,7907.91
58270,13251,3062,1,995.28
58271,13251,3020,5,2084.50
58272,13251,3065,3,4583.45
58273,13252,3020,1,2084.50
58274,13252,3050,4,4067.08
58275,13252,3051,2,6245.66
58276,13252,3065,5,4583.45
58277,13253,3037,4,1061.90
58278,13253,3010,1,7776.78
58279,13254,3045,3,4665.29
58280,13255,3049,2,7944.07
58281,13256,3066,4,6193.16
58282,13256,3004,5,5297.49
58283,13256,3069,2,9192.17
58284,13256,3007,1,8009.35
58285,13257,3020,1,2084.50
58286,13258,3043,2,4586.50
58287,13258,3018,2,321.55
58288,13258,3020,1,2084.50
58289,13258,3021,2,5368.53
58290,13259,3050,2,4067.08
58291,13259,3063,3,8882.89
58292,13259,3064,1,7594.07
58293,13260,3067,4,2135.05
58294,13260,3045,1,4665.29
58295,13261,3023,1,1658.21
58296,13261,3059,2,1843.12
58297,13261,3015,3,6900.82
58298,13261,3034,2,8191.68
58299,13262,3064,3,7594.07
58300,13262,3025,4,2144.12
58301,13262,3019,2,6423.62
58302,13262,3026,4,2782.42
58303,13263,3024,2,9586.15
58304,13263,3013,1,3936.12
58305,13263,3040,5,9136.33
58306,13264,3024,5,9586.15
58307,13264,3005,2,3803.74
58308,13264,3057,4,1230.80
58309,13265,3015,4,6900.82
58310,13265,3048,1,3325.11
58311,13265,3066,5,6193.16
58312,13266,3019,3,6423.62
58313,13266,3044,5,4804.81
58314,13266,3007,2,8009.35
58315,13267,3029,3,5450.71
58316,13267,3001,5,2786.82
58317,13267,3047,4,5127.70
58318,13268,3029,4,5450.71
58319,13268,3051,2,6245.66
58320,13268,3038,4,4757.40
58321,13268,3024,5,9586.15
58322,13269,3059,5,1843.12
58323,13269,3020,1,2084.50
58324,13269,3029,4,5450.71
58325,13270,3017,5,1119.72
58326,13271,3011,3,8238.17
58327,13271,3031,1,1147.68
58328,13272,3010,2,7776.78
58329,13273,3007,1,8009.35
58330,13273,3014,4,139.69
58331,13274,3025,2,2144.12
58332,13274,3048,3,3325.11
58333,13274,3006,4,9141.20
58334,13275,3068,2,3066.38
58335,13275,3037,2,1061.90
58336,13275,3014,2,139.69
58337,13276,3024,2,9586.15
58338,13276,3030,1,386.03
58339,13277,3032,1,4321.01
58340,13277,3068,5,3066.38
58341,13277,3042,3,7907.91
58342,13277,3061,2,3340.34
58343,13278,3032,4,4321.01
58344,13279,3068,3,3066.38
58345,13280,3067,1,2135.05
58346,13280,3027,2,5782.42
58347,13280,3062,1,995.28
58348,13280,3022,4,6743.13
58349,13281,3018,1,321.55
58350,13281,3049,5,7944.07
58351,13282,3027,4,5782.42
58352,13283,3048,1,3325.11
58353,13284,3010,5,7776.78
58354,13284,3058,3,3320.24
58355,13285,3070,2,7205.13
58356,13285,3032,4,4321.01
58357,13285,3001,3,2786.82
58358,13286,3030,2,386.03
58359,13286,3070,2,7205.13
58360,13286,3016,4,3398.57
58361,13286,3013,1,3936.12
58362,13287,3035,3,9738.45
58363,13287,3051,3,6245.66
58364,13287,3022,3,6743.13
58365,13288,3004,1,5297.49
58366,13288,3057,1,1230.80
58367,13288,3063,3,8882.89
58368,13289,3046,5,7701.62
58369,13289,3042,5,7907.91
58370,13290,3027,5,5782.42
58371,13290,3034,1,8191.68
58372,13291,3066,1,6193.16
58373,13292,3030,3,386.03
58374,13292,3067,1,2135.05
58375,13293,3069,4,9192.17
58376,13293,3036,4,5720.11
58377,13294,3044,4,4804.81
58378,13294,3066,3,6193.16
58379,13295,3060,3,788.12
58380,13295,3009,4,7350.17
58381,13296,3013,2,3936.12
58382,13296,3042,1,7907.91
58383,13296,3031,4,1147.68
58384,13297,3049,4,7944.07
58385,13298,3064,2,7594.07
58386,13298,3008,1,1982.10
58387,13298,3052,1,9740.53
58388,13298,3028,5,3181.64
58389,13299,3056,1,6658.86
58390,13300,3043,3,4586.50
58391,13301,3004,4,5297.49
58392,13301,3032,2,4321.01
58393,13302,3025,3,2144.12
58394,13303,3030,4,386.03
58395,13304,3010,4,7776.78
58396,13304,3060,5,788.12
58397,13304,3002,2,8781.78
58398,13304,3028,1,3181.64
58399,13305,3013,1,3936.12
58400,13305,3069,3,9192.17
58401,13305,3018,3,321.55
58402,13305,3007,5,8009.35
58403,13306,3006,2,9141.20
58404,13306,3062,1,995.28
58405,13307,3024,2,9586.15
58406,13307,3035,3,9738.45
58407,13307,3058,4,3320.24
58408,13307,3039,5,1521.84
58409,13308,3062,3,995.28
58410,13308,3032,3,4321.01
58411,13308,3019,1,6423.62
58412,13309,3043,4,4586.50
58413,13309,3018,4,321.55
58414,13309,3004,5,5297.49
58415,13309,3029,1,5450.71
58416,13310,3004,2,5297.49
58417,13310,3058,1,3320.24
58418,13311,3062,3,995.28
58419,13311,3003,3,8310.63
58420,13311,3030,1,386.03
58421,13312,3054,5,7863.71
58422,13313,3036,3,5720.11
58423,13313,3042,4,7907.91
58424,13313,3056,5,6658.86
58425,13314,3058,3,3320.24
58426,13315,3024,3,9586.15
58427,13315,3005,1,3803.74
58428,13315,3041,3,7025.18
58429,13316,3048,3,3325.11
58430,13317,3062,1,995.28
58431,13317,3036,1,5720.11
58432,13317,3002,4,8781.78
58433,13317,3023,4,1658.21
58434,13318,3032,1,4321.01
58435,13318,3005,2,3803.74
58436,13318,3004,3,5297.49
58437,13319,3039,1,1521.84
58438,13320,3069,4,9192.17
58439,13320,3007,1,8009.35
58440,13320,3050,5,4067.08
58441,13321,3033,3,6200.52
58442,13322,3046,1,7701.62
58443,13322,3040,1,9136.33
58444,13322,3067,1,2135.05
58445,13322,3033,1,6200.52
58446,13323,3005,4,3803.74
58447,13323,3003,3,8310.63
58448,13323,3038,3,4757.40
58449,13324,3060,2,788.12
58450,13324,3050,3,4067.08
58451,13324,3068,5,3066.38
58452,13325,3045,1,4665.29
58453,13325,3022,3,6743.13
58454,13325,3047,5,5127.70
58455,13325,3053,5,3472.07
58456,13326,3037,4,1061.90
58457,13326,3051,2,6245.66
58458,13327,3057,1,1230.80
58459,13327,3055,2,5489.82
58460,13327,3008,5,1982.10
58461,13328,3061,5,3340.34
58462,13329,3011,1,8238.17
58463,13329,3012,2,2130.35
58464,13329,3065,1,4583.45
58465,13330,3046,5,7701.62
58466,13330,3023,1,1658.21
58467,13330,3048,3,3325.11
58468,13330,3008,5,1982.10
58469,13331,3003,1,8310.63
58470,13331,3040,3,9136.33
58471,13331,3031,1,1147.68
58472,13332,3010,3,7776.78
58473,13332,3064,4,7594.07
58474,13332,3033,4,6200.52
58475,13332,3056,4,6658.86
58476,13333,3013,2,3936.12
58477,13333,3006,2,9141.20
58478,13334,3016,4,3398.57
58479,13334,3059,4,1843.12
58480,13335,3021,3,5368.53
58481,13336,3049,5,7944.07
58482,13336,3013,3,3936.12
58483,13336,3053,3,3472.07
58484,13337,3049,3,7944.07
58485,13337,3054,5,7863.71
58486,13337,3037,5,1061.90
58487,13338,3033,1,6200.52
58488,13338,3040,5,9136.33
58489,13339,3024,1,9586.15
58490,13339,3066,1,6193.16
58491,13340,3057,3,1230.80
58492,13340,3017,3,1119.72
58493,13341,3021,3,5368.53
58494,13341,3059,3,1843.12
58495,13341,3042,5,7907.91
58496,13341,3012,5,2130.35
58497,13342,3003,4,8310.63
58498,13342,3001,3,2786.82
58499,13342,3040,5,9136.33
58500,13343,3052,3,9740.53
58501,13343,3031,5,1147.68
58502,13343,3020,5,2084.50
58503,13344,3003,4,8310.63
58504,13344,3062,4,995.28
58505,13344,3032,3,4321.01
58506,13344,3051,5,6245.66
58507,13345,3027,3,5782.42
58508,13345,3058,2,3320.24
58509,13345,3068,3,3066.38
58510,13345,3006,2,9141.20
58511,13346,3015,4,6900.82
58512,13346,3013,1,3936.12
58513,13346,3069,4,9192.17
58514,13347,3069,3,9192.17
58515,13347,3058,4,3320.24
58516,13348,3059,1,1843.12
58517,13348,3056,5,6658.86
58518,13348,3055,1,5489.82
58519,13348,3052,5,9740.53
58520,13349,3025,3,2144.12
58521,13350,3049,2,7944.07
58522,13350,3033,3,6200.52
58523,13351,3015,4,6900.82
58524,13351,3058,5,3320.24
58525,13352,3002,4,8781.78
58526,13352,3068,3,3066.38
58527,13352,3046,5,7701.62
58528,13352,3054,1,7863.71
58529,13353,3048,4,3325.11
58530,13354,3054,1,7863.71
58531,13354,3063,3,8882.89
58532,13355,3058,3,3320.24
58533,13355,3062,1,995.28
58534,13355,3015,3,6900.82
58535,13356,3060,1,788.12
58536,13356,3008,1,1982.10
58537,13356,3018,3,321.55
58538,13356,3047,3,5127.70
58539,13357,3033,5,6200.52
58540,13357,3037,5,1061.90
58541,13357,3005,5,3803.74
58542,13358,3059,3,1843.12
58543,13358,3042,4,7907.91
58544,13358,3017,2,1119.72
58545,13359,3034,3,8191.68
58546,13359,3035,4,9738.45
58547,13359,3046,4,7701.62
58548,13359,3044,4,4804.81
58549,13360,3031,3,1147.68
58550,13360,3044,2,4804.81
58551,13361,3043,1,4586.50
58552,13362,3028,2,3181.64
58553,13362,3002,4,8781.78
58554,13362,3058,4,3320.24
58555,13363,3068,4,3066.38
58556,13363,3019,4,6423.62
58557,13364,3065,5,4583.45
58558,13364,3064,5,7594.07
58559,13364,3008,3,1982.10
58560,13365,3055,1,5489.82
58561,13365,3052,2,9740.53
58562,13366,3055,4,5489.82
58563,13366,3070,4,7205.13
58564,13366,3004,3,5297.49
58565,13366,3024,3,9586.15
58566,13367,3037,3,1061.90
58567,13367,3026,1,2782.42
58568,13368,3062,5,995.28
58569,13369,3014,4,139.69
58570,13369,3056,4,6658.86
58571,13369,3046,4,7701.62
58572,13369,3029,5,5450.71
58573,13370,3018,1,321.55
58574,13370,3036,4,5720.11
58575,13370,3063,3,8882.89
58576,13371,3015,4,6900.82
58577,13372,3055,1,5489.82
58578,13372,3043,4,4586.50
58579,13373,3044,3,4804.81
58580,13373,3023,1,1658.21
58581,13374,3050,5,4067.08
58582,13375,3045,4,4665.29
58583,13376,3068,2,3066.38
58584,13376,3008,2,1982.10
58585,13376,3062,1,995.28
58586,13376,3066,4,6193.16
58587,13377,3003,5,8310.63
58588,13378,3026,2,2782.42
58589,13379,3003,4,8310.63
58590,13379,3019,3,6423.62
58591,13379,3027,2,5782.42
58592,13380,3056,3,6658.86
58593,13380,3023,5,1658.21
58594,13381,3013,4,3936.12
58595,13381,3001,5,2786.82
58596,13381,3012,3,2130.35
58597,13382,3016,2,3398.57
58598,13383,3054,2,7863.71
58599,13383,3034,1,8191.68
58600,13383,3006,1,9141.20
58601,13384,3060,3,788.12
58602,13384,3013,4,3936.12
58603,13385,3045,2,4665.29
58604,13385,3013,1,3936.12
58605,13385,3011,2,8238.17
58606,13386,3008,5,1982.10
58607,13386,3048,4,3325.11
58608,13387,3056,5,6658.86
58609,13387,3033,3,6200.52
58610,13387,3020,2,2084.50
58611,13387,3028,5,3181.64
58612,13388,3062,3,995.28
58613,13388,3046,2,7701.62
58614,13389,3050,4,4067.08
58615,13389,3032,2,4321.01
58616,13389,3061,3,3340.34
58617,13390,3007,2,8009.35
58618,13390,3032,4,4321.01
58619,13390,3002,4,8781.78
58620,13391,3011,5,8238.17
58621,13391,3059,2,1843.12
58622,13392,3052,2,9740.53
58623,13393,3006,2,9141.20
58624,13393,3043,2,4586.50
58625,13393,3046,4,7701.62
58626,13394,3019,2,6423.62
58627,13394,3036,4,5720.11
58628,13394,3040,2,9136.33
58629,13394,3066,4,6193.16
58630,13395,3063,5,8882.89
58631,13395,3031,3,1147.68
58632,13395,3066,5,6193.16
58633,13395,3068,1,3066.38
58634,13396,3068,4,3066.38
58635,13396,3056,2,6658.86
58636,13397,3062,4,995.28
58637,13397,3033,5,6200.52
58638,13397,3064,1,7594.07
58639,13397,3069,1,9192.17
58640,13398,3003,2,8310.63
58641,13398,3057,5,1230.80
58642,13398,3049,4,7944.07
58643,13399,3041,3,7025.18
58644,13399,3024,4,9586.15
58645,13399,3037,2,1061.90
58646,13399,3013,1,3936.12
58647,13400,3019,1,6423.62
58648,13401,3003,1,8310.63
58649,13401,3034,4,8191.68
58650,13401,3010,1,7776.78
58651,13402,3018,5,321.55
58652,13403,3032,2,4321.01
58653,13403,3059,4,1843.12
58654,13403,3008,3,1982.10
58655,13404,3068,2,3066.38
58656,13404,3013,3,3936.12
58657,13404,3038,3,4757.40
58658,13404,3051,1,6245.66
58659,13405,3027,3,5782.42
58660,13406,3009,1,7350.17
58661,13406,3011,1,8238.17
58662,13407,3066,4,6193.16
58663,13407,3039,4,1521.84
58664,13407,3048,2,3325.11
58665,13408,3029,4,5450.71
58666,13409,3006,1,9141.20
58667,13410,3036,3,5720.11
58668,13410,3025,4,2144.12
58669,13410,3012,1,2130.35
58670,13410,3058,4,3320.24
58671,13411,3001,1,2786.82
58672,13411,3024,4,9586.15
58673,13412,3059,2,1843.12
58674,13412,3028,5,3181.64
58675,13413,3006,3,9141.20
58676,13413,3011,5,8238.17
58677,13413,3001,2,2786.82
58678,13413,3013,4,3936.12
58679,13414,3010,2,7776.78
58680,13414,3021,3,5368.53
58681,13415,3001,4,2786.82
58682,13416,3027,5,5782.42
58683,13417,3043,1,4586.50
58684,13417,3035,2,9738.45
58685,13417,3055,3,5489.82
58686,13417,3052,1,9740.53
58687,13418,3032,1,4321.01
58688,13418,3044,3,4804.81
58689,13418,3070,4,7205.13
58690,13419,3009,5,7350.17
58691,13420,3005,3,3803.74
58692,13421,3007,2,8009.35
58693,13421,3011,1,8238.17
58694,13421,3041,1,7025.18
58695,13422,3053,4,3472.07
58696,13422,3008,4,1982.10
58697,13422,3020,5,2084.50
58698,13423,3036,4,5720.11
58699,13423,3064,5,7594.07
58700,13424,3054,5,7863.71
58701,13424,3007,3,8009.35
58702,13424,3042,4,7907.91
58703,13424,3033,2,6200.52
58704,13425,3061,3,3340.34
58705,13425,3045,2,4665.29
58706,13425,3002,2,8781.78
58707,13426,3052,4,9740.53
58708,13426,3034,5,8191.68
58709,13426,3008,3,1982.10
58710,13427,3015,1,6900.82
58711,13427,3063,5,8882.89
58712,13427,3044,2,4804.81
58713,13427,3034,4,8191.68
58714,13428,3014,4,139.69
58715,13428,3015,1,6900.82
58716,13428,3039,3,1521.84
58717,13428,3013,5,3936.12
58718,13429,3010,5,7776.78
58719,13430,3043,5,4586.50
58720,13430,3046,2,7701.62
58721,13430,3063,4,8882.89
58722,13430,3006,4,9141.20
58723,13431,3042,3,7907.91
58724,13431,3006,1,9141.20
58725,13431,3034,3,8191.68
58726,13431,3035,3,9738.45
58727,13432,3034,4,8191.68
58728,13432,3019,4,6423.62
58729,13433,3068,5,3066.38
58730,13434,3045,1,4665.29
58731,13435,3043,1,4586.50
58732,13436,3057,4,1230.80
58733,13436,3066,2,6193.16
58734,13437,3066,3,6193.16
58735,13437,3033,2,6200.52
58736,13437,3057,3,1230.80
58737,13437,3006,1,9141.20
58738,13438,3065,1,4583.45
58739,13438,3015,4,6900.82
58740,13438,3038,4,4757.40
58741,13438,3020,5,2084.50
58742,13439,3057,1,1230.80
58743,13440,3055,5,5489.82
58744,13441,3034,2,8191.68
58745,13442,3047,5,5127.70
58746,13442,3061,4,3340.34
58747,13442,3020,4,2084.50
58748,13442,3029,4,5450.71
58749,13443,3007,3,8009.35
58750,13444,3016,3,3398.57
58751,13444,3059,1,1843.12
58752,13444,3011,1,8238.17
58753,13445,3056,3,6658.86
58754,13445,3002,1,8781.78
58755,13445,3011,5,8238.17
58756,13445,3059,1,1843.12
58757,13446,3058,4,3320.24
58758,13447,3023,3,1658.21
58759,13447,3065,3,4583.45
58760,13447,3037,4,1061.90
58761,13448,3014,4,139.69
58762,13448,3068,1,3066.38
58763,13448,3055,4,5489.82
58764,13448,3062,4,995.28
58765,13449,3017,5,1119.72
58766,13449,3012,2,2130.35
58767,13449,3021,3,5368.53
58768,13449,3023,5,1658.21
58769,13450,3034,2,8191.68
58770,13451,3020,1,2084.50
58771,13452,3021,3,5368.53
58772,13452,3058,5,3320.24
58773,13452,3023,4,1658.21
58774,13453,3026,4,2782.42
58775,13453,3055,3,5489.82
58776,13454,3068,5,3066.38
58777,13455,3022,1,6743.13
58778,13456,3035,4,9738.45
58779,13456,3037,5,1061.90
58780,13456,3060,5,788.12
58781,13457,3012,2,2130.35
58782,13458,3044,2,4804.81
58783,13458,3052,1,9740.53
58784,13459,3054,1,7863.71
58785,13459,3013,5,3936.12
58786,13460,3020,3,2084.50
58787,13461,3005,1,3803.74
58788,13461,3009,4,7350.17
58789,13461,3052,2,9740.53
58790,13461,3022,4,6743.13
58791,13462,3029,3,5450.71
58792,13463,3046,1,7701.62
58793,13463,3014,4,139.69
58794,13463,3041,4,7025.18
58795,13464,3010,5,7776.78
58796,13464,3056,4,6658.86
58797,13464,3053,3,3472.07
58798,13464,3020,5,2084.50
58799,13465,3025,3,2144.12
58800,13465,3050,2,4067.08
58801,13465,3007,4,8009.35
58802,13465,3017,5,1119.72
58803,13466,3025,3,2144.12
58804,13466,3019,3,6423.62
58805,13466,3008,3,1982.10
58806,13466,3023,1,1658.21
58807,13467,3050,5,4067.08
58808,13468,3003,2,8310.63
58809,13468,3057,5,1230.80
58810,13468,3060,4,788.12
58811,13469,3069,2,9192.17
58812,13470,3016,1,3398.57
58813,13470,3008,4,1982.10
58814,13470,3007,4,8009.35
58815,13471,3070,3,7205.13
58816,13471,3038,2,4757.40
58817,13471,3066,5,6193.16
58818,13472,3004,3,5297.49
58819,13472,3001,4,2786.82
58820,13473,3029,3,5450.71
58821,13474,3001,4,2786.82
58822,13474,3069,3,9192.17
58823,13474,3064,5,7594.07
58824,13474,3005,2,3803.74
58825,13475,3048,5,3325.11
58826,13475,3001,1,2786.82
58827,13475,3037,3,1061.90
58828,13475,3060,5,788.12
58829,13476,3008,4,1982.10
58830,13476,3034,1,8191.68
58831,13477,3063,5,8882.89
58832,13477,3068,1,3066.38
58833,13478,3059,3,1843.12
58834,13478,3055,3,5489.82
58835,13479,3025,1,2144.12
58836,13480,3042,1,7907.91
58837,13481,3070,3,7205.13
58838,13482,3043,5,4586.50
58839,13482,3039,5,1521.84
58840,13482,3062,1,995.28
58841,13482,3027,5,5782.42
58842,13483,3024,1,9586.15
58843,13483,3063,4,8882.89
58844,13483,3040,2,9136.33
58845,13484,3065,1,4583.45
58846,13484,3042,4,7907.91
58847,13485,3045,2,4665.29
58848,13485,3041,2,7025.18
58849,13486,3048,2,3325.11
58850,13487,3010,1,7776.78
58851,13487,3041,1,7025.18
58852,13487,3048,2,3325.11
58853,13488,3021,1,5368.53
58854,13488,3033,1,6200.52
58855,13488,3060,4,788.12
58856,13489,3045,2,4665.29
58857,13489,3002,5,8781.78
58858,13489,3047,1,5127.70
58859,13489,3016,5,3398.57
58860,13490,3012,3,2130.35
58861,13490,3066,1,6193.16
58862,13490,3004,3,5297.49
58863,13491,3017,1,1119.72
58864,13492,3064,3,7594.07
58865,13493,3036,3,5720.11
58866,13494,3043,4,4586.50
58867,13495,3028,4,3181.64
58868,13495,3020,4,2084.50
58869,13496,3049,4,7944.07
58870,13496,3034,2,8191.68
58871,13497,3026,2,2782.42
58872,13497,3006,2,9141.20
58873,13497,3020,5,2084.50
58874,13497,3048,1,3325.11
58875,13498,3007,4,8009.35
58876,13498,3047,1,5127.70
58877,13498,3053,4,3472.07
58878,13498,3026,1,2782.42
58879,13499,3039,2,1521.84
58880,13499,3016,4,3398.57
58881,13500,3039,2,1521.84
58882,13500,3012,3,2130.35
58883,13501,3029,4,5450.71
58884,13502,3037,2,1061.90
58885,13502,3025,4,2144.12
58886,13502,3056,3,6658.86
58887,13502,3039,2,1521.84
58888,13503,3040,3,9136.33
58889,13504,3048,3,3325.11
58890,13504,3054,1,7863.71
58891,13504,3016,5,3398.57
58892,13505,3014,2,139.69
58893,13505,3038,1,4757.40
58894,13505,3049,5,7944.07
58895,13506,3062,1,995.28
58896,13506,3053,2,3472.07
58897,13506,3030,2,386.03
58898,13506,3031,1,1147.68
58899,13507,3020,2,2084.50
58900,13507,3027,5,5782.42
58901,13507,3031,5,1147.68
58902,13508,3014,1,139.69
58903,13508,3050,2,4067.08
58904,13509,3004,1,5297.49
58905,13509,3020,3,2084.50
58906,13509,3064,1,7594.07
58907,13510,3040,2,9136.33
58908,13511,3049,4,7944.07
58909,13511,3055,1,5489.82
58910,13511,3066,4,6193.16
58911,13511,3039,2,1521.84
58912,13512,3006,4,9141.20
58913,13512,3021,5,5368.53
58914,13512,3060,5,788.12
58915,13512,3041,4,7025.18
58916,13513,3026,3,2782.42
58917,13513,3053,2,3472.07
58918,13513,3065,4,4583.45
58919,13513,3004,2,5297.49
58920,13514,3068,2,3066.38
58921,13515,3025,5,2144.12
58922,13515,3006,4,9141.20
58923,13516,3012,5,2130.35
58924,13517,3038,4,4757.40
58925,13517,3060,1,788.12
58926,13518,3047,2,5127.70
58927,13518,3013,1,3936.12
58928,13518,3068,1,3066.38
58929,13518,3051,5,6245.66
58930,13519,3025,2,2144.12
58931,13519,3052,5,9740.53
58932,13519,3059,1,1843.12
58933,13519,3068,4,3066.38
58934,13520,3002,5,8781.78
58935,13520,3049,1,7944.07
58936,13520,3052,2,9740.53
58937,13520,3065,4,4583.45
58938,13521,3040,2,9136.33
58939,13522,3022,4,6743.13
58940,13522,3070,3,7205.13
58941,13522,3035,5,9738.45
58942,13523,3055,5,5489.82
58943,13524,3058,5,3320.24
58944,13525,3021,1,5368.53
58945,13525,3037,5,1061.90
58946,13526,3057,1,1230.80
58947,13526,3002,5,8781.78
58948,13526,3028,1,3181.64
58949,13526,3016,5,3398.57
58950,13527,3034,5,8191.68
58951,13527,3001,5,2786.82
58952,13528,3034,4,8191.68
58953,13528,3033,5,6200.52
58954,13528,3068,5,3066.38
58955,13529,3035,5,9738.45
58956,13530,3025,4,2144.12
58957,13530,3033,3,6200.52
58958,13531,3059,2,1843.12
58959,13531,3018,1,321.55
58960,13531,3050,2,4067.08
58961,13531,3008,1,1982.10
58962,13532,3055,4,5489.82
58963,13533,3039,3,1521.84
58964,13533,3008,2,1982.10
58965,13533,3041,1,7025.18
58966,13533,3061,5,3340.34
58967,13534,3002,2,8781.78
58968,13534,3028,3,3181.64
58969,13534,3057,2,1230.80
58970,13534,3068,4,3066.38
58971,13535,3017,4,1119.72
58972,13536,3003,3,8310.63
58973,13536,3037,4,1061.90
58974,13536,3011,5,8238.17
58975,13536,3043,1,4586.50
58976,13537,3057,1,1230.80
58977,13537,3026,3,2782.42
58978,13538,3016,3,3398.57
58979,13538,3062,4,995.28
58980,13539,3035,5,9738.45
58981,13539,3062,5,995.28
58982,13540,3033,1,6200.52
58983,13540,3032,4,4321.01
58984,13540,3026,5,2782.42
58985,13541,3058,1,3320.24
58986,13541,3029,3,5450.71
58987,13542,3053,5,3472.07
58988,13542,3056,3,6658.86
58989,13542,3018,1,321.55
58990,13542,3005,4,3803.74
58991,13543,3052,1,9740.53
58992,13543,3033,3,6200.52
58993,13543,3002,4,8781.78
58994,13544,3038,1,4757.40
58995,13544,3053,5,3472.07
58996,13544,3050,5,4067.08
58997,13544,3018,4,321.55
58998,13545,3055,3,5489.82
58999,13545,3044,3,4804.81
59000,13545,3017,3,1119.72
59001,13546,3034,5,8191.68
59002,13546,3043,4,4586.50
59003,13547,3059,2,1843.12
59004,13547,3023,2,1658.21
59005,13547,3008,4,1982.10
59006,13547,3060,4,788.12
59007,13548,3006,1,9141.20
59008,13548,3056,3,6658.86
59009,13548,3004,3,5297.49
59010,13549,3030,5,386.03
59011,13550,3057,5,1230.80
59012,13550,3030,4,386.03
59013,13551,3031,2,1147.68
59014,13551,3018,5,321.55
59015,13552,3018,4,321.55
59016,13552,3020,5,2084.50
59017,13552,3046,4,7701.62
59018,13552,3033,2,6200.52
59019,13553,3056,3,6658.86
59020,13553,3012,4,2130.35
59021,13553,3008,3,1982.10
59022,13553,3030,4,386.03
59023,13554,3007,4,8009.35
59024,13554,3040,1,9136.33
59025,13554,3026,3,2782.42
59026,13555,3053,4,3472.07
59027,13555,3019,2,6423.62
59028,13556,3001,1,2786.82
59029,13556,3052,1,9740.53
59030,13556,3005,2,3803.74
59031,13557,3053,5,3472.07
59032,13557,3037,4,1061.90
59033,13557,3050,1,4067.08
59034,13557,3005,3,3803.74
59035,13558,3011,1,8238.17
59036,13559,3014,4,139.69
59037,13560,3046,3,7701.62
59038,13560,3042,2,7907.91
59039,13560,3040,1,9136.33
59040,13560,3044,1,4804.81
59041,13561,3061,5,3340.34
59042,13562,3052,3,9740.53
59043,13562,3017,2,1119.72
59044,13562,3063,1,8882.89
59045,13563,3024,5,9586.15
59046,13563,3017,5,1119.72
59047,13563,3044,5,4804.81
59048,13564,3026,1,2782.42
59049,13564,3008,4,1982.10
59050,13564,3064,4,7594.07
59051,13564,3021,3,5368.53
59052,13565,3014,5,139.69
59053,13565,3006,4,9141.20
59054,13565,3058,1,3320.24
59055,13565,3008,1,1982.10
59056,13566,3012,2,2130.35
59057,13566,3028,3,3181.64
59058,13566,3033,1,6200.52
59059,13566,3001,1,2786.82
59060,13567,3035,4,9738.45
59061,13567,3023,3,1658.21
59062,13567,3019,2,6423.62
59063,13567,3059,3,1843.12
59064,13568,3053,4,3472.07
59065,13568,3044,3,4804.81
59066,13568,3018,1,321.55
59067,13569,3025,4,2144.12
59068,13569,3037,3,1061.90
59069,13569,3064,1,7594.07
59070,13570,3053,1,3472.07
59071,13571,3066,5,6193.16
59072,13571,3048,3,3325.11
59073,13572,3069,3,9192.17
59074,13572,3064,3,7594.07
59075,13573,3041,1,7025.18
59076,13573,3024,3,9586.15
59077,13573,3008,3,1982.10
59078,13573,3034,2,8191.68
59079,13574,3030,1,386.03
59080,13574,3007,4,8009.35
59081,13575,3030,2,386.03
59082,13575,3003,5,8310.63
59083,13575,3032,4,4321.01
59084,13576,3036,2,5720.11
59085,13576,3038,2,4757.40
59086,13576,3037,5,1061.90
59087,13576,3030,3,386.03
59088,13577,3059,4,1843.12
59089,13577,3068,3,3066.38
59090,13577,3055,1,5489.82
59091,13578,3061,3,3340.34
59092,13578,3059,4,1843.12
59093,13578,3017,3,1119.72
59094,13579,3020,1,2084.50
59095,13579,3066,5,6193.16
59096,13579,3028,1,3181.64
59097,13579,3038,4,4757.40
59098,13580,3010,5,7776.78
59099,13580,3003,3,8310.63
59100,13580,3005,3,3803.74
59101,13580,3057,2,1230.80
59102,13581,3032,4,4321.01
59103,13581,3009,3,7350.17
59104,13582,3016,5,3398.57
59105,13582,3017,2,1119.72
59106,13583,3046,1,7701.62
59107,13583,3065,2,4583.45
59108,13583,3045,3,4665.29
59109,13583,3061,5,3340.34
59110,13584,3001,3,2786.82
59111,13585,3061,5,3340.34
59112,13585,3012,3,2130.35
59113,13585,3047,2,5127.70
59114,13586,3045,2,4665.29
59115,13586,3049,2,7944.07
59116,13586,3015,3,6900.82
59117,13587,3034,1,8191.68
59118,13587,3036,4,5720.11
59119,13588,3066,1,6193.16
59120,13589,3028,5,3181.64
59121,13589,3010,3,7776.78
59122,13589,3031,2,1147.68
59123,13589,3043,3,4586.50
59124,13590,3070,4,7205.13
59125,13590,3035,2,9738.45
59126,13590,3042,1,7907.91
59127,13590,3003,2,8310.63
59128,13591,3010,1,7776.78
59129,13591,3013,2,3936.12
59130,13592,3040,1,9136.33
59131,13592,3020,3,2084.50
59132,13592,3013,3,3936.12
59133,13592,3066,3,6193.16
59134,13593,3065,1,4583.45
59135,13593,3028,4,3181.64
59136,13593,3060,1,788.12
59137,13593,3059,3,1843.12
59138,13594,3057,1,1230.80
59139,13595,3003,4,8310.63
59140,13595,3052,2,9740.53
59141,13595,3017,2,1119.72
59142,13596,3052,2,9740.53
59143,13596,3023,4,1658.21
59144,13596,3033,3,6200.52
59145,13596,3026,4,2782.42
59146,13597,3001,5,2786.82
59147,13597,3064,5,7594.07
59148,13598,3033,4,6200.52
59149,13599,3062,5,995.28
59150,13600,3057,4,1230.80
59151,13600,3067,4,2135.05
59152,13601,3021,2,5368.53
59153,13601,3025,4,2144.12
59154,13601,3056,5,6658.86
59155,13602,3067,3,2135.05
59156,13603,3036,5,5720.11
59157,13603,3035,5,9738.45
59158,13603,3014,2,139.69
59159,13604,3058,2,3320.24
59160,13604,3020,4,2084.50
59161,13604,3068,2,3066.38
59162,13605,3013,4,3936.12
59163,13606,3014,4,139.69
59164,13606,3041,3,7025.18
59165,13606,3022,4,6743.13
59166,13607,3013,2,3936.12
59167,13607,3047,2,5127.70
59168,13607,3043,1,4586.50
59169,13607,3029,4,5450.71
59170,13608,3010,3,7776.78
59171,13608,3028,4,3181.64
59172,13609,3050,1,4067.08
59173,13609,3009,4,7350.17
59174,13609,3055,4,5489.82
59175,13610,3007,1,8009.35
59176,13610,3019,1,6423.62
59177,13610,3015,1,6900.82
59178,13611,3064,4,7594.07
59179,13611,3068,3,3066.38
59180,13612,3067,1,2135.05
59181,13612,3060,3,788.12
59182,13612,3008,1,1982.10
59183,13613,3042,5,7907.91
59184,13613,3030,1,386.03
59185,13614,3025,2,2144.12
59186,13614,3013,4,3936.12
59187,13614,3001,4,2786.82
59188,13614,3043,5,4586.50
59189,13615,3022,5,6743.13
59190,13615,3060,2,788.12
59191,13616,3037,4,1061.90
59192,13616,3050,5,4067.08
59193,13616,3024,5,9586.15
59194,13616,3023,4,1658.21
59195,13617,3025,3,2144.12
59196,13617,3012,2,2130.35
59197,13617,3010,3,7776.78
59198,13618,3069,2,9192.17
59199,13618,3063,1,8882.89
59200,13619,3042,3,7907.91
59201,13619,3058,3,3320.24
59202,13619,3025,3,2144.12
59203,13619,3013,5,3936.12
59204,13620,3015,3,6900.82
59205,13620,3049,5,7944.07
59206,13620,3035,4,9738.45
59207,13621,3034,5,8191.68
59208,13621,3026,3,2782.42
59209,13622,3019,4,6423.62
59210,13623,3010,4,7776.78
59211,13623,3046,5,7701.62
59212,13623,3058,3,3320.24
59213,13623,3030,1,386.03
59214,13624,3008,2,1982.10
59215,13624,3042,3,7907.91
59216,13624,3015,1,6900.82
59217,13624,3070,1,7205.13
59218,13625,3025,1,2144.12
59219,13626,3058,3,3320.24
59220,13626,3017,5,1119.72
59221,13626,3003,1,8310.63
59222,13626,3062,3,995.28
59223,13627,3048,1,3325.11
59224,13627,3054,5,7863.71
59225,13627,3055,4,5489.82
59226,13628,3059,3,1843.12
59227,13628,3049,1,7944.07
59228,13628,3002,3,8781.78
59229,13628,3012,2,2130.35
59230,13629,3001,4,2786.82
59231,13629,3011,3,8238.17
59232,13629,3024,3,9586.15
59233,13630,3049,4,7944.07
59234,13630,3039,4,1521.84
59235,13630,3060,3,788.12
59236,13630,3048,4,3325.11
59237,13631,3018,4,321.55
59238,13631,3062,3,995.28
59239,13632,3008,3,1982.10
59240,13633,3056,5,6658.86
59241,13634,3003,2,8310.63
59242,13634,3020,1,2084.50
59243,13634,3031,5,1147.68
59244,13635,3055,3,5489.82
59245,13635,3024,4,9586.15
59246,13635,3016,1,3398.57
59247,13636,3013,4,3936.12
59248,13636,3049,2,7944.07
59249,13636,3043,1,4586.50
59250,13636,3029,3,5450.71
59251,13637,3038,5,4757.40
59252,13637,3022,5,6743.13
59253,13638,3063,5,8882.89
59254,13639,3054,2,7863.71
59255,13640,3008,1,1982.10
59256,13640,3049,3,7944.07
59257,13641,3062,1,995.28
59258,13642,3056,4,6658.86
59259,13643,3051,5,6245.66
59260,13644,3029,4,5450.71
59261,13645,3008,1,1982.10
59262,13645,3043,4,4586.50
59263,13645,3035,5,9738.45
59264,13645,3016,4,3398.57
59265,13646,3056,4,6658.86
59266,13646,3026,4,2782.42
59267,13646,3014,1,139.69
59268,13646,3037,5,1061.90
59269,13647,3007,1,8009.35
59270,13647,3060,2,788.12
59271,13647,3035,2,9738.45
59272,13647,3054,5,7863.71
59273,13648,3003,4,8310.63
59274,13648,3066,5,6193.16
59275,13649,3061,5,3340.34
59276,13649,3058,5,3320.24
59277,13649,3070,2,7205.13
59278,13650,3028,5,3181.64
59279,13650,3059,4,1843.12
59280,13650,3045,5,4665.29
59281,13651,3069,3,9192.17
59282,13651,3056,5,6658.86
59283,13651,3023,2,1658.21
59284,13651,3058,2,3320.24
59285,13652,3005,5,3803.74
59286,13653,3009,3,7350.17
59287,13653,3042,5,7907.91
59288,13653,3033,3,6200.52
59289,13653,3063,1,8882.89
59290,13654,3025,2,2144.12
59291,13655,3058,3,3320.24
59292,13655,3020,4,2084.50
59293,13655,3012,4,2130.35
59294,13655,3009,5,7350.17
59295,13656,3036,1,5720.11
59296,13657,3069,3,9192.17
59297,13657,3024,4,9586.15
59298,13658,3016,1,3398.57
59299,13658,3031,4,1147.68
59300,13658,3058,3,3320.24
59301,13659,3036,2,5720.11
59302,13660,3014,5,139.69
59303,13660,3048,4,3325.11
59304,13661,3061,1,3340.34
59305,13661,3069,2,9192.17
59306,13662,3009,3,7350.17
59307,13663,3066,1,6193.16
59308,13664,3049,1,7944.07
59309,13664,3003,3,8310.63
59310,13665,3007,3,8009.35
59311,13665,3039,5,1521.84
59312,13665,3056,3,6658.86
59313,13665,3040,1,9136.33
59314,13666,3070,1,7205.13
59315,13666,3009,5,7350.17
59316,13666,3043,2,4586.50
59317,13667,3020,1,2084.50
59318,13667,3064,5,7594.07
59319,13667,3012,2,2130.35
59320,13668,3069,4,9192.17
59321,13668,3007,1,8009.35
59322,13668,3003,4,8310.63
59323,13668,3065,5,4583.45
59324,13669,3038,3,4757.40
59325,13670,3055,4,5489.82
59326,13671,3013,2,3936.12
59327,13671,3014,5,139.69
59328,13671,3062,3,995.28
59329,13671,3060,2,788.12
59330,13672,3053,4,3472.07
59331,13673,3004,3,5297.49
59332,13674,3020,3,2084.50
59333,13674,3036,5,5720.11
59334,13674,3002,4,8781.78
59335,13675,3042,1,7907.91
59336,13675,3062,1,995.28
59337,13675,3023,2,1658.21
59338,13675,3037,1,1061.90
59339,13676,3011,1,8238.17
59340,13676,3047,5,5127.70
59341,13677,3012,2,2130.35
59342,13677,3058,2,3320.24
59343,13677,3045,3,4665.29
59344,13677,3056,5,6658.86
59345,13678,3060,1,788.12
59346,13678,3054,5,7863.71
59347,13678,3034,3,8191.68
59348,13679,3065,3,4583.45
59349,13679,3028,1,3181.64
59350,13679,3024,5,9586.15
59351,13680,3011,1,8238.17
59352,13681,3052,2,9740.53
59353,13681,3030,3,386.03
59354,13682,3019,4,6423.62
59355,13682,3057,4,1230.80
59356,13683,3069,3,9192.17
59357,13684,3022,2,6743.13
59358,13684,3055,2,5489.82
59359,13684,3065,5,4583.45
59360,13685,3048,3,3325.11
59361,13685,3034,3,8191.68
59362,13685,3026,5,2782.42
59363,13686,3012,5,2130.35
59364,13686,3031,1,1147.68
59365,13687,3016,3,3398.57
59366,13688,3062,1,995.28
59367,13688,3052,3,9740.53
59368,13688,3036,1,5720.11
59369,13689,3070,3,7205.13
59370,13689,3047,2,5127.70
59371,13690,3027,3,5782.42
59372,13690,3061,1,3340.34
59373,13691,3064,1,7594.07
59374,13691,3032,4,4321.01
59375,13692,3022,2,6743.13
59376,13692,3041,2,7025.18
59377,13692,3020,3,2084.50
59378,13693,3033,1,6200.52
59379,13693,3019,2,6423.62
59380,13694,3062,4,995.28
59381,13694,3056,2,6658.86
59382,13694,3042,5,7907.91
59383,13695,3063,2,8882.89
59384,13696,3048,1,3325.11
59385,13696,3003,4,8310.63
59386,13697,3042,3,7907.91
59387,13697,3067,5,2135.05
59388,13697,3006,2,9141.20
59389,13698,3006,2,9141.20
59390,13698,3061,5,3340.34
59391,13698,3070,4,7205.13
59392,13699,3047,5,5127.70
59393,13699,3045,4,4665.29
59394,13700,3025,1,2144.12
59395,13700,3058,4,3320.24
59396,13701,3047,4,5127.70
59397,13701,3065,2,4583.45
59398,13702,3003,3,8310.63
59399,13702,3068,5,3066.38
59400,13702,3008,2,1982.10
59401,13702,3048,2,3325.11
59402,13703,3019,4,6423.62
59403,13703,3026,3,2782.42
59404,13703,3011,1,8238.17
59405,13703,3053,1,3472.07
59406,13704,3048,2,3325.11
59407,13705,3058,2,3320.24
59408,13705,3004,3,5297.49
59409,13706,3037,4,1061.90
59410,13707,3044,4,4804.81
59411,13707,3049,2,7944.07
59412,13707,3070,4,7205.13
59413,13707,3066,1,6193.16
59414,13708,3057,4,1230.80
59415,13708,3069,1,9192.17
59416,13709,3043,2,4586.50
59417,13710,3070,2,7205.13
59418,13710,3010,2,7776.78
59419,13711,3050,4,4067.08
59420,13711,3043,3,4586.50
59421,13712,3063,3,8882.89
59422,13712,3050,3,4067.08
59423,13713,3015,4,6900.82
59424,13713,3021,2,5368.53
59425,13713,3042,2,7907.91
59426,13714,3002,2,8781.78
59427,13714,3070,3,7205.13
59428,13715,3033,1,6200.52
59429,13715,3035,2,9738.45
59430,13715,3017,5,1119.72
59431,13715,3050,1,4067.08
59432,13716,3010,5,7776.78
59433,13716,3049,5,7944.07
59434,13716,3006,2,9141.20
59435,13716,3056,5,6658.86
59436,13717,3044,4,4804.81
59437,13717,3010,5,7776.78
59438,13717,3005,2,3803.74
59439,13718,3019,4,6423.62
59440,13718,3010,2,7776.78
59441,13719,3002,5,8781.78
59442,13719,3040,3,9136.33
59443,13719,3024,4,9586.15
59444,13719,3063,1,8882.89
59445,13720,3032,4,4321.01
59446,13721,3002,4,8781.78
59447,13721,3047,5,5127.70
59448,13722,3054,1,7863.71
59449,13722,3023,5,1658.21
59450,13722,3041,4,7025.18
59451,13723,3010,3,7776.78
59452,13723,3018,2,321.55
59453,13723,3028,5,3181.64
59454,13724,3066,5,6193.16
59455,13725,3004,1,5297.49
59456,13725,3068,4,3066.38
59457,13725,3009,1,7350.17
59458,13725,3012,3,2130.35
59459,13726,3027,1,5782.42
59460,13726,3052,2,9740.53
59461,13727,3066,5,6193.16
59462,13727,3004,5,5297.49
59463,13727,3065,3,4583.45
59464,13727,3043,3,4586.50
59465,13728,3027,1,5782.42
59466,13728,3063,2,8882.89
59467,13728,3018,2,321.55
59468,13729,3064,1,7594.07
59469,13729,3054,5,7863.71
59470,13729,3028,1,3181.64
59471,13729,3029,5,5450.71
59472,13730,3039,2,1521.84
59473,13731,3031,5,1147.68
59474,13731,3006,4,9141.20
59475,13731,3061,3,3340.34
59476,13732,3066,5,6193.16
59477,13732,3034,1,8191.68
59478,13732,3023,5,1658.21
59479,13732,3016,1,3398.57
59480,13733,3068,4,3066.38
59481,13734,3060,2,788.12
59482,13734,3022,1,6743.13
59483,13734,3012,1,2130.35
59484,13735,3050,5,4067.08
59485,13735,3046,4,7701.62
59486,13736,3050,1,4067.08
59487,13736,3001,2,2786.82
59488,13736,3028,2,3181.64
59489,13737,3018,1,321.55
59490,13738,3068,3,3066.38
59491,13738,3015,2,6900.82
59492,13738,3058,2,3320.24
59493,13738,3003,2,8310.63
59494,13739,3041,1,7025.18
59495,13739,3068,5,3066.38
59496,13739,3070,3,7205.13
59497,13739,3012,5,2130.35
59498,13740,3004,2,5297.49
59499,13740,3054,1,7863.71
59500,13741,3015,2,6900.82
59501,13741,3049,4,7944.07
59502,13741,3045,2,4665.29
59503,13742,3012,2,2130.35
59504,13742,3014,1,139.69
59505,13742,3002,1,8781.78
59506,13742,3045,1,4665.29
59507,13743,3059,5,1843.12
59508,13744,3042,2,7907.91
59509,13744,3009,4,7350.17
59510,13745,3020,5,2084.50
59511,13745,3025,1,2144.12
59512,13746,3028,4,3181.64
59513,13747,3023,1,1658.21
59514,13748,3040,1,9136.33
59515,13749,3036,4,5720.11
59516,13750,3011,4,8238.17
59517,13750,3031,4,1147.68
59518,13750,3052,2,9740.53
59519,13750,3005,4,3803.74
59520,13751,3005,3,3803.74
59521,13751,3037,1,1061.90
59522,13752,3056,2,6658.86
59523,13753,3030,3,386.03
59524,13753,3031,1,1147.68
59525,13753,3027,1,5782.42
59526,13754,3024,1,9586.15
59527,13754,3054,1,7863.71
59528,13754,3017,3,1119.72
59529,13754,3042,5,7907.91
59530,13755,3049,2,7944.07
59531,13755,3016,1,3398.57
59532,13755,3063,3,8882.89
59533,13756,3044,1,4804.81
59534,13757,3029,1,5450.71
59535,13757,3017,5,1119.72
59536,13758,3057,3,1230.80
59537,13758,3026,1,2782.42
59538,13758,3008,4,1982.10
59539,13758,3020,3,2084.50
59540,13759,3026,3,2782.42
59541,13760,3054,2,7863.71
59542,13760,3044,4,4804.81
59543,13760,3031,2,1147.68
59544,13760,3007,5,8009.35
59545,13761,3062,2,995.28
59546,13761,3036,5,5720.11
59547,13761,3026,1,2782.42
59548,13762,3065,1,4583.45
59549,13762,3003,5,8310.63
59550,13762,3002,3,8781.78
59551,13763,3051,2,6245.66
59552,13764,3063,3,8882.89
59553,13764,3047,4,5127.70
59554,13764,3006,5,9141.20
59555,13764,3012,2,2130.35
59556,13765,3035,4,9738.45
59557,13766,3001,5,2786.82
59558,13766,3003,3,8310.63
59559,13766,3029,3,5450.71
59560,13767,3066,3,6193.16
59561,13767,3038,2,4757.40
59562,13767,3050,1,4067.08
59563,13768,3065,1,4583.45
59564,13769,3018,2,321.55
59565,13770,3001,4,2786.82
59566,13770,3013,3,3936.12
59567,13771,3067,5,2135.05
59568,13772,3052,1,9740.53
59569,13773,3063,3,8882.89
59570,13774,3059,3,1843.12
59571,13775,3021,4,5368.53
59572,13776,3061,4,3340.34
59573,13776,3046,1,7701.62
59574,13776,3003,4,8310.63
59575,13776,3036,2,5720.11
59576,13777,3066,2,6193.16
59577,13777,3037,5,1061.90
59578,13778,3045,2,4665.29
59579,13778,3055,1,5489.82
59580,13778,3069,2,9192.17
59581,13778,3064,1,7594.07
59582,13779,3063,2,8882.89
59583,13779,3011,4,8238.17
59584,13779,3004,3,5297.49
59585,13780,3037,4,1061.90
59586,13780,3063,3,8882.89
59587,13781,3033,3,6200.52
59588,13782,3061,5,3340.34
59589,13782,3015,4,6900.82
59590,13783,3044,3,4804.81
59591,13783,3028,3,3181.64
59592,13783,3009,5,7350.17
59593,13784,3046,1,7701.62
59594,13784,3002,2,8781.78
59595,13784,3007,5,8009.35
59596,13785,3055,5,5489.82
59597,13786,3040,3,9136.33
59598,13786,3061,4,3340.34
59599,13786,3026,3,2782.42
59600,13787,3058,5,3320.24
59601,13787,3018,3,321.55
59602,13788,3053,1,3472.07
59603,13788,3012,5,2130.35
59604,13789,3067,2,2135.05
59605,13790,3042,1,7907.91
59606,13790,3008,3,1982.10
59607,13790,3067,4,2135.05
59608,13791,3057,2,1230.80
59609,13791,3006,4,9141.20
59610,13791,3020,1,2084.50
59611,13792,3038,4,4757.40
59612,13792,3015,1,6900.82
59613,13792,3063,2,8882.89
59614,13792,3008,2,1982.10
59615,13793,3022,2,6743.13
59616,13793,3043,1,4586.50
59617,13793,3042,2,7907.91
59618,13794,3012,2,2130.35
59619,13794,3058,2,3320.24
59620,13794,3054,5,7863.71
59621,13795,3045,3,4665.29
59622,13796,3063,3,8882.89
59623,13797,3005,2,3803.74
59624,13797,3013,4,3936.12
59625,13797,3050,5,4067.08
59626,13798,3045,5,4665.29
59627,13799,3022,2,6743.13
59628,13799,3015,5,6900.82
59629,13799,3058,2,3320.24
59630,13800,3052,1,9740.53
59631,13800,3014,5,139.69
59632,13801,3055,4,5489.82
59633,13801,3046,1,7701.62
59634,13802,3008,3,1982.10
59635,13802,3049,4,7944.07
59636,13803,3053,3,3472.07
59637,13803,3062,4,995.28
59638,13803,3049,5,7944.07
59639,13804,3049,1,7944.07
59640,13804,3022,5,6743.13
59641,13804,3043,3,4586.50
59642,13805,3008,2,1982.10
59643,13805,3010,5,7776.78
59644,13805,3040,5,9136.33
59645,13806,3046,1,7701.62
59646,13806,3060,5,788.12
59647,13807,3066,1,6193.16
59648,13807,3056,1,6658.86
59649,13808,3067,3,2135.05
59650,13808,3045,1,4665.29
59651,13809,3031,3,1147.68
59652,13809,3068,3,3066.38
59653,13809,3020,2,2084.50
59654,13810,3032,2,4321.01
59655,13811,3044,1,4804.81
59656,13811,3016,3,3398.57
59657,13811,3069,2,9192.17
59658,13811,3068,5,3066.38
59659,13812,3006,2,9141.20
59660,13812,3044,1,4804.81
59661,13813,3063,2,8882.89
59662,13813,3029,1,5450.71
59663,13813,3002,2,8781.78
59664,13813,3070,5,7205.13
59665,13814,3003,4,8310.63
59666,13814,3014,4,139.69
59667,13814,3056,4,6658.86
59668,13815,3009,1,7350.17
59669,13815,3016,3,3398.57
59670,13816,3063,1,8882.89
59671,13817,3005,3,3803.74
59672,13817,3046,3,7701.62
59673,13817,3063,3,8882.89
59674,13817,3038,1,4757.40
59675,13818,3015,4,6900.82
59676,13818,3040,4,9136.33
59677,13818,3032,4,4321.01
59678,13818,3066,2,6193.16
59679,13819,3032,3,4321.01
59680,13819,3015,4,6900.82
59681,13819,3041,4,7025.18
59682,13820,3041,2,7025.18
59683,13820,3060,4,788.12
59684,13820,3021,2,5368.53
59685,13820,3049,2,7944.07
59686,13821,3028,4,3181.64
59687,13821,3022,1,6743.13
59688,13821,3034,2,8191.68
59689,13821,3030,5,386.03
59690,13822,3006,3,9141.20
59691,13823,3052,1,9740.53
59692,13823,3042,2,7907.91
59693,13823,3014,3,139.69
59694,13823,3034,2,8191.68
59695,13824,3058,4,3320.24
59696,13825,3020,4,2084.50
59697,13825,3065,4,4583.45
59698,13826,3056,1,6658.86
59699,13827,3012,1,2130.35
59700,13827,3014,2,139.69
59701,13827,3061,3,3340.34
59702,13828,3031,2,1147.68
59703,13828,3055,4,5489.82
59704,13829,3028,5,3181.64
59705,13829,3060,1,788.12
59706,13829,3032,1,4321.01
59707,13830,3010,3,7776.78
59708,13830,3068,2,3066.38
59709,13831,3010,4,7776.78
59710,13831,3025,1,2144.12
59711,13831,3045,4,4665.29
59712,13832,3053,1,3472.07
59713,13832,3016,1,3398.57
59714,13833,3060,1,788.12
59715,13833,3049,4,7944.07
59716,13833,3022,2,6743.13
59717,13834,3060,2,788.12
59718,13834,3069,3,9192.17
59719,13834,3062,3,995.28
59720,13835,3036,3,5720.11
59721,13836,3054,2,7863.71
59722,13836,3040,1,9136.33
59723,13836,3058,1,3320.24
59724,13837,3066,4,6193.16
59725,13837,3069,4,9192.17
59726,13837,3042,2,7907.91
59727,13837,3023,4,1658.21
59728,13838,3002,5,8781.78
59729,13839,3029,1,5450.71
59730,13839,3025,3,2144.12
59731,13839,3006,5,9141.20
59732,13840,3061,4,3340.34
59733,13840,3065,3,4583.45
59734,13840,3014,4,139.69
59735,13841,3067,5,2135.05
59736,13842,3034,1,8191.68
59737,13843,3017,3,1119.72
59738,13844,3052,2,9740.53
59739,13844,3024,4,9586.15
59740,13844,3068,1,3066.38
59741,13845,3027,5,5782.42
59742,13845,3034,4,8191.68
59743,13845,3049,2,7944.07
59744,13845,3005,4,3803.74
59745,13846,3011,5,8238.17
59746,13846,3034,2,8191.68
59747,13847,3067,1,2135.05
59748,13848,3058,2,3320.24
59749,13848,3018,5,321.55
59750,13849,3067,3,2135.05
59751,13849,3001,3,2786.82
59752,13850,3030,1,386.03
59753,13851,3036,1,5720.11
59754,13851,3015,4,6900.82
59755,13852,3063,5,8882.89
59756,13852,3053,2,3472.07
59757,13852,3033,4,6200.52
59758,13853,3053,2,3472.07
59759,13853,3013,2,3936.12
59760,13854,3017,5,1119.72
59761,13854,3021,1,5368.53
59762,13854,3063,3,8882.89
59763,13854,3014,3,139.69
59764,13855,3024,5,9586.15
59765,13855,3047,5,5127.70
59766,13856,3005,1,3803.74
59767,13856,3023,2,1658.21
59768,13857,3063,2,8882.89
59769,13857,3009,2,7350.17
59770,13857,3053,5,3472.07
59771,13857,3007,3,8009.35
59772,13858,3061,5,3340.34
59773,13859,3052,4,9740.53
59774,13859,3002,3,8781.78
59775,13859,3020,5,2084.50
59776,13859,3066,1,6193.16
59777,13860,3021,5,5368.53
59778,13860,3053,1,3472.07
59779,13860,3033,1,6200.52
59780,13860,3068,3,3066.38
59781,13861,3032,5,4321.01
59782,13862,3054,4,7863.71
59783,13863,3023,5,1658.21
59784,13864,3057,5,1230.80
59785,13864,3029,5,5450.71
59786,13865,3029,2,5450.71
59787,13865,3008,4,1982.10
59788,13865,3020,5,2084.50
59789,13866,3036,4,5720.11
59790,13867,3032,5,4321.01
59791,13867,3041,5,7025.18
59792,13867,3054,2,7863.71
59793,13868,3023,4,1658.21
59794,13868,3006,2,9141.20
59795,13869,3066,1,6193.16
59796,13869,3054,3,7863.71
59797,13869,3013,4,3936.12
59798,13870,3030,4,386.03
59799,13870,3007,4,8009.35
59800,13871,3009,5,7350.17
59801,13872,3050,1,4067.08
59802,13872,3063,3,8882.89
59803,13872,3005,1,3803.74
59804,13873,3001,3,2786.82
59805,13873,3033,4,6200.52
59806,13874,3021,1,5368.53
59807,13875,3054,3,7863.71
59808,13875,3017,5,1119.72
59809,13876,3040,2,9136.33
59810,13876,3065,2,4583.45
59811,13876,3043,4,4586.50
59812,13876,3052,5,9740.53
59813,13877,3009,4,7350.17
59814,13877,3062,4,995.28
59815,13877,3029,4,5450.71
59816,13877,3017,1,1119.72
59817,13878,3025,4,2144.12
59818,13878,3043,5,4586.50
59819,13878,3009,5,7350.17
59820,13878,3031,5,1147.68
59821,13879,3055,3,5489.82
59822,13880,3038,2,4757.40
59823,13880,3010,4,7776.78
59824,13880,3053,4,3472.07
59825,13880,3033,2,6200.52
59826,13881,3061,4,3340.34
59827,13881,3048,1,3325.11
59828,13882,3046,4,7701.62
59829,13882,3029,4,5450.71
59830,13882,3044,4,4804.81
59831,13883,3068,3,3066.38
59832,13883,3047,5,5127.70
59833,13883,3018,2,321.55
59834,13883,3036,4,5720.11
59835,13884,3069,5,9192.17
59836,13885,3057,3,1230.80
59837,13885,3038,5,4757.40
59838,13886,3025,1,2144.12
59839,13886,3049,3,7944.07
59840,13887,3035,1,9738.45
59841,13887,3042,2,7907.91
59842,13888,3050,2,4067.08
59843,13888,3064,1,7594.07
59844,13888,3008,4,1982.10
59845,13889,3043,1,4586.50
59846,13889,3070,4,7205.13
59847,13890,3001,2,2786.82
59848,13891,3053,1,3472.07
59849,13891,3027,2,5782.42
59850,13891,3021,5,5368.53
59851,13891,3038,1,4757.40
59852,13892,3028,1,3181.64
59853,13892,3063,2,8882.89
59854,13892,3033,4,6200.52
59855,13893,3066,4,6193.16
59856,13894,3041,5,7025.18
59857,13894,3016,4,3398.57
59858,13894,3002,1,8781.78
59859,13895,3001,5,2786.82
59860,13895,3064,2,7594.07
59861,13895,3065,1,4583.45
59862,13895,3027,2,5782.42
59863,13896,3039,2,1521.84
59864,13896,3005,4,3803.74
59865,13897,3038,1,4757.40
59866,13897,3024,1,9586.15
59867,13897,3046,4,7701.62
59868,13898,3058,4,3320.24
59869,13898,3047,3,5127.70
59870,13898,3041,5,7025.18
59871,13899,3028,4,3181.64
59872,13899,3020,1,2084.50
59873,13899,3010,3,7776.78
59874,13899,3002,4,8781.78
59875,13900,3044,3,4804.81
59876,13901,3027,1,5782.42
59877,13901,3067,5,2135.05
59878,13901,3037,4,1061.90
59879,13901,3015,1,6900.82
59880,13902,3056,4,6658.86
59881,13903,3053,1,3472.07
59882,13904,3025,4,2144.12
59883,13904,3011,4,8238.17
59884,13904,3057,1,1230.80
59885,13905,3038,4,4757.40
59886,13905,3048,5,3325.11
59887,13906,3012,2,2130.35
59888,13906,3066,2,6193.16
59889,13906,3011,4,8238.17
59890,13906,3038,5,4757.40
59891,13907,3043,4,4586.50
59892,13907,3059,1,1843.12
59893,13907,3047,4,5127.70
59894,13907,3034,5,8191.68
59895,13908,3035,4,9738.45
59896,13908,3024,1,9586.15
59897,13909,3025,5,2144.12
59898,13909,3031,2,1147.68
59899,13909,3068,3,3066.38
59900,13910,3052,1,9740.53
59901,13910,3049,5,7944.07
59902,13910,3007,4,8009.35
59903,13910,3070,3,7205.13
59904,13911,3037,1,1061.90
59905,13912,3003,2,8310.63
59906,13912,3025,3,2144.12
59907,13912,3054,5,7863.71
59908,13913,3034,4,8191.68
59909,13913,3043,1,4586.50
59910,13913,3014,5,139.69
59911,13913,3018,2,321.55
59912,13914,3008,1,1982.10
59913,13914,3022,5,6743.13
59914,13914,3021,3,5368.53
59915,13914,3027,3,5782.42
59916,13915,3009,1,7350.17
59917,13915,3021,2,5368.53
59918,13916,3042,5,7907.91
59919,13916,3043,5,4586.50
59920,13916,3057,5,1230.80
59921,13917,3006,4,9141.20
59922,13918,3044,4,4804.81
59923,13918,3052,5,9740.53
59924,13919,3017,2,1119.72
59925,13919,3032,4,4321.01
59926,13919,3008,3,1982.10
59927,13919,3049,4,7944.07
59928,13920,3057,3,1230.80
59929,13920,3010,1,7776.78
59930,13921,3037,1,1061.90
59931,13922,3052,4,9740.53
59932,13922,3063,4,8882.89
59933,13923,3063,2,8882.89
59934,13923,3047,3,5127.70
59935,13923,3026,5,2782.42
59936,13923,3017,4,1119.72
59937,13924,3028,4,3181.64
59938,13924,3060,3,788.12
59939,13924,3011,3,8238.17
59940,13924,3054,4,7863.71
59941,13925,3017,1,1119.72
59942,13926,3043,2,4586.50
59943,13926,3034,5,8191.68
59944,13926,3004,5,5297.49
59945,13927,3039,2,1521.84
59946,13927,3027,4,5782.42
59947,13927,3068,5,3066.38
59948,13928,3052,4,9740.53
59949,13928,3036,4,5720.11
59950,13928,3016,4,3398.57
59951,13928,3031,3,1147.68
59952,13929,3065,4,4583.45
59953,13929,3051,5,6245.66
59954,13929,3002,4,8781.78
59955,13929,3067,2,2135.05
59956,13930,3039,1,1521.84
59957,13931,3042,5,7907.91
59958,13931,3005,3,3803.74
59959,13932,3037,3,1061.90
59960,13933,3060,4,788.12
59961,13933,3036,1,5720.11
59962,13933,3024,4,9586.15
59963,13934,3047,3,5127.70
59964,13934,3039,3,1521.84
59965,13935,3062,1,995.28
59966,13935,3053,1,3472.07
59967,13936,3033,5,6200.52
59968,13936,3059,4,1843.12
59969,13936,3021,3,5368.53
59970,13937,3059,3,1843.12
59971,13938,3032,5,4321.01
59972,13939,3033,4,6200.52
59973,13940,3031,4,1147.68
59974,13941,3004,3,5297.49
59975,13941,3030,4,386.03
59976,13942,3003,5,8310.63
59977,13943,3069,4,9192.17
59978,13943,3064,1,7594.07
59979,13943,3062,4,995.28
59980,13944,3004,5,5297.49
59981,13944,3014,5,139.69
59982,13944,3025,2,2144.12
59983,13945,3042,4,7907.91
59984,13945,3051,5,6245.66
59985,13946,3039,4,1521.84
59986,13946,3051,4,6245.66
59987,13946,3032,1,4321.01
59988,13946,3012,5,2130.35
59989,13947,3024,4,9586.15
59990,13947,3053,1,3472.07
59991,13947,3057,4,1230.80
59992,13947,3068,2,3066.38
59993,13948,3051,5,6245.66
59994,13948,3027,1,5782.42
59995,13949,3002,2,8781.78
59996,13949,3026,4,2782.42
59997,13950,3039,4,1521.84
59998,13950,3067,3,2135.05
59999,13951,3033,4,6200.52
60000,13952,3047,1,5127.70
60001,13952,3036,3,5720.11
60002,13952,3063,2,8882.89
60003,13952,3058,4,3320.24
60004,13953,3035,5,9738.45
60005,13953,3032,3,4321.01
60006,13953,3033,3,6200.52
60007,13954,3017,1,1119.72
60008,13955,3049,1,7944.07
60009,13955,3022,1,6743.13
60010,13955,3007,2,8009.35
60011,13955,3070,5,7205.13
60012,13956,3033,2,6200.52
60013,13956,3065,5,4583.45
60014,13957,3004,5,5297.49
60015,13958,3003,2,8310.63
60016,13958,3046,4,7701.62
60017,13959,3004,4,5297.49
60018,13959,3037,5,1061.90
60019,13959,3046,4,7701.62
60020,13960,3006,2,9141.20
60021,13960,3005,2,3803.74
60022,13960,3011,1,8238.17
60023,13960,3022,3,6743.13
60024,13961,3039,3,1521.84
60025,13961,3002,1,8781.78
60026,13962,3059,3,1843.12
60027,13962,3042,2,7907.91
60028,13962,3066,4,6193.16
60029,13963,3067,4,2135.05
60030,13963,3054,4,7863.71
60031,13963,3012,5,2130.35
60032,13963,3023,2,1658.21
60033,13964,3029,3,5450.71
60034,13964,3031,4,1147.68
60035,13965,3020,5,2084.50
60036,13965,3003,3,8310.63
60037,13965,3012,3,2130.35
60038,13966,3058,1,3320.24
60039,13966,3051,4,6245.66
60040,13966,3049,2,7944.07
60041,13967,3007,1,8009.35
60042,13967,3054,1,7863.71
60043,13967,3037,2,1061.90
60044,13968,3069,3,9192.17
60045,13969,3063,2,8882.89
60046,13970,3053,2,3472.07
60047,13970,3048,2,3325.11
60048,13971,3055,3,5489.82
60049,13971,3048,4,3325.11
60050,13971,3047,1,5127.70
60051,13972,3008,5,1982.10
60052,13972,3029,3,5450.71
60053,13973,3059,3,1843.12
60054,13973,3023,1,1658.21
60055,13973,3056,1,6658.86
60056,13973,3034,5,8191.68
60057,13974,3066,3,6193.16
60058,13974,3015,2,6900.82
60059,13975,3028,2,3181.64
60060,13975,3044,3,4804.81
60061,13975,3034,4,8191.68
60062,13976,3069,1,9192.17
60063,13976,3055,4,5489.82
60064,13977,3032,5,4321.01
60065,13978,3059,2,1843.12
60066,13978,3043,3,4586.50
60067,13978,3010,1,7776.78
60068,13979,3035,1,9738.45
60069,13979,3012,3,2130.35
60070,13979,3065,5,4583.45
60071,13979,3041,2,7025.18
60072,13980,3007,3,8009.35
60073,13980,3045,4,4665.29
60074,13980,3041,3,7025.18
60075,13981,3017,1,1119.72
60076,13982,3003,5,8310.63
60077,13982,3056,3,6658.86
60078,13982,3014,5,139.69
60079,13982,3013,4,3936.12
60080,13983,3057,3,1230.80
60081,13983,3020,2,2084.50
60082,13984,3030,1,386.03
60083,13985,3069,3,9192.17
60084,13985,3035,2,9738.45
60085,13985,3049,5,7944.07
60086,13986,3035,3,9738.45
60087,13986,3017,3,1119.72
60088,13986,3003,1,8310.63
60089,13987,3022,2,6743.13
60090,13988,3046,1,7701.62
60091,13989,3064,2,7594.07
60092,13989,3032,5,4321.01
60093,13989,3002,1,8781.78
60094,13989,3044,1,4804.81
60095,13990,3035,2,9738.45
60096,13990,3027,5,5782.42
60097,13991,3050,1,4067.08
60098,13991,3019,3,6423.62
60099,13992,3048,2,3325.11
60100,13992,3045,5,4665.29
60101,13992,3049,3,7944.07
60102,13993,3048,5,3325.11
60103,13993,3050,2,4067.08
60104,13993,3045,2,4665.29
60105,13993,3057,5,1230.80
60106,13994,3038,1,4757.40
60107,13994,3027,1,5782.42
60108,13995,3011,5,8238.17
60109,13995,3070,3,7205.13
60110,13995,3065,4,4583.45
60111,13996,3068,4,3066.38
60112,13996,3024,2,9586.15
60113,13996,3002,5,8781.78
60114,13996,3044,2,4804.81
60115,13997,3067,5,2135.05
60116,13997,3026,5,2782.42
60117,13997,3002,5,8781.78
60118,13997,3010,4,7776.78
60119,13998,3067,1,2135.05
60120,13998,3038,4,4757.40
60121,13998,3052,3,9740.53
60122,13999,3054,4,7863.71
60123,13999,3021,4,5368.53
60124,13999,3041,1,7025.18
60125,14000,3021,1,5368.53
60126,14000,3058,5,3320.24
60127,14001,3046,1,7701.62
60128,14001,3067,5,2135.05
60129,14001,3058,5,3320.24
60130,14001,3043,1,4586.50
60131,14002,3005,3,3803.74
60132,14002,3063,2,8882.89
60133,14003,3033,4,6200.52
60134,14004,3060,3,788.12
60135,14005,3003,3,8310.63
60136,14005,3052,5,9740.53
60137,14006,3062,5,995.28
60138,14006,3064,2,7594.07
60139,14006,3025,1,2144.12
60140,14007,3039,3,1521.84
60141,14007,3033,1,6200.52
60142,14008,3031,5,1147.68
60143,14008,3013,5,3936.12
60144,14008,3062,1,995.28
60145,14008,3011,1,8238.17
60146,14009,3024,1,9586.15
60147,14010,3051,2,6245.66
60148,14010,3063,5,8882.89
60149,14011,3051,5,6245.66
60150,14012,3017,4,1119.72
60151,14012,3056,4,6658.86
60152,14012,3011,4,8238.17
60153,14013,3062,4,995.28
60154,14013,3009,5,7350.17
60155,14013,3004,2,5297.49
60156,14014,3024,4,9586.15
60157,14014,3057,3,1230.80
60158,14014,3044,2,4804.81
60159,14015,3070,2,7205.13
60160,14016,3025,1,2144.12
60161,14017,3010,4,7776.78
60162,14018,3068,2,3066.38
60163,14019,3012,2,2130.35
60164,14019,3043,5,4586.50
60165,14020,3008,4,1982.10
60166,14021,3009,3,7350.17
60167,14021,3050,2,4067.08
60168,14021,3049,1,7944.07
60169,14022,3004,1,5297.49
60170,14022,3038,4,4757.40
60171,14022,3019,4,6423.62
60172,14022,3031,2,1147.68
60173,14023,3017,4,1119.72
60174,14023,3039,3,1521.84
60175,14024,3061,4,3340.34
60176,14024,3015,1,6900.82
60177,14024,3005,4,3803.74
60178,14025,3056,4,6658.86
60179,14026,3063,5,8882.89
60180,14026,3059,5,1843.12
60181,14027,3010,1,7776.78
60182,14027,3033,5,6200.52
60183,14028,3006,1,9141.20
60184,14029,3021,4,5368.53
60185,14029,3004,5,5297.49
60186,14029,3065,5,4583.45
60187,14029,3033,1,6200.52
60188,14030,3013,4,3936.12
60189,14031,3045,4,4665.29
60190,14032,3060,5,788.12
60191,14032,3055,3,5489.82
60192,14032,3043,4,4586.50
60193,14033,3058,2,3320.24
60194,14033,3003,4,8310.63
60195,14033,3029,4,5450.71
60196,14034,3036,1,5720.11
60197,14034,3063,5,8882.89
60198,14034,3011,5,8238.17
60199,14035,3062,3,995.28
60200,14035,3068,5,3066.38
60201,14036,3041,5,7025.18
60202,14036,3021,1,5368.53
60203,14036,3028,3,3181.64
60204,14036,3006,3,9141.20
60205,14037,3025,2,2144.12
60206,14037,3034,1,8191.68
60207,14038,3070,4,7205.13
60208,14038,3023,1,1658.21
60209,14038,3004,1,5297.49
60210,14039,3020,4,2084.50
60211,14040,3045,3,4665.29
60212,14040,3044,2,4804.81
60213,14040,3034,5,8191.68
60214,14040,3058,4,3320.24
60215,14041,3012,5,2130.35
60216,14041,3055,2,5489.82
60217,14041,3027,3,5782.42
60218,14042,3014,4,139.69
60219,14043,3026,2,2782.42
60220,14043,3007,3,8009.35
60221,14044,3012,2,2130.35
60222,14044,3061,4,3340.34
60223,14045,3032,5,4321.01
60224,14045,3004,1,5297.49
60225,14046,3002,4,8781.78
60226,14046,3069,1,9192.17
60227,14046,3066,1,6193.16
60228,14047,3048,1,3325.11
60229,14047,3065,3,4583.45
60230,14048,3030,3,386.03
60231,14048,3008,4,1982.10
60232,14048,3051,4,6245.66
60233,14049,3012,2,2130.35
60234,14049,3013,4,3936.12
60235,14050,3052,5,9740.53
60236,14051,3001,5,2786.82
60237,14052,3059,4,1843.12
60238,14053,3030,3,386.03
60239,14053,3048,2,3325.11
60240,14053,3017,4,1119.72
60241,14053,3011,4,8238.17
60242,14054,3058,1,3320.24
60243,14054,3015,1,6900.82
60244,14055,3001,5,2786.82
60245,14055,3051,4,6245.66
60246,14055,3069,3,9192.17
60247,14055,3053,4,3472.07
60248,14056,3013,2,3936.12
60249,14056,3038,3,4757.40
60250,14056,3061,5,3340.34
60251,14057,3055,4,5489.82
60252,14057,3043,3,4586.50
60253,14057,3025,2,2144.12
60254,14058,3023,4,1658.21
60255,14058,3041,4,7025.18
60256,14058,3059,5,1843.12
60257,14059,3062,4,995.28
60258,14059,3029,4,5450.71
60259,14059,3048,1,3325.11
60260,14059,3012,2,2130.35
60261,14060,3032,1,4321.01
60262,14060,3062,1,995.28
60263,14061,3003,4,8310.63
60264,14061,3046,1,7701.62
60265,14061,3008,3,1982.10
60266,14062,3049,2,7944.07
60267,14063,3029,3,5450.71
60268,14063,3008,4,1982.10
60269,14064,3020,1,2084.50
60270,14064,3044,3,4804.81
60271,14064,3054,5,7863.71
60272,14064,3010,3,7776.78
60273,14065,3030,3,386.03
60274,14065,3065,1,4583.45
60275,14066,3017,5,1119.72
60276,14066,3003,5,8310.63
60277,14066,3056,1,6658.86
60278,14066,3024,3,9586.15
60279,14067,3051,5,6245.66
60280,14067,3007,5,8009.35
60281,14067,3025,1,2144.12
60282,14067,3004,3,5297.49
60283,14068,3067,2,2135.05
60284,14069,3026,4,2782.42
60285,14069,3036,2,5720.11
60286,14069,3027,3,5782.42
60287,14070,3068,4,3066.38
60288,14070,3008,5,1982.10
60289,14070,3067,2,2135.05
60290,14070,3064,3,7594.07
60291,14071,3019,4,6423.62
60292,14071,3038,4,4757.40
60293,14071,3034,4,8191.68
60294,14071,3013,2,3936.12
60295,14072,3069,4,9192.17
60296,14073,3031,3,1147.68
60297,14073,3003,4,8310.63
60298,14073,3053,3,3472.07
60299,14074,3026,4,2782.42
60300,14074,3018,5,321.55
60301,14075,3039,4,1521.84
60302,14075,3067,1,2135.05
60303,14076,3043,4,4586.50
60304,14076,3014,2,139.69
60305,14077,3040,3,9136.33
60306,14078,3068,2,3066.38
60307,14078,3020,4,2084.50
60308,14078,3049,4,7944.07
60309,14079,3029,2,5450.71
60310,14079,3014,3,139.69
60311,14080,3017,5,1119.72
60312,14081,3051,1,6245.66
60313,14081,3052,3,9740.53
60314,14081,3029,1,5450.71
60315,14081,3035,5,9738.45
60316,14082,3033,3,6200.52
60317,14082,3034,2,8191.68
60318,14082,3060,2,788.12
60319,14082,3055,3,5489.82
60320,14083,3052,4,9740.53
60321,14083,3067,5,2135.05
60322,14083,3043,2,4586.50
60323,14083,3015,1,6900.82
60324,14084,3048,2,3325.11
60325,14084,3010,3,7776.78
60326,14084,3060,2,788.12
60327,14084,3014,5,139.69
60328,14085,3042,1,7907.91
60329,14085,3034,3,8191.68
60330,14085,3059,1,1843.12
60331,14086,3046,4,7701.62
60332,14087,3043,4,4586.50
60333,14087,3068,4,3066.38
60334,14087,3006,4,9141.20
60335,14088,3069,3,9192.17
60336,14088,3059,1,1843.12
60337,14088,3067,2,2135.05
60338,14089,3016,4,3398.57
60339,14089,3023,4,1658.21
60340,14090,3064,5,7594.07
60341,14091,3026,5,2782.42
60342,14091,3045,3,4665.29
60343,14092,3017,3,1119.72
60344,14092,3033,2,6200.52
60345,14093,3070,4,7205.13
60346,14093,3069,1,9192.17
60347,14093,3016,2,3398.57
60348,14094,3032,4,4321.01
60349,14094,3040,4,9136.33
60350,14094,3014,3,139.69
60351,14095,3053,1,3472.07
60352,14095,3014,1,139.69
60353,14095,3034,5,8191.68
60354,14096,3005,1,3803.74
60355,14097,3060,2,788.12
60356,14097,3029,5,5450.71
60357,14097,3011,5,8238.17
60358,14098,3041,3,7025.18
60359,14098,3067,3,2135.05
60360,14099,3013,2,3936.12
60361,14100,3061,4,3340.34
60362,14100,3010,1,7776.78
60363,14100,3018,3,321.55
60364,14100,3057,4,1230.80
60365,14101,3025,4,2144.12
60366,14101,3001,3,2786.82
60367,14101,3013,3,3936.12
60368,14102,3033,2,6200.52
60369,14102,3002,1,8781.78
60370,14102,3068,5,3066.38
60371,14102,3001,5,2786.82
60372,14103,3022,4,6743.13
60373,14103,3006,3,9141.20
60374,14104,3050,3,4067.08
60375,14105,3005,4,3803.74
60376,14105,3020,4,2084.50
60377,14105,3032,3,4321.01
60378,14106,3017,5,1119.72
60379,14106,3054,4,7863.71
60380,14106,3041,2,7025.18
60381,14107,3022,2,6743.13
60382,14108,3041,1,7025.18
60383,14108,3054,1,7863.71
60384,14108,3023,5,1658.21
60385,14108,3053,1,3472.07
60386,14109,3070,5,7205.13
60387,14109,3004,5,5297.49
60388,14109,3016,5,3398.57
60389,14110,3001,2,2786.82
60390,14111,3001,3,2786.82
60391,14112,3059,2,1843.12
60392,14112,3069,5,9192.17
60393,14113,3068,1,3066.38
60394,14113,3062,2,995.28
60395,14113,3021,1,5368.53
60396,14113,3020,4,2084.50
60397,14114,3008,5,1982.10
60398,14115,3055,5,5489.82
60399,14116,3022,5,6743.13
60400,14116,3027,4,5782.42
60401,14117,3051,3,6245.66
60402,14117,3022,1,6743.13
60403,14117,3015,3,6900.82
60404,14117,3047,1,5127.70
60405,14118,3058,1,3320.24
60406,14119,3059,5,1843.12
60407,14119,3018,2,321.55
60408,14120,3020,3,2084.50
60409,14120,3053,5,3472.07
60410,14120,3028,2,3181.64
60411,14121,3022,5,6743.13
60412,14121,3050,5,4067.08
60413,14121,3026,5,2782.42
60414,14122,3035,1,9738.45
60415,14122,3042,5,7907.91
60416,14122,3045,2,4665.29
60417,14122,3012,2,2130.35
60418,14123,3047,5,5127.70
60419,14123,3068,3,3066.38
60420,14124,3020,4,2084.50
60421,14124,3066,2,6193.16
60422,14124,3029,5,5450.71
60423,14124,3034,5,8191.68
60424,14125,3056,1,6658.86
60425,14126,3045,3,4665.29
60426,14127,3047,5,5127.70
60427,14127,3027,4,5782.42
60428,14127,3003,1,8310.63
60429,14127,3020,3,2084.50
60430,14128,3039,1,1521.84
60431,14129,3060,2,788.12
60432,14129,3042,4,7907.91
60433,14129,3021,5,5368.53
60434,14129,3006,5,9141.20
60435,14130,3036,3,5720.11
60436,14131,3070,5,7205.13
60437,14131,3011,5,8238.17
60438,14131,3010,1,7776.78
60439,14132,3021,5,5368.53
60440,14132,3066,3,6193.16
60441,14132,3036,5,5720.11
60442,14132,3044,4,4804.81
60443,14133,3033,4,6200.52
60444,14133,3006,2,9141.20
60445,14133,3023,5,1658.21
60446,14134,3045,2,4665.29
60447,14134,3070,1,7205.13
60448,14134,3003,1,8310.63
60449,14134,3064,5,7594.07
60450,14135,3046,4,7701.62
60451,14136,3011,5,8238.17
60452,14137,3037,3,1061.90
60453,14137,3027,2,5782.42
60454,14137,3042,5,7907.91
60455,14137,3058,2,3320.24
60456,14138,3045,5,4665.29
60457,14138,3048,1,3325.11
60458,14138,3054,5,7863.71
60459,14139,3055,1,5489.82
60460,14139,3002,3,8781.78
60461,14139,3001,5,2786.82
60462,14140,3017,2,1119.72
60463,14141,3020,5,2084.50
60464,14141,3035,3,9738.45
60465,14141,3024,4,9586.15
60466,14141,3038,1,4757.40
60467,14142,3018,3,321.55
60468,14143,3006,4,9141.20
60469,14144,3018,1,321.55
60470,14144,3040,5,9136.33
60471,14144,3035,3,9738.45
60472,14144,3055,4,5489.82
60473,14145,3021,4,5368.53
60474,14145,3037,3,1061.90
60475,14145,3069,4,9192.17
60476,14145,3062,4,995.28
60477,14146,3007,2,8009.35
60478,14146,3069,3,9192.17
60479,14147,3017,1,1119.72
60480,14147,3069,1,9192.17
60481,14147,3004,4,5297.49
60482,14147,3013,2,3936.12
60483,14148,3059,5,1843.12
60484,14148,3040,1,9136.33
60485,14148,3011,3,8238.17
60486,14149,3006,2,9141.20
60487,14149,3020,2,2084.50
60488,14150,3041,5,7025.18
60489,14151,3045,4,4665.29
60490,14151,3059,5,1843.12
60491,14151,3032,2,4321.01
60492,14151,3028,5,3181.64
60493,14152,3049,3,7944.07
60494,14152,3045,3,4665.29
60495,14152,3058,2,3320.24
60496,14152,3047,3,5127.70
60497,14153,3042,1,7907.91
60498,14153,3050,4,4067.08
60499,14153,3070,4,7205.13
60500,14153,3047,3,5127.70
60501,14154,3068,5,3066.38
60502,14154,3022,4,6743.13
60503,14154,3052,1,9740.53
60504,14154,3040,2,9136.33
60505,14155,3007,1,8009.35
60506,14156,3044,3,4804.81
60507,14156,3046,4,7701.62
60508,14157,3044,3,4804.81
60509,14157,3032,4,4321.01
60510,14157,3031,5,1147.68
60511,14158,3018,3,321.55
60512,14158,3034,3,8191.68
60513,14158,3066,4,6193.16
60514,14159,3037,1,1061.90
60515,14160,3048,4,3325.11
60516,14160,3005,2,3803.74
60517,14160,3043,2,4586.50
60518,14161,3006,1,9141.20
60519,14161,3055,5,5489.82
60520,14161,3043,1,4586.50
60521,14161,3014,5,139.69
60522,14162,3016,3,3398.57
60523,14162,3026,5,2782.42
60524,14162,3069,3,9192.17
60525,14162,3057,3,1230.80
60526,14163,3021,1,5368.53
60527,14163,3023,2,1658.21
60528,14163,3068,2,3066.38
60529,14164,3037,5,1061.90
60530,14164,3010,5,7776.78
60531,14165,3060,1,788.12
60532,14165,3012,1,2130.35
60533,14165,3011,4,8238.17
60534,14165,3067,4,2135.05
60535,14166,3038,3,4757.40
60536,14166,3025,5,2144.12
60537,14166,3049,5,7944.07
60538,14166,3007,1,8009.35
60539,14167,3020,3,2084.50
60540,14167,3057,2,1230.80
60541,14167,3013,4,3936.12
60542,14168,3061,3,3340.34
60543,14168,3033,4,6200.52
60544,14168,3027,4,5782.42
60545,14169,3065,1,4583.45
60546,14169,3054,4,7863.71
60547,14170,3068,4,3066.38
60548,14171,3050,1,4067.08
60549,14171,3040,5,9136.33
60550,14171,3041,3,7025.18
60551,14171,3068,2,3066.38
60552,14172,3054,3,7863.71
60553,14173,3009,5,7350.17
60554,14173,3058,1,3320.24
60555,14174,3042,2,7907.91
60556,14175,3018,4,321.55
60557,14176,3048,3,3325.11
60558,14177,3039,3,1521.84
60559,14177,3008,3,1982.10
60560,14177,3018,5,321.55
60561,14177,3069,3,9192.17
60562,14178,3055,2,5489.82
60563,14178,3042,4,7907.91
60564,14178,3048,5,3325.11
60565,14178,3013,1,3936.12
60566,14179,3005,5,3803.74
60567,14179,3064,2,7594.07
60568,14180,3027,3,5782.42
60569,14180,3014,5,139.69
60570,14180,3067,3,2135.05
60571,14180,3031,1,1147.68
60572,14181,3031,3,1147.68
60573,14181,3034,5,8191.68
60574,14182,3026,3,2782.42
60575,14182,3023,5,1658.21
60576,14183,3024,3,9586.15
60577,14184,3041,1,7025.18
60578,14184,3064,4,7594.07
60579,14184,3010,2,7776.78
60580,14185,3035,3,9738.45
60581,14185,3027,5,5782.42
60582,14185,3043,2,4586.50
60583,14185,3014,5,139.69
60584,14186,3026,2,2782.42
60585,14186,3018,2,321.55
60586,14186,3064,1,7594.07
60587,14186,3008,4,1982.10
60588,14187,3005,1,3803.74
60589,14187,3017,1,1119.72
60590,14187,3068,4,3066.38
60591,14188,3063,4,8882.89
60592,14189,3038,2,4757.40
60593,14189,3036,2,5720.11
60594,14190,3054,4,7863.71
60595,14190,3001,2,2786.82
60596,14190,3024,2,9586.15
60597,14191,3051,4,6245.66
60598,14191,3036,2,5720.11
60599,14191,3010,5,7776.78
60600,14192,3005,1,3803.74
60601,14192,3022,3,6743.13
60602,14192,3043,1,4586.50
60603,14192,3020,3,2084.50
60604,14193,3045,4,4665.29
60605,14193,3013,2,3936.12
60606,14194,3049,3,7944.07
60607,14194,3065,1,4583.45
60608,14195,3040,2,9136.33
60609,14195,3069,4,9192.17
60610,14195,3047,1,5127.70
60611,14196,3032,3,4321.01
60612,14196,3043,4,4586.50
60613,14197,3022,1,6743.13
60614,14197,3033,3,6200.52
60615,14198,3031,1,1147.68
60616,14198,3006,1,9141.20
60617,14198,3052,2,9740.53
60618,14199,3001,3,2786.82
60619,14200,3068,3,3066.38
60620,14200,3018,2,321.55
60621,14200,3061,2,3340.34
60622,14201,3007,1,8009.35
60623,14201,3065,3,4583.45
60624,14201,3063,4,8882.89
60625,14202,3029,3,5450.71
60626,14202,3043,3,4586.50
60627,14203,3031,5,1147.68
60628,14203,3066,2,6193.16
60629,14203,3048,5,3325.11
60630,14203,3009,3,7350.17
60631,14204,3057,5,1230.80
60632,14204,3039,4,1521.84
60633,14205,3006,3,9141.20
60634,14206,3063,5,8882.89
60635,14206,3027,1,5782.42
60636,14206,3026,4,2782.42
60637,14207,3052,1,9740.53
60638,14207,3050,5,4067.08
60639,14208,3002,4,8781.78
60640,14208,3039,3,1521.84
60641,14208,3033,1,6200.52
60642,14209,3059,3,1843.12
60643,14210,3043,4,4586.50
60644,14211,3045,4,4665.29
60645,14211,3042,3,7907.91
60646,14211,3067,5,2135.05
60647,14211,3005,4,3803.74
60648,14212,3018,3,321.55
60649,14212,3021,2,5368.53
60650,14212,3026,1,2782.42
60651,14212,3022,3,6743.13
60652,14213,3003,4,8310.63
60653,14213,3008,2,1982.10
60654,14214,3014,1,139.69
60655,14215,3061,2,3340.34
60656,14215,3013,3,3936.12
60657,14215,3032,5,4321.01
60658,14215,3049,1,7944.07
60659,14216,3039,2,1521.84
60660,14217,3020,5,2084.50
60661,14218,3014,2,139.69
60662,14218,3018,5,321.55
60663,14218,3019,4,6423.62
60664,14218,3028,1,3181.64
60665,14219,3001,3,2786.82
60666,14219,3017,3,1119.72
60667,14219,3037,2,1061.90
60668,14220,3034,2,8191.68
60669,14220,3020,3,2084.50
60670,14221,3003,2,8310.63
60671,14221,3020,2,2084.50
60672,14222,3002,1,8781.78
60673,14223,3025,2,2144.12
60674,14224,3068,3,3066.38
60675,14224,3022,2,6743.13
60676,14224,3070,3,7205.13
60677,14224,3021,1,5368.53
60678,14225,3013,5,3936.12
60679,14225,3030,3,386.03
60680,14225,3043,4,4586.50
60681,14225,3021,1,5368.53
60682,14226,3053,3,3472.07
60683,14226,3024,4,9586.15
60684,14226,3036,4,5720.11
60685,14226,3067,4,2135.05
60686,14227,3008,4,1982.10
60687,14227,3069,5,9192.17
60688,14227,3059,3,1843.12
60689,14228,3049,3,7944.07
60690,14228,3009,1,7350.17
60691,14229,3001,1,2786.82
60692,14229,3060,5,788.12
60693,14230,3051,2,6245.66
60694,14231,3049,2,7944.07
60695,14231,3008,4,1982.10
60696,14232,3016,4,3398.57
60697,14232,3043,4,4586.50
60698,14233,3054,4,7863.71
60699,14233,3009,2,7350.17
60700,14234,3024,5,9586.15
60701,14234,3019,5,6423.62
60702,14234,3038,5,4757.40
60703,14234,3042,4,7907.91
60704,14235,3059,3,1843.12
60705,14235,3026,2,2782.42
60706,14235,3070,5,7205.13
60707,14235,3024,2,9586.15
60708,14236,3036,4,5720.11
60709,14237,3021,2,5368.53
60710,14237,3022,2,6743.13
60711,14238,3026,1,2782.42
60712,14238,3067,2,2135.05
60713,14239,3023,3,1658.21
60714,14239,3021,5,5368.53
60715,14239,3028,1,3181.64
60716,14240,3019,1,6423.62
60717,14240,3063,1,8882.89
60718,14240,3004,3,5297.49
60719,14240,3038,3,4757.40
60720,14241,3022,3,6743.13
60721,14242,3021,3,5368.53
60722,14242,3024,3,9586.15
60723,14242,3020,4,2084.50
60724,14243,3004,3,5297.49
60725,14243,3067,1,2135.05
60726,14243,3029,3,5450.71
60727,14243,3030,4,386.03
60728,14244,3025,4,2144.12
60729,14244,3026,3,2782.42
60730,14245,3046,2,7701.62
60731,14246,3030,4,386.03
60732,14246,3027,5,5782.42
60733,14246,3067,5,2135.05
60734,14247,3011,2,8238.17
60735,14247,3003,1,8310.63
60736,14247,3044,5,4804.81
60737,14248,3044,5,4804.81
60738,14248,3062,3,995.28
60739,14248,3047,1,5127.70
60740,14249,3045,2,4665.29
60741,14249,3062,2,995.28
60742,14250,3025,1,2144.12
60743,14250,3002,4,8781.78
60744,14251,3054,1,7863.71
60745,14252,3039,3,1521.84
60746,14252,3065,4,4583.45
60747,14252,3051,3,6245.66
60748,14252,3059,2,1843.12
60749,14253,3035,5,9738.45
60750,14254,3047,3,5127.70
60751,14254,3049,1,7944.07
60752,14255,3018,3,321.55
60753,14255,3059,2,1843.12
60754,14255,3001,3,2786.82
60755,14255,3023,3,1658.21
60756,14256,3015,1,6900.82
60757,14257,3046,3,7701.62
60758,14257,3053,1,3472.07
60759,14257,3023,2,1658.21
60760,14258,3053,1,3472.07
60761,14258,3058,5,3320.24
60762,14258,3054,3,7863.71
60763,14258,3065,1,4583.45
60764,14259,3052,1,9740.53
60765,14259,3039,2,1521.84
60766,14259,3062,2,995.28
60767,14260,3035,2,9738.45
60768,14260,3022,2,6743.13
60769,14260,3037,1,1061.90
60770,14260,3042,4,7907.91
60771,14261,3035,4,9738.45
60772,14261,3029,1,5450.71
60773,14261,3018,3,321.55
60774,14262,3039,2,1521.84
60775,14262,3008,4,1982.10
60776,14263,3045,2,4665.29
60777,14264,3025,5,2144.12
60778,14264,3016,1,3398.57
60779,14264,3006,3,9141.20
60780,14265,3069,2,9192.17
60781,14265,3032,1,4321.01
60782,14265,3004,2,5297.49
60783,14265,3047,2,5127.70
60784,14266,3021,5,5368.53
60785,14266,3052,4,9740.53
60786,14266,3036,3,5720.11
60787,14267,3060,4,788.12
60788,14267,3008,3,1982.10
60789,14267,3056,3,6658.86
60790,14267,3057,2,1230.80
60791,14268,3030,4,386.03
60792,14268,3005,5,3803.74
60793,14268,3060,1,788.12
60794,14268,3004,1,5297.49
60795,14269,3005,1,3803.74
60796,14270,3038,1,4757.40
60797,14270,3068,3,3066.38
60798,14271,3039,5,1521.84
60799,14271,3017,4,1119.72
60800,14271,3014,3,139.69
60801,14271,3015,5,6900.82
60802,14272,3004,3,5297.49
60803,14273,3009,4,7350.17
60804,14273,3007,2,8009.35
60805,14273,3008,2,1982.10
60806,14274,3038,5,4757.40
60807,14275,3004,5,5297.49
60808,14275,3037,5,1061.90
60809,14276,3003,3,8310.63
60810,14276,3054,1,7863.71
60811,14277,3011,1,8238.17
60812,14277,3017,4,1119.72
60813,14277,3010,1,7776.78
60814,14278,3027,3,5782.42
60815,14278,3010,3,7776.78
60816,14278,3004,1,5297.49
60817,14279,3012,5,2130.35
60818,14279,3047,5,5127.70
60819,14280,3041,1,7025.18
60820,14280,3005,4,3803.74
60821,14280,3050,4,4067.08
60822,14280,3054,3,7863.71
60823,14281,3035,1,9738.45
60824,14282,3067,1,2135.05
60825,14282,3030,3,386.03
60826,14282,3045,4,4665.29
60827,14283,3045,1,4665.29
60828,14284,3017,1,1119.72
60829,14284,3059,2,1843.12
60830,14284,3061,1,3340.34
60831,14285,3030,1,386.03
60832,14285,3070,1,7205.13
60833,14285,3050,3,4067.08
60834,14286,3016,1,3398.57
60835,14287,3023,2,1658.21
60836,14287,3061,3,3340.34
60837,14287,3013,5,3936.12
60838,14287,3033,2,6200.52
60839,14288,3015,1,6900.82
60840,14288,3005,4,3803.74
60841,14288,3051,3,6245.66
60842,14289,3033,4,6200.52
60843,14290,3041,2,7025.18
60844,14290,3045,1,4665.29
60845,14291,3064,2,7594.07
60846,14292,3010,4,7776.78
60847,14292,3024,2,9586.15
60848,14292,3019,3,6423.62
60849,14292,3001,1,2786.82
60850,14293,3042,1,7907.91
60851,14293,3023,5,1658.21
60852,14293,3039,5,1521.84
60853,14294,3005,2,3803.74
60854,14294,3055,2,5489.82
60855,14294,3017,4,1119.72
60856,14294,3041,1,7025.18
60857,14295,3002,5,8781.78
60858,14296,3010,3,7776.78
60859,14296,3013,1,3936.12
60860,14297,3065,1,4583.45
60861,14298,3058,5,3320.24
60862,14298,3015,2,6900.82
60863,14299,3067,3,2135.05
60864,14299,3058,1,3320.24
60865,14300,3033,3,6200.52
60866,14300,3020,2,2084.50
60867,14300,3046,3,7701.62
60868,14301,3006,4,9141.20
60869,14301,3020,3,2084.50
60870,14301,3052,2,9740.53
60871,14302,3032,4,4321.01
60872,14302,3069,3,9192.17
60873,14302,3056,5,6658.86
60874,14302,3051,1,6245.66
60875,14303,3005,3,3803.74
60876,14304,3022,5,6743.13
60877,14305,3060,3,788.12
60878,14305,3019,2,6423.62
60879,14306,3055,4,5489.82
60880,14307,3064,4,7594.07
60881,14307,3067,4,2135.05
60882,14307,3030,5,386.03
60883,14307,3050,1,4067.08
60884,14308,3064,1,7594.07
60885,14309,3033,5,6200.52
60886,14309,3007,5,8009.35
60887,14310,3046,2,7701.62
60888,14310,3011,2,8238.17
60889,14311,3046,4,7701.62
60890,14312,3008,2,1982.10
60891,14312,3024,4,9586.15
60892,14313,3011,1,8238.17
60893,14313,3050,4,4067.08
60894,14313,3021,2,5368.53
60895,14313,3003,5,8310.63
60896,14314,3015,4,6900.82
60897,14314,3018,1,321.55
60898,14314,3049,5,7944.07
60899,14315,3055,5,5489.82
60900,14315,3015,3,6900.82
60901,14315,3012,1,2130.35
60902,14315,3003,2,8310.63
60903,14316,3024,4,9586.15
60904,14317,3062,5,995.28
60905,14317,3028,4,3181.64
60906,14317,3053,2,3472.07
60907,14317,3003,2,8310.63
60908,14318,3045,4,4665.29
60909,14318,3006,4,9141.20
60910,14319,3064,3,7594.07
60911,14319,3055,1,5489.82
60912,14319,3002,5,8781.78
60913,14319,3044,1,4804.81
60914,14320,3044,1,4804.81
60915,14321,3028,1,3181.64
60916,14322,3024,1,9586.15
60917,14322,3047,3,5127.70
60918,14322,3007,3,8009.35
60919,14322,3065,4,4583.45
60920,14323,3040,1,9136.33
60921,14323,3010,2,7776.78
60922,14323,3037,3,1061.90
60923,14324,3054,4,7863.71
60924,14324,3009,1,7350.17
60925,14325,3002,4,8781.78
60926,14325,3024,4,9586.15
60927,14325,3006,1,9141.20
60928,14326,3065,1,4583.45
60929,14327,3069,4,9192.17
60930,14327,3027,5,5782.42
60931,14327,3053,3,3472.07
60932,14328,3031,2,1147.68
60933,14329,3058,4,3320.24
60934,14330,3012,4,2130.35
60935,14330,3016,4,3398.57
60936,14330,3062,3,995.28
60937,14331,3003,2,8310.63
60938,14331,3006,4,9141.20
60939,14331,3036,3,5720.11
60940,14332,3014,4,139.69
60941,14332,3043,3,4586.50
60942,14333,3023,1,1658.21
60943,14333,3042,5,7907.91
60944,14334,3051,2,6245.66
60945,14334,3005,5,3803.74
60946,14335,3028,4,3181.64
60947,14336,3038,4,4757.40
60948,14336,3055,4,5489.82
60949,14336,3057,3,1230.80
60950,14336,3047,2,5127.70
60951,14337,3010,3,7776.78
60952,14337,3041,4,7025.18
60953,14337,3032,3,4321.01
60954,14338,3018,1,321.55
60955,14338,3064,5,7594.07
60956,14339,3022,1,6743.13
60957,14340,3070,4,7205.13
60958,14340,3006,5,9141.20
60959,14340,3004,1,5297.49
60960,14340,3027,1,5782.42
60961,14341,3001,2,2786.82
60962,14342,3001,2,2786.82
60963,14342,3065,2,4583.45
60964,14343,3013,5,3936.12
60965,14343,3052,5,9740.53
60966,14343,3002,1,8781.78
60967,14344,3045,3,4665.29
60968,14344,3063,1,8882.89
60969,14344,3067,4,2135.05
60970,14344,3069,4,9192.17
60971,14345,3003,4,8310.63
60972,14346,3034,3,8191.68
60973,14346,3040,2,9136.33
60974,14346,3035,5,9738.45
60975,14346,3007,3,8009.35
60976,14347,3010,2,7776.78
60977,14347,3056,4,6658.86
60978,14347,3019,4,6423.62
60979,14347,3017,2,1119.72
60980,14348,3014,1,139.69
60981,14348,3003,2,8310.63
60982,14348,3044,4,4804.81
60983,14348,3035,1,9738.45
60984,14349,3067,4,2135.05
60985,14349,3039,3,1521.84
60986,14350,3019,5,6423.62
60987,14350,3012,3,2130.35
60988,14350,3068,4,3066.38
60989,14351,3033,3,6200.52
60990,14351,3028,3,3181.64
60991,14351,3025,2,2144.12
60992,14351,3058,5,3320.24
60993,14352,3069,1,9192.17
60994,14353,3030,3,386.03
60995,14353,3070,5,7205.13
60996,14354,3053,2,3472.07
60997,14354,3011,2,8238.17
60998,14354,3039,4,1521.84
60999,14354,3033,2,6200.52
61000,14355,3005,4,3803.74
61001,14355,3008,3,1982.10
61002,14355,3066,2,6193.16
61003,14355,3043,4,4586.50
61004,14356,3057,1,1230.80
61005,14356,3051,5,6245.66
61006,14356,3028,2,3181.64
61007,14357,3024,2,9586.15
61008,14357,3003,3,8310.63
61009,14357,3002,5,8781.78
61010,14358,3063,3,8882.89
61011,14358,3069,2,9192.17
61012,14359,3038,1,4757.40
61013,14359,3052,3,9740.53
61014,14360,3021,1,5368.53
61015,14361,3063,5,8882.89
61016,14361,3052,4,9740.53
61017,14361,3001,1,2786.82
61018,14361,3067,1,2135.05
61019,14362,3049,4,7944.07
61020,14363,3065,3,4583.45
61021,14363,3058,2,3320.24
61022,14363,3021,3,5368.53
61023,14364,3047,3,5127.70
61024,14364,3017,1,1119.72
61025,14364,3028,3,3181.64
61026,14364,3043,3,4586.50
61027,14365,3003,2,8310.63
61028,14365,3030,5,386.03
61029,14365,3052,2,9740.53
61030,14366,3049,5,7944.07
61031,14366,3050,1,4067.08
61032,14366,3003,3,8310.63
61033,14367,3068,2,3066.38
61034,14367,3051,5,6245.66
61035,14367,3006,4,9141.20
61036,14368,3029,3,5450.71
61037,14368,3024,2,9586.15
61038,14368,3010,1,7776.78
61039,14369,3003,3,8310.63
61040,14369,3060,5,788.12
61041,14369,3014,4,139.69
61042,14369,3006,5,9141.20
61043,14370,3003,5,8310.63
61044,14370,3010,2,7776.78
61045,14370,3046,2,7701.62
61046,14370,3008,3,1982.10
61047,14371,3010,2,7776.78
61048,14371,3023,5,1658.21
61049,14371,3068,3,3066.38
61050,14372,3035,2,9738.45
61051,14372,3012,2,2130.35
61052,14372,3066,4,6193.16
61053,14373,3039,4,1521.84
61054,14374,3019,4,6423.62
61055,14374,3045,3,4665.29
61056,14374,3004,2,5297.49
61057,14375,3006,5,9141.20
61058,14375,3026,3,2782.42
61059,14376,3008,4,1982.10
61060,14377,3058,3,3320.24
61061,14377,3043,2,4586.50
61062,14377,3001,3,2786.82
61063,14377,3005,4,3803.74
61064,14378,3008,2,1982.10
61065,14378,3029,2,5450.71
61066,14378,3051,4,6245.66
61067,14378,3058,1,3320.24
61068,14379,3024,3,9586.15
61069,14379,3033,1,6200.52
61070,14379,3061,3,3340.34
61071,14380,3056,2,6658.86
61072,14381,3041,4,7025.18
61073,14381,3056,1,6658.86
61074,14382,3066,2,6193.16
61075,14382,3021,4,5368.53
61076,14382,3034,3,8191.68
61077,14383,3010,2,7776.78
61078,14383,3057,4,1230.80
61079,14383,3068,3,3066.38
61080,14384,3061,1,3340.34
61081,14384,3026,3,2782.42
61082,14384,3008,4,1982.10
61083,14384,3050,1,4067.08
61084,14385,3064,3,7594.07
61085,14386,3049,3,7944.07
61086,14387,3008,1,1982.10
61087,14388,3042,5,7907.91
61088,14388,3053,2,3472.07
61089,14389,3055,5,5489.82
61090,14389,3017,2,1119.72
61091,14389,3058,5,3320.24
61092,14390,3062,1,995.28
61093,14390,3049,2,7944.07
61094,14390,3043,2,4586.50
61095,14390,3034,3,8191.68
61096,14391,3016,2,3398.57
61097,14391,3037,4,1061.90
61098,14391,3045,3,4665.29
61099,14391,3015,1,6900.82
61100,14392,3069,4,9192.17
61101,14392,3021,3,5368.53
61102,14393,3044,4,4804.81
61103,14393,3024,3,9586.15
61104,14393,3029,4,5450.71
61105,14393,3049,2,7944.07
61106,14394,3048,1,3325.11
61107,14394,3033,2,6200.52
61108,14394,3044,3,4804.81
61109,14394,3034,5,8191.68
61110,14395,3058,5,3320.24
61111,14395,3047,3,5127.70
61112,14396,3031,2,1147.68
61113,14396,3052,2,9740.53
61114,14396,3039,1,1521.84
61115,14397,3057,3,1230.80
61116,14397,3005,3,3803.74
61117,14397,3043,4,4586.50
61118,14398,3046,1,7701.62
61119,14398,3065,5,4583.45
61120,14398,3026,4,2782.42
61121,14398,3002,4,8781.78
61122,14399,3058,3,3320.24
61123,14399,3008,2,1982.10
61124,14400,3019,1,6423.62
61125,14400,3067,3,2135.05
61126,14400,3058,5,3320.24
61127,14401,3035,1,9738.45
61128,14401,3029,2,5450.71
61129,14402,3031,2,1147.68
61130,14402,3041,3,7025.18
61131,14402,3040,1,9136.33
61132,14402,3035,2,9738.45
61133,14403,3069,4,9192.17
61134,14403,3001,5,2786.82
61135,14403,3039,5,1521.84
61136,14404,3006,2,9141.20
61137,14404,3070,3,7205.13
61138,14404,3058,2,3320.24
61139,14404,3052,4,9740.53
61140,14405,3040,4,9136.33
61141,14405,3057,1,1230.80
61142,14406,3045,4,4665.29
61143,14407,3025,3,2144.12
61144,14407,3062,4,995.28
61145,14407,3069,1,9192.17
61146,14407,3011,4,8238.17
61147,14408,3009,2,7350.17
61148,14408,3063,4,8882.89
61149,14409,3011,2,8238.17
61150,14409,3031,1,1147.68
61151,14409,3068,3,3066.38
61152,14409,3064,1,7594.07
61153,14410,3010,4,7776.78
61154,14410,3016,4,3398.57
61155,14411,3016,4,3398.57
61156,14411,3055,5,5489.82
61157,14411,3022,5,6743.13
61158,14411,3040,5,9136.33
61159,14412,3062,5,995.28
61160,14412,3051,2,6245.66
61161,14412,3023,2,1658.21
61162,14412,3010,3,7776.78
61163,14413,3024,4,9586.15
61164,14413,3017,5,1119.72
61165,14413,3033,4,6200.52
61166,14413,3064,4,7594.07
61167,14414,3059,1,1843.12
61168,14415,3057,5,1230.80
61169,14415,3012,3,2130.35
61170,14415,3035,4,9738.45
61171,14415,3067,5,2135.05
61172,14416,3043,5,4586.50
61173,14416,3059,3,1843.12
61174,14417,3025,2,2144.12
61175,14417,3041,5,7025.18
61176,14418,3004,5,5297.49
61177,14419,3038,2,4757.40
61178,14419,3009,4,7350.17
61179,14420,3033,3,6200.52
61180,14420,3044,2,4804.81
61181,14421,3062,3,995.28
61182,14421,3013,3,3936.12
61183,14421,3009,5,7350.17
61184,14422,3024,5,9586.15
61185,14422,3009,1,7350.17
61186,14423,3011,5,8238.17
61187,14423,3057,1,1230.80
61188,14423,3012,4,2130.35
61189,14424,3056,4,6658.86
61190,14425,3055,1,5489.82
61191,14425,3026,4,2782.42
61192,14425,3015,3,6900.82
61193,14425,3027,3,5782.42
61194,14426,3026,4,2782.42
61195,14426,3025,3,2144.12
61196,14427,3045,1,4665.29
61197,14427,3042,2,7907.91
61198,14428,3032,1,4321.01
61199,14428,3023,1,1658.21
61200,14428,3012,2,2130.35
61201,14429,3039,3,1521.84
61202,14429,3052,5,9740.53
61203,14429,3058,1,3320.24
61204,14430,3046,1,7701.62
61205,14430,3058,2,3320.24
61206,14430,3061,1,3340.34
61207,14431,3001,2,2786.82
61208,14431,3047,3,5127.70
61209,14431,3055,5,5489.82
61210,14431,3069,2,9192.17
61211,14432,3006,3,9141.20
61212,14432,3009,2,7350.17
61213,14433,3040,2,9136.33
61214,14433,3048,4,3325.11
61215,14433,3050,4,4067.08
61216,14434,3056,4,6658.86
61217,14434,3065,2,4583.45
61218,14435,3039,1,1521.84
61219,14435,3040,4,9136.33
61220,14435,3065,2,4583.45
61221,14435,3015,2,6900.82
61222,14436,3058,4,3320.24
61223,14436,3025,1,2144.12
61224,14436,3018,3,321.55
61225,14436,3004,2,5297.49
61226,14437,3019,1,6423.62
61227,14437,3018,5,321.55
61228,14437,3010,2,7776.78
61229,14438,3058,3,3320.24
61230,14438,3034,1,8191.68
61231,14438,3028,4,3181.64
61232,14439,3070,5,7205.13
61233,14439,3022,4,6743.13
61234,14439,3008,2,1982.10
61235,14439,3027,1,5782.42
61236,14440,3018,1,321.55
61237,14441,3066,5,6193.16
61238,14441,3020,5,2084.50
61239,14442,3006,3,9141.20
61240,14442,3014,1,139.69
61241,14443,3045,4,4665.29
61242,14443,3039,1,1521.84
61243,14443,3063,4,8882.89
61244,14444,3050,5,4067.08
61245,14445,3031,1,1147.68
61246,14446,3004,3,5297.49
61247,14446,3001,4,2786.82
61248,14446,3042,5,7907.91
61249,14447,3011,2,8238.17
61250,14448,3036,2,5720.11
61251,14449,3054,3,7863.71
61252,14449,3001,4,2786.82
61253,14450,3026,1,2782.42
61254,14450,3024,1,9586.15
61255,14450,3014,3,139.69
61256,14451,3043,4,4586.50
61257,14451,3017,5,1119.72
61258,14451,3011,1,8238.17
61259,14452,3007,3,8009.35
61260,14452,3009,1,7350.17
61261,14452,3031,4,1147.68
61262,14452,3049,4,7944.07
61263,14453,3017,5,1119.72
61264,14453,3003,3,8310.63
61265,14453,3048,5,3325.11
61266,14454,3051,5,6245.66
61267,14454,3004,1,5297.49
61268,14455,3054,5,7863.71
61269,14456,3014,1,139.69
61270,14457,3028,5,3181.64
61271,14457,3054,4,7863.71
61272,14457,3003,3,8310.63
61273,14458,3039,2,1521.84
61274,14458,3047,3,5127.70
61275,14459,3027,5,5782.42
61276,14459,3017,4,1119.72
61277,14459,3008,1,1982.10
61278,14459,3001,1,2786.82
61279,14460,3026,3,2782.42
61280,14460,3043,2,4586.50
61281,14460,3004,2,5297.49
61282,14461,3056,5,6658.86
61283,14461,3023,5,1658.21
61284,14461,3040,5,9136.33
61285,14462,3039,5,1521.84
61286,14463,3006,5,9141.20
61287,14463,3034,3,8191.68
61288,14463,3053,3,3472.07
61289,14463,3036,3,5720.11
61290,14464,3052,5,9740.53
61291,14465,3021,1,5368.53
61292,14465,3037,3,1061.90
61293,14466,3038,3,4757.40
61294,14466,3013,2,3936.12
61295,14466,3011,5,8238.17
61296,14466,3027,1,5782.42
61297,14467,3031,5,1147.68
61298,14468,3051,4,6245.66
61299,14469,3057,1,1230.80
61300,14469,3004,5,5297.49
61301,14469,3047,3,5127.70
61302,14469,3020,5,2084.50
61303,14470,3068,5,3066.38
61304,14470,3006,3,9141.20
61305,14470,3034,2,8191.68
61306,14470,3025,5,2144.12
61307,14471,3005,5,3803.74
61308,14472,3042,3,7907.91
61309,14472,3070,4,7205.13
61310,14473,3070,2,7205.13
61311,14473,3006,4,9141.20
61312,14474,3028,4,3181.64
61313,14475,3027,3,5782.42
61314,14475,3011,5,8238.17
61315,14475,3020,5,2084.50
61316,14475,3007,4,8009.35
61317,14476,3067,1,2135.05
61318,14476,3046,4,7701.62
61319,14476,3027,3,5782.42
61320,14477,3010,5,7776.78
61321,14477,3025,3,2144.12
61322,14477,3033,1,6200.52
61323,14477,3003,3,8310.63
61324,14478,3041,1,7025.18
61325,14479,3013,2,3936.12
61326,14480,3010,1,7776.78
61327,14480,3064,3,7594.07
61328,14480,3005,5,3803.74
61329,14480,3001,3,2786.82
61330,14481,3014,3,139.69
61331,14481,3018,5,321.55
61332,14481,3025,1,2144.12
61333,14482,3037,3,1061.90
61334,14483,3041,2,7025.18
61335,14483,3042,5,7907.91
61336,14484,3019,1,6423.62
61337,14484,3042,3,7907.91
61338,14484,3047,3,5127.70
61339,14484,3056,1,6658.86
61340,14485,3070,1,7205.13
61341,14485,3058,1,3320.24
61342,14486,3025,2,2144.12
61343,14487,3043,2,4586.50
61344,14488,3014,1,139.69
61345,14488,3064,1,7594.07
61346,14488,3056,1,6658.86
61347,14489,3066,3,6193.16
61348,14489,3030,1,386.03
61349,14489,3021,5,5368.53
61350,14490,3044,2,4804.81
61351,14490,3018,1,321.55
61352,14490,3053,4,3472.07
61353,14490,3010,4,7776.78
61354,14491,3067,1,2135.05
61355,14491,3012,1,2130.35
61356,14491,3008,1,1982.10
61357,14492,3027,1,5782.42
61358,14492,3029,1,5450.71
61359,14493,3059,4,1843.12
61360,14493,3049,4,7944.07
61361,14493,3044,2,4804.81
61362,14493,3048,2,3325.11
61363,14494,3025,5,2144.12
61364,14494,3050,3,4067.08
61365,14495,3038,2,4757.40
61366,14496,3037,2,1061.90
61367,14496,3051,5,6245.66
61368,14496,3022,1,6743.13
61369,14497,3034,5,8191.68
61370,14497,3008,5,1982.10
61371,14497,3041,1,7025.18
61372,14497,3026,3,2782.42
61373,14498,3001,5,2786.82
61374,14498,3035,1,9738.45
61375,14498,3021,4,5368.53
61376,14499,3051,3,6245.66
61377,14499,3020,4,2084.50
61378,14500,3023,4,1658.21
61379,14500,3011,2,8238.17
61380,14500,3004,4,5297.49
61381,14500,3065,3,4583.45
61382,14501,3007,3,8009.35
61383,14502,3045,4,4665.29
61384,14503,3048,3,3325.11
61385,14504,3012,3,2130.35
61386,14504,3040,2,9136.33
61387,14504,3046,5,7701.62
61388,14505,3033,2,6200.52
61389,14505,3032,1,4321.01
61390,14505,3041,4,7025.18
61391,14505,3018,2,321.55
61392,14506,3040,3,9136.33
61393,14506,3019,5,6423.62
61394,14507,3022,1,6743.13
61395,14507,3069,2,9192.17
61396,14507,3008,5,1982.10
61397,14507,3021,1,5368.53
61398,14508,3023,2,1658.21
61399,14508,3050,3,4067.08
61400,14508,3041,2,7025.18
61401,14508,3014,1,139.69
61402,14509,3043,1,4586.50
61403,14509,3063,2,8882.89
61404,14509,3067,1,2135.05
61405,14510,3047,3,5127.70
61406,14510,3049,2,7944.07
61407,14510,3018,1,321.55
61408,14511,3008,3,1982.10
61409,14511,3018,1,321.55
61410,14512,3003,1,8310.63
61411,14512,3002,1,8781.78
61412,14513,3009,4,7350.17
61413,14513,3037,3,1061.90
61414,14514,3024,2,9586.15
61415,14514,3011,4,8238.17
61416,14514,3037,4,1061.90
61417,14515,3048,3,3325.11
61418,14516,3018,4,321.55
61419,14516,3062,1,995.28
61420,14517,3055,3,5489.82
61421,14517,3007,5,8009.35
61422,14518,3052,2,9740.53
61423,14518,3061,3,3340.34
61424,14518,3067,4,2135.05
61425,14518,3058,5,3320.24
61426,14519,3040,3,9136.33
61427,14519,3010,1,7776.78
61428,14519,3009,4,7350.17
61429,14519,3028,4,3181.64
61430,14520,3049,4,7944.07
61431,14520,3058,4,3320.24
61432,14520,3022,2,6743.13
61433,14521,3053,1,3472.07
61434,14521,3065,1,4583.45
61435,14522,3015,3,6900.82
61436,14522,3014,1,139.69
61437,14522,3037,3,1061.90
61438,14522,3064,2,7594.07
61439,14523,3006,1,9141.20
61440,14523,3013,2,3936.12
61441,14524,3002,3,8781.78
61442,14524,3037,5,1061.90
61443,14524,3019,2,6423.62
61444,14524,3017,2,1119.72
61445,14525,3027,3,5782.42
61446,14525,3011,2,8238.17
61447,14526,3015,1,6900.82
61448,14526,3053,4,3472.07
61449,14527,3061,1,3340.34
61450,14527,3040,4,9136.33
61451,14527,3053,1,3472.07
61452,14527,3063,1,8882.89
61453,14528,3009,3,7350.17
61454,14528,3015,4,6900.82
61455,14528,3016,5,3398.57
61456,14529,3017,4,1119.72
61457,14529,3031,1,1147.68
61458,14529,3008,3,1982.10
61459,14529,3026,3,2782.42
61460,14530,3002,2,8781.78
61461,14530,3024,2,9586.15
61462,14530,3052,4,9740.53
61463,14530,3039,2,1521.84
61464,14531,3044,3,4804.81
61465,14531,3066,4,6193.16
61466,14531,3069,5,9192.17
61467,14532,3058,3,3320.24
61468,14532,3009,4,7350.17
61469,14533,3045,3,4665.29
61470,14533,3004,4,5297.49
61471,14533,3067,1,2135.05
61472,14533,3003,1,8310.63
61473,14534,3068,1,3066.38
61474,14534,3034,1,8191.68
61475,14534,3040,2,9136.33
61476,14534,3036,4,5720.11
61477,14535,3066,3,6193.16
61478,14535,3033,3,6200.52
61479,14535,3022,2,6743.13
61480,14536,3027,1,5782.42
61481,14536,3052,3,9740.53
61482,14536,3050,3,4067.08
61483,14536,3055,5,5489.82
61484,14537,3059,5,1843.12
61485,14537,3015,1,6900.82
61486,14537,3016,4,3398.57
61487,14537,3069,1,9192.17
61488,14538,3063,2,8882.89
61489,14538,3057,3,1230.80
61490,14539,3060,5,788.12
61491,14539,3037,3,1061.90
61492,14539,3054,3,7863.71
61493,14539,3057,2,1230.80
61494,14540,3031,5,1147.68
61495,14540,3032,1,4321.01
61496,14540,3014,3,139.69
61497,14540,3067,4,2135.05
61498,14541,3042,3,7907.91
61499,14541,3037,3,1061.90
61500,14541,3016,3,3398.57
61501,14541,3028,3,3181.64
61502,14542,3059,4,1843.12
61503,14542,3004,1,5297.49
61504,14542,3008,3,1982.10
61505,14542,3061,3,3340.34
61506,14543,3027,1,5782.42
61507,14543,3004,4,5297.49
61508,14543,3003,2,8310.63
61509,14544,3034,1,8191.68
61510,14545,3061,3,3340.34
61511,14545,3023,5,1658.21
61512,14546,3014,5,139.69
61513,14546,3024,5,9586.15
61514,14547,3049,3,7944.07
61515,14547,3058,1,3320.24
61516,14547,3017,3,1119.72
61517,14548,3044,1,4804.81
61518,14548,3021,4,5368.53
61519,14548,3042,4,7907.91
61520,14549,3069,3,9192.17
61521,14549,3046,2,7701.62
61522,14549,3056,4,6658.86
61523,14550,3020,4,2084.50
61524,14550,3035,3,9738.45
61525,14550,3028,2,3181.64
61526,14551,3020,2,2084.50
61527,14551,3004,2,5297.49
61528,14552,3036,1,5720.11
61529,14553,3054,3,7863.71
61530,14554,3006,3,9141.20
61531,14554,3059,2,1843.12
61532,14554,3021,1,5368.53
61533,14554,3049,1,7944.07
61534,14555,3066,1,6193.16
61535,14555,3060,5,788.12
61536,14555,3054,4,7863.71
61537,14556,3030,1,386.03
61538,14556,3057,1,1230.80
61539,14556,3022,5,6743.13
61540,14556,3048,2,3325.11
61541,14557,3016,4,3398.57
61542,14557,3044,5,4804.81
61543,14558,3023,3,1658.21
61544,14558,3008,1,1982.10
61545,14559,3045,1,4665.29
61546,14559,3006,3,9141.20
61547,14559,3051,5,6245.66
61548,14559,3050,5,4067.08
61549,14560,3035,2,9738.45
61550,14560,3045,4,4665.29
61551,14560,3017,3,1119.72
61552,14561,3010,1,7776.78
61553,14561,3014,2,139.69
61554,14561,3004,1,5297.49
61555,14562,3063,1,8882.89
61556,14562,3052,4,9740.53
61557,14562,3005,2,3803.74
61558,14562,3039,2,1521.84
61559,14563,3013,1,3936.12
61560,14563,3047,4,5127.70
61561,14564,3016,5,3398.57
61562,14564,3049,2,7944.07
61563,14564,3061,5,3340.34
61564,14565,3004,3,5297.49
61565,14565,3044,2,4804.81
61566,14565,3067,1,2135.05
61567,14565,3056,3,6658.86
61568,14566,3035,2,9738.45
61569,14566,3023,1,1658.21
61570,14567,3006,1,9141.20
61571,14567,3037,4,1061.90
61572,14567,3028,4,3181.64
61573,14567,3011,2,8238.17
61574,14568,3019,3,6423.62
61575,14568,3060,5,788.12
61576,14569,3065,4,4583.45
61577,14569,3025,3,2144.12
61578,14569,3052,2,9740.53
61579,14570,3005,4,3803.74
61580,14570,3011,5,8238.17
61581,14570,3063,4,8882.89
61582,14570,3051,2,6245.66
61583,14571,3016,1,3398.57
61584,14572,3027,1,5782.42
61585,14573,3023,5,1658.21
61586,14573,3020,2,2084.50
61587,14573,3027,3,5782.42
61588,14574,3019,4,6423.62
61589,14574,3027,4,5782.42
61590,14575,3006,5,9141.20
61591,14575,3035,1,9738.45
61592,14575,3037,4,1061.90
61593,14576,3024,3,9586.15
61594,14576,3034,5,8191.68
61595,14577,3033,1,6200.52
61596,14577,3053,2,3472.07
61597,14577,3005,4,3803.74
61598,14577,3036,1,5720.11
61599,14578,3047,4,5127.70
61600,14578,3042,5,7907.91
61601,14578,3040,2,9136.33
61602,14578,3017,2,1119.72
61603,14579,3008,4,1982.10
61604,14579,3017,1,1119.72
61605,14579,3016,4,3398.57
61606,14579,3039,5,1521.84
61607,14580,3040,4,9136.33
61608,14581,3010,3,7776.78
61609,14581,3007,3,8009.35
61610,14581,3020,3,2084.50
61611,14581,3055,1,5489.82
61612,14582,3034,2,8191.68
61613,14583,3060,4,788.12
61614,14583,3005,1,3803.74
61615,14583,3022,3,6743.13
61616,14583,3054,1,7863.71
61617,14584,3042,2,7907.91
61618,14584,3053,2,3472.07
61619,14585,3024,3,9586.15
61620,14585,3036,4,5720.11
61621,14585,3051,1,6245.66
61622,14585,3035,3,9738.45
61623,14586,3012,4,2130.35
61624,14586,3011,3,8238.17
61625,14586,3005,4,3803.74
61626,14587,3023,4,1658.21
61627,14587,3024,4,9586.15
61628,14588,3015,1,6900.82
61629,14589,3066,3,6193.16
61630,14589,3044,5,4804.81
61631,14589,3015,2,6900.82
61632,14589,3024,4,9586.15
61633,14590,3010,5,7776.78
61634,14590,3052,3,9740.53
61635,14591,3019,5,6423.62
61636,14591,3017,2,1119.72
61637,14592,3032,1,4321.01
61638,14592,3070,5,7205.13
61639,14592,3033,4,6200.52
61640,14593,3062,4,995.28
61641,14593,3050,4,4067.08
61642,14593,3012,3,2130.35
61643,14594,3021,5,5368.53
61644,14594,3034,2,8191.68
61645,14594,3047,4,5127.70
61646,14594,3067,4,2135.05
61647,14595,3064,5,7594.07
61648,14596,3031,1,1147.68
61649,14596,3037,5,1061.90
61650,14597,3025,5,2144.12
61651,14597,3061,2,3340.34
61652,14598,3015,4,6900.82
61653,14598,3046,5,7701.62
61654,14598,3024,4,9586.15
61655,14598,3050,4,4067.08
61656,14599,3070,1,7205.13
61657,14600,3048,1,3325.11
61658,14600,3054,1,7863.71
61659,14600,3043,1,4586.50
61660,14600,3031,2,1147.68
61661,14601,3063,1,8882.89
61662,14601,3047,5,5127.70
61663,14602,3053,3,3472.07
61664,14602,3003,4,8310.63
61665,14603,3020,5,2084.50
61666,14604,3031,2,1147.68
61667,14605,3012,2,2130.35
61668,14605,3034,4,8191.68
61669,14605,3019,3,6423.62
61670,14605,3015,4,6900.82
61671,14606,3064,5,7594.07
61672,14606,3030,2,386.03
61673,14607,3053,5,3472.07
61674,14607,3065,3,4583.45
61675,14608,3034,4,8191.68
61676,14608,3021,2,5368.53
61677,14608,3064,5,7594.07
61678,14609,3032,5,4321.01
61679,14609,3051,5,6245.66
61680,14610,3019,1,6423.62
61681,14610,3040,4,9136.33
61682,14611,3066,5,6193.16
61683,14611,3011,3,8238.17
61684,14612,3054,1,7863.71
61685,14613,3065,1,4583.45
61686,14614,3034,1,8191.68
61687,14615,3030,2,386.03
61688,14615,3051,4,6245.66
61689,14616,3035,3,9738.45
61690,14616,3039,2,1521.84
61691,14617,3062,5,995.28
61692,14617,3047,3,5127.70
61693,14618,3050,2,4067.08
61694,14618,3063,2,8882.89
61695,14619,3023,3,1658.21
61696,14619,3024,3,9586.15
61697,14619,3019,2,6423.62
61698,14619,3014,2,139.69
61699,14620,3007,5,8009.35
61700,14620,3013,5,3936.12
61701,14620,3051,2,6245.66
61702,14621,3057,3,1230.80
61703,14621,3033,1,6200.52
61704,14622,3051,3,6245.66
61705,14623,3055,1,5489.82
61706,14624,3023,2,1658.21
61707,14624,3038,2,4757.40
61708,14624,3042,5,7907.91
61709,14624,3014,4,139.69
61710,14625,3001,2,2786.82
61711,14625,3044,5,4804.81
61712,14625,3060,4,788.12
61713,14625,3042,4,7907.91
61714,14626,3062,5,995.28
61715,14626,3009,1,7350.17
61716,14626,3012,2,2130.35
61717,14627,3001,2,2786.82
61718,14627,3059,2,1843.12
61719,14628,3012,5,2130.35
61720,14629,3052,1,9740.53
61721,14629,3043,4,4586.50
61722,14629,3047,2,5127.70
61723,14630,3066,4,6193.16
61724,14630,3044,4,4804.81
61725,14630,3009,3,7350.17
61726,14630,3049,3,7944.07
61727,14631,3049,4,7944.07
61728,14632,3052,2,9740.53
61729,14632,3008,4,1982.10
61730,14632,3024,3,9586.15
61731,14632,3018,3,321.55
61732,14633,3014,4,139.69
61733,14633,3038,1,4757.40
61734,14633,3031,3,1147.68
61735,14634,3033,3,6200.52
61736,14634,3020,5,2084.50
61737,14635,3054,2,7863.71
61738,14636,3026,4,2782.42
61739,14636,3016,3,3398.57
61740,14636,3064,3,7594.07
61741,14636,3060,2,788.12
61742,14637,3019,2,6423.62
61743,14637,3013,3,3936.12
61744,14638,3014,2,139.69
61745,14638,3062,5,995.28
61746,14639,3004,2,5297.49
61747,14640,3057,4,1230.80
61748,14640,3027,3,5782.42
61749,14640,3014,1,139.69
61750,14641,3023,5,1658.21
61751,14642,3070,1,7205.13
61752,14642,3031,5,1147.68
61753,14642,3042,2,7907.91
61754,14643,3022,1,6743.13
61755,14643,3061,1,3340.34
61756,14644,3041,1,7025.18
61757,14644,3027,2,5782.42
61758,14644,3042,3,7907.91
61759,14645,3026,4,2782.42
61760,14645,3038,1,4757.40
61761,14645,3029,5,5450.71
61762,14645,3009,1,7350.17
61763,14646,3030,4,386.03
61764,14646,3026,1,2782.42
61765,14646,3045,3,4665.29
61766,14646,3034,3,8191.68
61767,14647,3032,2,4321.01
61768,14647,3065,3,4583.45
61769,14648,3014,5,139.69
61770,14648,3063,5,8882.89
61771,14648,3053,2,3472.07
61772,14649,3005,5,3803.74
61773,14649,3051,2,6245.66
61774,14650,3044,5,4804.81
61775,14650,3006,3,9141.20
61776,14650,3023,3,1658.21
61777,14651,3016,1,3398.57
61778,14651,3054,4,7863.71
61779,14651,3013,2,3936.12
61780,14651,3066,3,6193.16
61781,14652,3026,3,2782.42
61782,14652,3014,2,139.69
61783,14652,3039,4,1521.84
61784,14653,3013,5,3936.12
61785,14653,3026,4,2782.42
61786,14653,3028,1,3181.64
61787,14654,3054,3,7863.71
61788,14654,3060,4,788.12
61789,14655,3056,1,6658.86
61790,14656,3002,2,8781.78
61791,14656,3041,4,7025.18
61792,14656,3035,1,9738.45
61793,14656,3031,4,1147.68
61794,14657,3049,1,7944.07
61795,14657,3061,2,3340.34
61796,14658,3034,5,8191.68
61797,14658,3062,3,995.28
61798,14658,3001,2,2786.82
61799,14658,3054,1,7863.71
61800,14659,3014,5,139.69
61801,14659,3059,5,1843.12
61802,14660,3001,2,2786.82
61803,14660,3050,5,4067.08
61804,14660,3058,4,3320.24
61805,14661,3019,5,6423.62
61806,14661,3007,4,8009.35
61807,14661,3035,2,9738.45
61808,14661,3012,5,2130.35
61809,14662,3009,4,7350.17
61810,14662,3014,4,139.69
61811,14663,3041,3,7025.18
61812,14663,3050,1,4067.08
61813,14663,3034,1,8191.68
61814,14663,3063,5,8882.89
61815,14664,3047,2,5127.70
61816,14664,3045,1,4665.29
61817,14665,3043,4,4586.50
61818,14665,3042,1,7907.91
61819,14665,3001,4,2786.82
61820,14665,3034,1,8191.68
61821,14666,3030,1,386.03
61822,14666,3070,2,7205.13
61823,14666,3035,5,9738.45
61824,14667,3017,3,1119.72
61825,14667,3049,3,7944.07
61826,14667,3062,4,995.28
61827,14667,3044,4,4804.81
61828,14668,3038,1,4757.40
61829,14669,3017,5,1119.72
61830,14669,3046,3,7701.62
61831,14669,3008,4,1982.10
61832,14670,3053,2,3472.07
61833,14670,3008,5,1982.10
61834,14671,3042,5,7907.91
61835,14671,3021,2,5368.53
61836,14671,3065,2,4583.45
61837,14672,3027,2,5782.42
61838,14673,3063,2,8882.89
61839,14673,3066,3,6193.16
61840,14673,3028,5,3181.64
61841,14673,3040,3,9136.33
61842,14674,3060,4,788.12
61843,14675,3032,5,4321.01
61844,14675,3066,2,6193.16
61845,14675,3047,2,5127.70
61846,14675,3051,3,6245.66
61847,14676,3030,2,386.03
61848,14676,3063,4,8882.89
61849,14676,3053,4,3472.07
61850,14677,3065,1,4583.45
61851,14677,3064,1,7594.07
61852,14678,3015,3,6900.82
61853,14678,3056,5,6658.86
61854,14678,3048,3,3325.11
61855,14678,3028,3,3181.64
61856,14679,3035,1,9738.45
61857,14679,3048,4,3325.11
61858,14680,3065,5,4583.45
61859,14680,3017,4,1119.72
61860,14680,3034,2,8191.68
61861,14681,3060,2,788.12
61862,14682,3042,4,7907.91
61863,14682,3036,5,5720.11
61864,14682,3016,2,3398.57
61865,14683,3029,5,5450.71
61866,14683,3011,1,8238.17
61867,14683,3040,3,9136.33
61868,14684,3010,3,7776.78
61869,14684,3046,3,7701.62
61870,14685,3052,4,9740.53
61871,14686,3019,3,6423.62
61872,14686,3040,1,9136.33
61873,14686,3047,3,5127.70
61874,14686,3064,1,7594.07
61875,14687,3021,1,5368.53
61876,14687,3063,2,8882.89
61877,14687,3060,3,788.12
61878,14688,3060,2,788.12
61879,14688,3056,1,6658.86
61880,14688,3049,4,7944.07
61881,14689,3063,5,8882.89
61882,14689,3042,1,7907.91
61883,14689,3010,4,7776.78
61884,14689,3001,3,2786.82
61885,14690,3037,1,1061.90
61886,14691,3022,1,6743.13
61887,14691,3030,3,386.03
61888,14691,3036,1,5720.11
61889,14691,3053,3,3472.07
61890,14692,3009,4,7350.17
61891,14693,3066,2,6193.16
61892,14694,3018,5,321.55
61893,14694,3007,2,8009.35
61894,14695,3012,1,2130.35
61895,14695,3027,2,5782.42
61896,14695,3004,5,5297.49
61897,14696,3006,3,9141.20
61898,14696,3009,4,7350.17
61899,14696,3012,3,2130.35
61900,14697,3023,3,1658.21
61901,14697,3008,2,1982.10
61902,14697,3045,2,4665.29
61903,14697,3048,4,3325.11
61904,14698,3004,5,5297.49
61905,14698,3033,4,6200.52
61906,14699,3062,4,995.28
61907,14699,3038,5,4757.40
61908,14699,3041,3,7025.18
61909,14700,3018,2,321.55
61910,14700,3049,2,7944.07
61911,14700,3030,2,386.03
61912,14701,3054,5,7863.71
61913,14701,3044,1,4804.81
61914,14701,3009,2,7350.17
61915,14702,3026,3,2782.42
61916,14702,3007,1,8009.35
61917,14702,3018,2,321.55
61918,14703,3016,4,3398.57
61919,14704,3052,3,9740.53
61920,14705,3006,5,9141.20
61921,14705,3026,2,2782.42
61922,14705,3047,3,5127.70
61923,14706,3063,4,8882.89
61924,14707,3027,2,5782.42
61925,14707,3037,1,1061.90
61926,14708,3015,2,6900.82
61927,14708,3020,1,2084.50
61928,14708,3013,4,3936.12
61929,14708,3069,1,9192.17
61930,14709,3025,5,2144.12
61931,14709,3022,4,6743.13
61932,14709,3029,4,5450.71
61933,14709,3009,5,7350.17
61934,14710,3011,1,8238.17
61935,14711,3020,2,2084.50
61936,14712,3052,1,9740.53
61937,14712,3062,2,995.28
61938,14713,3058,3,3320.24
61939,14713,3041,4,7025.18
61940,14713,3031,3,1147.68
61941,14714,3009,3,7350.17
61942,14714,3025,4,2144.12
61943,14714,3045,2,4665.29
61944,14715,3032,1,4321.01
61945,14715,3051,2,6245.66
61946,14715,3021,2,5368.53
61947,14715,3040,5,9136.33
61948,14716,3019,1,6423.62
61949,14716,3008,4,1982.10
61950,14716,3029,3,5450.71
61951,14717,3034,3,8191.68
61952,14718,3006,5,9141.20
61953,14719,3025,5,2144.12
61954,14720,3062,4,995.28
61955,14720,3018,5,321.55
61956,14720,3067,2,2135.05
61957,14721,3031,4,1147.68
61958,14721,3012,4,2130.35
61959,14721,3004,2,5297.49
61960,14722,3028,2,3181.64
61961,14722,3067,4,2135.05
61962,14723,3041,1,7025.18
61963,14723,3028,2,3181.64
61964,14723,3038,3,4757.40
61965,14723,3070,5,7205.13
61966,14724,3051,5,6245.66
61967,14724,3067,3,2135.05
61968,14724,3022,5,6743.13
61969,14724,3031,3,1147.68
61970,14725,3024,1,9586.15
61971,14725,3004,1,5297.49
61972,14725,3010,3,7776.78
61973,14726,3039,5,1521.84
61974,14726,3040,2,9136.33
61975,14726,3063,1,8882.89
61976,14727,3035,5,9738.45
61977,14727,3008,4,1982.10
61978,14727,3047,1,5127.70
61979,14727,3014,2,139.69
61980,14728,3022,4,6743.13
61981,14728,3014,4,139.69
61982,14729,3007,3,8009.35
61983,14729,3018,5,321.55
61984,14729,3045,5,4665.29
61985,14730,3010,2,7776.78
61986,14730,3004,2,5297.49
61987,14731,3036,1,5720.11
61988,14732,3030,4,386.03
61989,14733,3066,1,6193.16
61990,14733,3009,2,7350.17
61991,14734,3023,3,1658.21
61992,14734,3044,1,4804.81
61993,14734,3058,2,3320.24
61994,14734,3042,4,7907.91
61995,14735,3060,1,788.12
61996,14735,3008,4,1982.10
61997,14736,3028,2,3181.64
61998,14736,3027,3,5782.42
61999,14736,3003,1,8310.63
62000,14736,3024,4,9586.15
62001,14737,3055,1,5489.82
62002,14737,3056,2,6658.86
62003,14737,3069,4,9192.17
62004,14737,3023,3,1658.21
62005,14738,3021,3,5368.53
62006,14738,3013,3,3936.12
62007,14738,3027,5,5782.42
62008,14738,3028,3,3181.64
62009,14739,3048,3,3325.11
62010,14739,3051,4,6245.66
62011,14740,3009,5,7350.17
62012,14740,3022,3,6743.13
62013,14741,3039,3,1521.84
62014,14742,3039,4,1521.84
62015,14743,3027,2,5782.42
62016,14743,3057,4,1230.80
62017,14743,3055,5,5489.82
62018,14744,3045,3,4665.29
62019,14744,3054,5,7863.71
62020,14745,3070,4,7205.13
62021,14745,3055,4,5489.82
62022,14745,3040,4,9136.33
62023,14746,3042,1,7907.91
62024,14746,3064,3,7594.07
62025,14746,3063,1,8882.89
62026,14747,3047,5,5127.70
62027,14747,3007,5,8009.35
62028,14747,3051,4,6245.66
62029,14747,3060,3,788.12
62030,14748,3009,5,7350.17
62031,14748,3013,1,3936.12
62032,14748,3048,3,3325.11
62033,14749,3043,5,4586.50
62034,14749,3053,4,3472.07
62035,14750,3040,2,9136.33
62036,14751,3034,1,8191.68
62037,14751,3049,5,7944.07
62038,14751,3064,1,7594.07
62039,14751,3046,3,7701.62
62040,14752,3053,5,3472.07
62041,14752,3001,2,2786.82
62042,14752,3050,5,4067.08
62043,14752,3029,3,5450.71
62044,14753,3038,1,4757.40
62045,14754,3019,2,6423.62
62046,14754,3060,1,788.12
62047,14754,3043,5,4586.50
62048,14754,3001,2,2786.82
62049,14755,3043,1,4586.50
62050,14755,3023,2,1658.21
62051,14756,3002,5,8781.78
62052,14756,3023,3,1658.21
62053,14757,3049,4,7944.07
62054,14757,3018,2,321.55
62055,14757,3064,3,7594.07
62056,14758,3038,5,4757.40
62057,14759,3034,1,8191.68
62058,14759,3061,2,3340.34
62059,14759,3012,5,2130.35
62060,14759,3041,3,7025.18
62061,14760,3048,3,3325.11
62062,14760,3031,2,1147.68
62063,14760,3070,2,7205.13
62064,14761,3065,4,4583.45
62065,14761,3038,5,4757.40
62066,14761,3009,3,7350.17
62067,14762,3045,2,4665.29
62068,14762,3044,2,4804.81
62069,14763,3042,5,7907.91
62070,14763,3011,1,8238.17
62071,14763,3017,1,1119.72
62072,14763,3001,5,2786.82
62073,14764,3064,3,7594.07
62074,14765,3032,3,4321.01
62075,14765,3009,5,7350.17
62076,14765,3016,4,3398.57
62077,14765,3011,2,8238.17
62078,14766,3055,5,5489.82
62079,14766,3004,5,5297.49
62080,14767,3007,3,8009.35
62081,14768,3037,3,1061.90
62082,14769,3014,1,139.69
62083,14769,3058,3,3320.24
62084,14769,3035,5,9738.45
62085,14769,3008,4,1982.10
62086,14770,3067,3,2135.05
62087,14770,3027,3,5782.42
62088,14770,3034,5,8191.68
62089,14771,3022,3,6743.13
62090,14771,3012,2,2130.35
62091,14771,3003,1,8310.63
62092,14772,3012,5,2130.35
62093,14772,3066,4,6193.16
62094,14772,3024,3,9586.15
62095,14773,3005,2,3803.74
62096,14773,3060,3,788.12
62097,14773,3057,3,1230.80
62098,14774,3048,3,3325.11
62099,14775,3043,1,4586.50
62100,14776,3027,4,5782.42
62101,14777,3058,4,3320.24
62102,14777,3060,5,788.12
62103,14777,3001,4,2786.82
62104,14778,3052,1,9740.53
62105,14779,3036,1,5720.11
62106,14779,3015,2,6900.82
62107,14779,3028,5,3181.64
62108,14779,3047,3,5127.70
62109,14780,3049,3,7944.07
62110,14780,3041,5,7025.18
62111,14781,3069,4,9192.17
62112,14781,3021,1,5368.53
62113,14781,3063,4,8882.89
62114,14782,3018,5,321.55
62115,14782,3054,1,7863.71
62116,14783,3050,4,4067.08
62117,14783,3033,1,6200.52
62118,14783,3004,5,5297.49
62119,14784,3064,1,7594.07
62120,14784,3055,1,5489.82
62121,14785,3022,2,6743.13
62122,14786,3010,5,7776.78
62123,14786,3018,3,321.55
62124,14786,3004,3,5297.49
62125,14787,3015,3,6900.82
62126,14787,3043,5,4586.50
62127,14787,3061,3,3340.34
62128,14787,3027,2,5782.42
62129,14788,3055,4,5489.82
62130,14788,3026,3,2782.42
62131,14788,3027,5,5782.42
62132,14789,3011,4,8238.17
62133,14789,3032,5,4321.01
62134,14789,3070,4,7205.13
62135,14790,3015,5,6900.82
62136,14791,3012,1,2130.35
62137,14792,3030,5,386.03
62138,14792,3061,3,3340.34
62139,14793,3027,1,5782.42
62140,14793,3026,3,2782.42
62141,14794,3022,1,6743.13
62142,14794,3036,4,5720.11
62143,14795,3060,1,788.12
62144,14796,3063,4,8882.89
62145,14796,3065,5,4583.45
62146,14797,3031,5,1147.68
62147,14797,3032,1,4321.01
62148,14797,3066,5,6193.16
62149,14797,3063,1,8882.89
62150,14798,3023,5,1658.21
62151,14798,3007,2,8009.35
62152,14799,3007,3,8009.35
62153,14799,3040,5,9136.33
62154,14800,3031,5,1147.68
62155,14800,3041,4,7025.18
62156,14800,3015,5,6900.82
62157,14801,3054,3,7863.71
62158,14802,3061,3,3340.34
62159,14802,3015,2,6900.82
62160,14802,3005,3,3803.74
62161,14803,3002,2,8781.78
62162,14804,3022,1,6743.13
62163,14804,3018,4,321.55
62164,14804,3036,1,5720.11
62165,14805,3070,2,7205.13
62166,14806,3031,4,1147.68
62167,14807,3036,2,5720.11
62168,14807,3027,1,5782.42
62169,14807,3033,3,6200.52
62170,14807,3005,4,3803.74
62171,14808,3043,4,4586.50
62172,14808,3012,2,2130.35
62173,14809,3032,5,4321.01
62174,14809,3045,1,4665.29
62175,14810,3053,2,3472.07
62176,14810,3065,2,4583.45
62177,14811,3011,3,8238.17
62178,14812,3063,5,8882.89
62179,14812,3054,3,7863.71
62180,14813,3052,1,9740.53
62181,14813,3023,4,1658.21
62182,14813,3011,4,8238.17
62183,14814,3007,4,8009.35
62184,14815,3006,2,9141.20
62185,14815,3066,1,6193.16
62186,14816,3035,4,9738.45
62187,14816,3002,4,8781.78
62188,14817,3037,2,1061.90
62189,14817,3044,5,4804.81
62190,14817,3028,2,3181.64
62191,14817,3050,1,4067.08
62192,14818,3043,1,4586.50
62193,14818,3006,1,9141.20
62194,14819,3035,5,9738.45
62195,14819,3033,4,6200.52
62196,14820,3004,5,5297.49
62197,14820,3017,3,1119.72
62198,14820,3011,5,8238.17
62199,14821,3046,5,7701.62
62200,14821,3035,4,9738.45
62201,14821,3036,2,5720.11
62202,14822,3038,1,4757.40
62203,14822,3060,3,788.12
62204,14822,3019,4,6423.62
62205,14823,3040,4,9136.33
62206,14823,3017,3,1119.72
62207,14823,3014,4,139.69
62208,14824,3033,3,6200.52
62209,14824,3001,4,2786.82
62210,14825,3013,3,3936.12
62211,14825,3037,3,1061.90
62212,14825,3039,4,1521.84
62213,14826,3063,1,8882.89
62214,14826,3040,3,9136.33
62215,14826,3067,3,2135.05
62216,14827,3041,5,7025.18
62217,14827,3018,5,321.55
62218,14828,3039,5,1521.84
62219,14828,3049,5,7944.07
62220,14828,3041,2,7025.18
62221,14828,3003,1,8310.63
62222,14829,3031,5,1147.68
62223,14829,3011,3,8238.17
62224,14829,3061,2,3340.34
62225,14830,3031,5,1147.68
62226,14831,3029,4,5450.71
62227,14832,3044,5,4804.81
62228,14832,3034,2,8191.68
62229,14832,3068,4,3066.38
62230,14832,3029,4,5450.71
62231,14833,3017,3,1119.72
62232,14833,3057,2,1230.80
62233,14833,3016,2,3398.57
62234,14833,3047,3,5127.70
62235,14834,3022,3,6743.13
62236,14835,3027,5,5782.42
62237,14836,3036,2,5720.11
62238,14836,3013,3,3936.12
62239,14837,3018,2,321.55
62240,14837,3024,1,9586.15
62241,14837,3030,4,386.03
62242,14837,3059,3,1843.12
62243,14838,3062,3,995.28
62244,14839,3062,1,995.28
62245,14839,3007,4,8009.35
62246,14840,3021,5,5368.53
62247,14840,3031,5,1147.68
62248,14841,3059,2,1843.12
62249,14841,3027,1,5782.42
62250,14841,3029,1,5450.71
62251,14841,3048,5,3325.11
62252,14842,3068,3,3066.38
62253,14842,3025,3,2144.12
62254,14842,3059,5,1843.12
62255,14843,3054,2,7863.71
62256,14843,3029,1,5450.71
62257,14844,3048,5,3325.11
62258,14844,3013,5,3936.12
62259,14844,3008,3,1982.10
62260,14845,3068,1,3066.38
62261,14846,3035,2,9738.45
62262,14847,3064,5,7594.07
62263,14848,3037,1,1061.90
62264,14848,3018,4,321.55
62265,14849,3025,3,2144.12
62266,14849,3026,2,2782.42
62267,14849,3041,3,7025.18
62268,14850,3025,5,2144.12
62269,14850,3037,4,1061.90
62270,14851,3057,2,1230.80
62271,14852,3035,1,9738.45
62272,14853,3024,2,9586.15
62273,14853,3038,3,4757.40
62274,14854,3005,5,3803.74
62275,14854,3004,1,5297.49
62276,14855,3029,2,5450.71
62277,14855,3015,2,6900.82
62278,14855,3049,3,7944.07
62279,14855,3025,2,2144.12
62280,14856,3067,4,2135.05
62281,14857,3040,4,9136.33
62282,14857,3033,5,6200.52
62283,14858,3004,1,5297.49
62284,14858,3063,2,8882.89
62285,14859,3022,3,6743.13
62286,14860,3070,2,7205.13
62287,14860,3056,3,6658.86
62288,14860,3010,1,7776.78
62289,14860,3007,5,8009.35
62290,14861,3061,3,3340.34
62291,14861,3021,3,5368.53
62292,14862,3023,4,1658.21
62293,14862,3005,5,3803.74
62294,14862,3057,5,1230.80
62295,14863,3046,2,7701.62
62296,14864,3011,5,8238.17
62297,14864,3012,4,2130.35
62298,14865,3065,4,4583.45
62299,14865,3046,3,7701.62
62300,14865,3014,1,139.69
62301,14865,3055,1,5489.82
62302,14866,3007,3,8009.35
62303,14867,3038,4,4757.40
62304,14867,3003,4,8310.63
62305,14867,3019,4,6423.62
62306,14868,3015,2,6900.82
62307,14869,3013,2,3936.12
62308,14869,3050,3,4067.08
62309,14870,3048,1,3325.11
62310,14870,3012,2,2130.35
62311,14870,3004,4,5297.49
62312,14870,3005,4,3803.74
62313,14871,3061,5,3340.34
62314,14871,3040,4,9136.33
62315,14871,3031,2,1147.68
62316,14872,3058,3,3320.24
62317,14872,3012,3,2130.35
62318,14872,3070,5,7205.13
62319,14873,3050,2,4067.08
62320,14874,3023,1,1658.21
62321,14875,3010,2,7776.78
62322,14875,3069,2,9192.17
62323,14876,3025,1,2144.12
62324,14876,3061,1,3340.34
62325,14876,3018,2,321.55
62326,14876,3043,5,4586.50
62327,14877,3027,1,5782.42
62328,14878,3020,4,2084.50
62329,14879,3030,1,386.03
62330,14879,3057,3,1230.80
62331,14880,3050,4,4067.08
62332,14881,3023,2,1658.21
62333,14881,3045,5,4665.29
62334,14881,3021,2,5368.53
62335,14882,3037,3,1061.90
62336,14882,3051,4,6245.66
62337,14882,3044,4,4804.81
62338,14883,3010,5,7776.78
62339,14883,3056,1,6658.86
62340,14884,3048,2,3325.11
62341,14884,3046,4,7701.62
62342,14884,3007,3,8009.35
62343,14885,3046,2,7701.62
62344,14885,3037,2,1061.90
62345,14886,3021,4,5368.53
62346,14886,3033,4,6200.52
62347,14886,3056,2,6658.86
62348,14886,3055,2,5489.82
62349,14887,3062,3,995.28
62350,14887,3050,4,4067.08
62351,14887,3010,5,7776.78
62352,14887,3064,1,7594.07
62353,14888,3046,2,7701.62
62354,14888,3043,3,4586.50
62355,14888,3022,2,6743.13
62356,14889,3047,5,5127.70
62357,14890,3034,5,8191.68
62358,14890,3019,4,6423.62
62359,14890,3047,5,5127.70
62360,14890,3037,1,1061.90
62361,14891,3035,5,9738.45
62362,14891,3030,4,386.03
62363,14891,3062,1,995.28
62364,14891,3011,2,8238.17
62365,14892,3066,1,6193.16
62366,14892,3063,1,8882.89
62367,14892,3029,4,5450.71
62368,14893,3016,3,3398.57
62369,14894,3044,1,4804.81
62370,14894,3031,1,1147.68
62371,14894,3048,3,3325.11
62372,14894,3024,3,9586.15
62373,14895,3033,1,6200.52
62374,14895,3001,3,2786.82
62375,14896,3034,2,8191.68
62376,14897,3008,5,1982.10
62377,14897,3068,5,3066.38
62378,14897,3054,2,7863.71
62379,14897,3004,3,5297.49
62380,14898,3046,4,7701.62
62381,14898,3065,3,4583.45
62382,14898,3029,3,5450.71
62383,14899,3058,3,3320.24
62384,14899,3048,2,3325.11
62385,14899,3062,3,995.28
62386,14900,3021,2,5368.53
62387,14900,3008,4,1982.10
62388,14900,3039,5,1521.84
62389,14901,3062,4,995.28
62390,14901,3042,5,7907.91
62391,14902,3064,1,7594.07
62392,14902,3068,4,3066.38
62393,14902,3042,5,7907.91
62394,14903,3062,1,995.28
62395,14903,3024,5,9586.15
62396,14903,3041,1,7025.18
62397,14903,3030,3,386.03
62398,14904,3070,4,7205.13
62399,14905,3067,1,2135.05
62400,14905,3034,5,8191.68
62401,14905,3048,2,3325.11
62402,14905,3014,2,139.69
62403,14906,3053,5,3472.07
62404,14906,3062,5,995.28
62405,14906,3010,5,7776.78
62406,14907,3060,2,788.12
62407,14907,3044,2,4804.81
62408,14908,3014,5,139.69
62409,14908,3003,3,8310.63
62410,14908,3002,5,8781.78
62411,14908,3019,4,6423.62
62412,14909,3041,5,7025.18
62413,14909,3010,4,7776.78
62414,14910,3058,2,3320.24
62415,14910,3008,2,1982.10
62416,14910,3047,1,5127.70
62417,14911,3049,2,7944.07
62418,14911,3010,1,7776.78
62419,14912,3037,3,1061.90
62420,14913,3036,5,5720.11
62421,14913,3014,3,139.69
62422,14913,3062,1,995.28
62423,14913,3021,1,5368.53
62424,14914,3055,3,5489.82
62425,14914,3064,5,7594.07
62426,14915,3050,5,4067.08
62427,14916,3020,5,2084.50
62428,14916,3068,3,3066.38
62429,14917,3010,1,7776.78
62430,14918,3010,4,7776.78
62431,14918,3025,1,2144.12
62432,14918,3005,5,3803.74
62433,14918,3032,4,4321.01
62434,14919,3068,3,3066.38
62435,14920,3059,2,1843.12
62436,14920,3008,4,1982.10
62437,14920,3060,2,788.12
62438,14920,3061,1,3340.34
62439,14921,3019,4,6423.62
62440,14921,3058,3,3320.24
62441,14921,3045,4,4665.29
62442,14921,3022,1,6743.13
62443,14922,3006,1,9141.20
62444,14923,3057,1,1230.80
62445,14923,3061,5,3340.34
62446,14923,3038,4,4757.40
62447,14923,3007,1,8009.35
62448,14924,3066,2,6193.16
62449,14925,3048,4,3325.11
62450,14925,3051,1,6245.66
62451,14926,3049,1,7944.07
62452,14927,3068,3,3066.38
62453,14928,3059,1,1843.12
62454,14928,3006,4,9141.20
62455,14929,3003,1,8310.63
62456,14930,3020,2,2084.50
62457,14931,3015,4,6900.82
62458,14931,3022,5,6743.13
62459,14932,3006,1,9141.20
62460,14932,3041,1,7025.18
62461,14933,3010,5,7776.78
62462,14934,3049,5,7944.07
62463,14935,3035,1,9738.45
62464,14935,3015,4,6900.82
62465,14936,3056,1,6658.86
62466,14936,3067,1,2135.05
62467,14936,3062,3,995.28
62468,14936,3009,5,7350.17
62469,14937,3011,2,8238.17
62470,14937,3055,5,5489.82
62471,14937,3030,2,386.03
62472,14938,3047,5,5127.70
62473,14938,3015,4,6900.82
62474,14939,3018,4,321.55
62475,14939,3043,1,4586.50
62476,14939,3065,4,4583.45
62477,14940,3019,1,6423.62
62478,14940,3014,2,139.69
62479,14940,3009,3,7350.17
62480,14940,3063,3,8882.89
62481,14941,3050,1,4067.08
62482,14941,3041,2,7025.18
62483,14941,3042,3,7907.91
62484,14942,3011,2,8238.17
62485,14942,3067,3,2135.05
62486,14943,3068,4,3066.38
62487,14943,3007,3,8009.35
62488,14943,3043,5,4586.50
62489,14944,3001,2,2786.82
62490,14944,3022,3,6743.13
62491,14944,3038,2,4757.40
62492,14945,3028,2,3181.64
62493,14945,3032,1,4321.01
62494,14945,3048,4,3325.11
62495,14945,3023,3,1658.21
62496,14946,3065,1,4583.45
62497,14946,3057,2,1230.80
62498,14946,3064,2,7594.07
62499,14947,3020,1,2084.50
62500,14948,3012,2,2130.35
62501,14948,3027,1,5782.42
62502,14948,3017,5,1119.72
62503,14948,3002,4,8781.78
62504,14949,3055,5,5489.82
62505,14949,3060,2,788.12
62506,14949,3036,2,5720.11
62507,14949,3040,5,9136.33
62508,14950,3002,1,8781.78
62509,14950,3064,3,7594.07
62510,14950,3025,5,2144.12
62511,14950,3008,4,1982.10
62512,14951,3005,4,3803.74
62513,14951,3050,4,4067.08
62514,14952,3056,2,6658.86
62515,14952,3023,5,1658.21
62516,14952,3049,4,7944.07
62517,14952,3005,3,3803.74
62518,14953,3006,3,9141.20
62519,14954,3016,3,3398.57
62520,14954,3054,3,7863.71
62521,14954,3039,5,1521.84
62522,14954,3042,3,7907.91
62523,14955,3053,4,3472.07
62524,14955,3045,1,4665.29
62525,14955,3060,2,788.12
62526,14956,3015,2,6900.82
62527,14956,3045,4,4665.29
62528,14956,3026,5,2782.42
62529,14956,3033,5,6200.52
62530,14957,3023,4,1658.21
62531,14957,3067,2,2135.05
62532,14958,3023,4,1658.21
62533,14958,3060,4,788.12
62534,14959,3033,2,6200.52
62535,14959,3069,4,9192.17
62536,14959,3038,3,4757.40
62537,14960,3055,3,5489.82
62538,14960,3040,1,9136.33
62539,14960,3044,2,4804.81
62540,14961,3004,2,5297.49
62541,14962,3039,2,1521.84
62542,14963,3054,2,7863.71
62543,14963,3042,5,7907.91
62544,14963,3038,5,4757.40
62545,14963,3046,2,7701.62
62546,14964,3018,3,321.55
62547,14964,3032,3,4321.01
62548,14965,3028,4,3181.64
62549,14965,3045,4,4665.29
62550,14966,3017,5,1119.72
62551,14966,3068,4,3066.38
62552,14967,3062,5,995.28
62553,14967,3048,2,3325.11
62554,14967,3039,1,1521.84
62555,14968,3001,2,2786.82
62556,14968,3015,2,6900.82
62557,14969,3051,4,6245.66
62558,14969,3010,1,7776.78
62559,14969,3047,1,5127.70
62560,14969,3059,3,1843.12
62561,14970,3015,1,6900.82
62562,14971,3068,2,3066.38
62563,14971,3014,2,139.69
62564,14971,3049,1,7944.07
62565,14972,3032,5,4321.01
62566,14972,3035,1,9738.45
62567,14972,3021,1,5368.53
62568,14973,3070,3,7205.13
62569,14973,3060,1,788.12
62570,14973,3052,5,9740.53
62571,14974,3049,2,7944.07
62572,14975,3047,5,5127.70
62573,14975,3003,2,8310.63
62574,14975,3048,1,3325.11
62575,14975,3057,3,1230.80
62576,14976,3005,5,3803.74
62577,14977,3008,1,1982.10
62578,14978,3038,1,4757.40
62579,14978,3029,2,5450.71
62580,14978,3002,4,8781.78
62581,14979,3029,3,5450.71
62582,14979,3018,4,321.55
62583,14979,3002,5,8781.78
62584,14979,3049,3,7944.07
62585,14980,3058,2,3320.24
62586,14980,3053,5,3472.07
62587,14981,3068,2,3066.38
62588,14982,3026,4,2782.42
62589,14982,3022,2,6743.13
62590,14982,3051,1,6245.66
62591,14982,3057,1,1230.80
62592,14983,3032,4,4321.01
62593,14983,3011,3,8238.17
62594,14983,3008,2,1982.10
62595,14984,3011,2,8238.17
62596,14984,3036,4,5720.11
62597,14984,3014,3,139.69
62598,14984,3035,2,9738.45
62599,14985,3004,3,5297.49
62600,14985,3049,4,7944.07
62601,14986,3037,2,1061.90
62602,14987,3065,4,4583.45
62603,14987,3009,4,7350.17
62604,14988,3018,3,321.55
62605,14988,3070,1,7205.13
62606,14988,3041,3,7025.18
62607,14989,3061,5,3340.34
62608,14989,3034,5,8191.68
62609,14989,3032,3,4321.01
62610,14990,3044,2,4804.81
62611,14990,3018,3,321.55
62612,14990,3066,3,6193.16
62613,14990,3062,5,995.28
62614,14991,3070,3,7205.13
62615,14991,3023,3,1658.21
62616,14991,3024,3,9586.15
62617,14991,3037,1,1061.90
62618,14992,3020,1,2084.50
62619,14992,3016,1,3398.57
62620,14992,3003,3,8310.63
62621,14993,3016,5,3398.57
62622,14993,3015,3,6900.82
62623,14993,3061,3,3340.34
62624,14993,3058,3,3320.24
62625,14994,3005,4,3803.74
62626,14994,3045,5,4665.29
62627,14995,3050,2,4067.08
62628,14995,3017,2,1119.72
62629,14995,3056,5,6658.86
62630,14995,3023,3,1658.21
62631,14996,3002,2,8781.78
62632,14996,3005,3,3803.74
62633,14997,3026,3,2782.42
62634,14997,3043,4,4586.50
62635,14997,3024,2,9586.15
62636,14998,3063,3,8882.89
62637,14998,3028,2,3181.64
62638,14998,3014,3,139.69
62639,14998,3023,3,1658.21
62640,14999,3005,1,3803.74
62641,14999,3016,1,3398.57
62642,14999,3029,4,5450.71
62643,14999,3013,3,3936.12
62644,15000,3063,2,8882.89
