order_id,customer_id,order_date,total_amount,status,city
10001,1092,2023-08-20,36578.02,Cancelled,Lucknow
10002,1414,2022-05-11,51607.98,Delivered,Ahmedabad
10003,1379,2023-07-17,15711.69,Delivered,Surat
10004,1721,2023-07-28,698.45,Delivered,Pune
10005,1113,2022-10-16,44624.83,Delivered,Indore
10006,1443,2023-12-21,21333.65,Delivered,Pune
10007,1729,2023-01-27,21481.34,Shipped,Nashik
10008,1559,2022-08-05,50854.54,Shipped,Indore
10009,1143,2022-07-12,30262.59,Delivered,Ludhiana
10010,1861,2023-03-04,43993.79,Delivered,Patna
10011,1138,2022-01-12,16621.26,Delivered,Lucknow
10012,1148,2023-05-14,8009.35,Delivered,Delhi
10013,1087,2022-05-21,25267.57,Shipped,Agra
10014,1881,2023-04-12,22438.77,Cancelled,Bangalore
10015,1953,2023-03-12,10651.75,Shipped,Vadodara
10016,1522,2023-03-11,19091.35,Shipped,Nashik
10017,1394,2022-12-30,6132.76,Shipped,Lucknow
10018,1620,2022-01-08,88733.66,Delivered,Ahmedabad
10019,1730,2023-05-29,13361.36,Cancelled,Hyderabad
10020,1591,2023-01-11,17800.82,Delivered,Jaipur
10021,1582,2023-05-10,51715.00,Delivered,Delhi
10022,1595,2023-05-09,28681.58,Delivered,Bangalore
10023,1146,2023-06-24,11564.84,Delivered,Chennai
10024,1477,2023-06-14,68726.78,Cancelled,Bangalore
10025,1091,2022-09-09,24009.60,Delivered,Ludhiana
10026,1701,2023-10-11,32303.80,Cancelled,Delhi
10027,1320,2023-09-20,48227.54,Delivered,Pune
10028,1548,2022-01-12,70366.24,Cancelled,Lucknow
10029,1928,2023-04-26,45961.69,Delivered,Kolkata
10030,1432,2022-12-28,37970.35,Delivered,Agra
10031,1297,2022-06-21,4838.26,Cancelled,Agra
10032,1768,2022-11-08,20599.73,Cancelled,Surat
10033,1267,2022-03-04,57812.67,Cancelled,Surat
10034,1174,2023-08-10,59707.20,Delivered,Hyderabad
10035,1829,2023-10-02,70021.71,Shipped,Kolkata
10036,1085,2022-05-10,63130.94,Delivered,Faridabad
10037,1259,2022-05-16,22880.44,Delivered,Vadodara
10038,1879,2022-09-21,17534.83,Delivered,Bangalore
10039,1619,2022-06-28,8781.78,Delivered,Vadodara
10040,1675,2023-04-03,33906.32,Delivered,Ahmedabad
10041,1268,2023-12-19,18882.37,Delivered,Bangalore
10042,1819,2023-06-25,57711.93,Delivered,Hyderabad
10043,1087,2022-05-29,63133.01,Delivered,Agra
10044,1858,2023-05-23,46533.26,Shipped,Ahmedabad
10045,1789,2023-01-28,39409.88,Shipped,Nashik
10046,1744,2023-10-15,28820.52,Cancelled,Kolkata
10047,1752,2022-12-20,42105.74,Delivered,Surat
10048,1774,2022-04-29,64987.13,Shipped,Mumbai
10049,1409,2023-05-03,3964.20,Cancelled,Mumbai
10050,1240,2023-01-24,66415.33,Shipped,Surat
10051,1486,2022-09-26,65621.04,Shipped,Agra
10052,1013,2022-10-23,33657.09,Shipped,Nagpur
10053,1392,2023-11-26,33916.52,Cancelled,Lucknow
10054,1700,2022-02-12,70896.53,Cancelled,Bangalore
10055,1653,2022-12-29,48815.19,Shipped,Hyderabad
10056,1626,2023-10-30,105471.63,Delivered,Lucknow
10057,1277,2022-10-01,85945.46,Delivered,Nashik
10058,1671,2023-08-22,88266.46,Delivered,Patna
10059,1752,2023-11-20,21075.54,Delivered,Surat
10060,1533,2022-12-12,7609.20,Delivered,Agra
10061,1321,2023-07-15,4684.77,Delivered,Lucknow
10062,1852,2022-03-11,60271.53,Delivered,Jaipur
10063,1538,2022-04-17,58458.14,Delivered,Pune
10064,1225,2022-10-18,6680.68,Delivered,Kolkata
10065,1025,2023-09-27,72156.65,Cancelled,Agra
10066,1673,2022-08-11,51211.59,Delivered,Indore
10067,1726,2022-05-03,35364.22,Cancelled,Nashik
10068,1134,2023-01-20,93483.48,Cancelled,Ahmedabad
10069,1823,2022-07-09,11487.53,Delivered,Nagpur
10070,1260,2022-10-29,64001.51,Delivered,Indore
10071,1655,2023-04-10,61930.95,Delivered,Bhopal
10072,1788,2023-03-14,55879.96,Delivered,Patna
10073,1264,2022-06-15,18106.43,Delivered,Bangalore
10074,1796,2022-03-05,39672.02,Delivered,Ahmedabad
10075,1062,2022-09-22,36752.43,Delivered,Nagpur
10076,1183,2023-03-28,36992.02,Delivered,Surat
10077,1625,2023-02-07,20709.83,Shipped,Nashik
10078,1112,2022-05-28,39885.04,Shipped,Pune
10079,1224,2023-09-21,8338.00,Shipped,Mumbai
10080,1733,2022-09-23,61649.39,Delivered,Surat
10081,1073,2023-08-09,2135.05,Shipped,Nagpur
10082,1020,2023-05-25,83109.61,Delivered,Agra
10083,1956,2022-02-08,28352.52,Delivered,Agra
10084,1156,2023-12-18,33242.52,Shipped,Bhopal
10085,1589,2022-01-04,24425.60,Shipped,Indore
10086,1490,2023-03-23,6508.23,Delivered,Lucknow
10087,1554,2022-08-20,66464.39,Shipped,Bhopal
10088,1125,2023-08-04,78110.47,Delivered,Delhi
10089,1342,2023-11-30,5738.40,Delivered,Patna
10090,1648,2023-10-25,1843.12,Cancelled,Lucknow
10091,1874,2022-12-15,30023.49,Shipped,Pune
10092,1779,2022-10-24,53919.22,Delivered,Indore
10093,1568,2022-02-10,47374.99,Delivered,Jaipur
10094,1307,2023-12-14,36001.53,Delivered,Vadodara
10095,1646,2023-12-07,8813.94,Delivered,Ahmedabad
10096,1907,2023-10-10,42274.04,Delivered,Chennai
10097,1144,2022-02-06,14584.55,Cancelled,Jaipur
10098,1245,2023-05-16,39499.41,Cancelled,Lucknow
10099,1659,2022-11-12,55848.23,Shipped,Delhi
10100,1990,2022-01-17,93618.97,Delivered,Bhopal
10101,1346,2022-02-13,47799.33,Delivered,Patna
10102,1827,2023-11-01,43914.68,Shipped,Ahmedabad
10103,1963,2023-11-26,22345.31,Cancelled,Chennai
10104,1153,2023-08-17,17136.82,Delivered,Nashik
10105,1038,2022-05-25,14500.62,Delivered,Jaipur
10106,1483,2023-09-26,54925.83,Delivered,Ahmedabad
10107,1015,2022-06-26,9215.60,Delivered,Patna
10108,1841,2022-04-10,58226.24,Delivered,Lucknow
10109,1856,2023-08-29,47539.84,Delivered,Hyderabad
10110,1117,2023-05-25,68605.21,Cancelled,Mumbai
10111,1226,2022-03-06,1521.84,Shipped,Surat
10112,1346,2023-11-26,15467.42,Delivered,Patna
10113,2000,2023-12-02,67862.17,Delivered,Surat
10114,1330,2022-08-07,24814.34,Cancelled,Patna
10115,1178,2022-12-10,5297.49,Delivered,Vadodara
10116,1145,2023-03-02,14272.20,Delivered,Chennai
10117,1567,2022-06-18,3152.48,Cancelled,Lucknow
10118,1042,2022-05-17,23836.67,Cancelled,Hyderabad
10119,1386,2022-06-11,14002.10,Shipped,Kolkata
10120,1083,2022-01-07,70627.67,Delivered,Ahmedabad
10121,1724,2023-10-30,45644.49,Delivered,Nagpur
10122,1427,2023-12-12,8234.30,Shipped,Bangalore
10123,1709,2022-05-10,67148.53,Delivered,Surat
10124,1536,2023-04-07,40958.40,Delivered,Lucknow
10125,1626,2023-12-10,51437.12,Delivered,Lucknow
10126,1735,2023-05-27,10021.02,Delivered,Nashik
10127,1643,2022-11-05,27215.06,Delivered,Surat
10128,1572,2022-08-30,46440.32,Cancelled,Bhopal
10129,1098,2023-09-26,39865.14,Cancelled,Ludhiana
10130,1520,2022-08-13,67119.10,Delivered,Kolkata
10131,1284,2022-02-24,82078.44,Delivered,Bhopal
10132,1702,2023-05-01,22782.21,Delivered,Pune
10133,1687,2022-02-14,21802.84,Delivered,Surat
10134,1292,2022-08-03,1658.21,Delivered,Kolkata
10135,1632,2023-04-10,38486.06,Delivered,Vadodara
10136,1948,2023-07-05,52745.34,Delivered,Agra
10137,1497,2023-06-12,46263.65,Delivered,Vadodara
10138,1739,2023-04-01,84860.54,Delivered,Surat
10139,1430,2022-07-23,12475.89,Delivered,Hyderabad
10140,1236,2022-04-23,69682.30,Delivered,Agra
10141,1243,2023-02-27,67614.74,Shipped,Agra
10142,1913,2022-08-14,34806.34,Cancelled,Chennai
10143,1497,2022-02-25,37178.87,Delivered,Vadodara
10144,1222,2023-09-17,31631.64,Shipped,Agra
10145,1383,2022-05-20,55832.90,Delivered,Faridabad
10146,1648,2023-01-03,51932.46,Delivered,Lucknow
10147,1344,2022-05-11,53754.33,Cancelled,Nagpur
10148,1062,2022-10-15,21615.39,Shipped,Nagpur
10149,1470,2023-03-05,21605.05,Delivered,Bangalore
10150,1226,2022-10-30,16529.22,Cancelled,Surat
10151,1928,2022-06-24,22133.80,Cancelled,Kolkata
10152,1876,2022-08-24,47591.35,Cancelled,Ahmedabad
10153,1501,2022-08-10,76141.46,Shipped,Ahmedabad
10154,1286,2022-01-15,44409.95,Delivered,Lucknow
10155,1254,2022-12-02,21937.98,Delivered,Surat
10156,1914,2023-08-29,15475.34,Cancelled,Indore
10157,1920,2022-01-06,67377.20,Delivered,Delhi
10158,1042,2023-04-27,22917.25,Cancelled,Hyderabad
10159,1035,2023-03-12,74862.88,Shipped,Patna
10160,1830,2023-12-15,5564.84,Shipped,Bhopal
10161,1508,2022-09-04,103233.16,Delivered,Jaipur
10162,1710,2023-02-21,9609.62,Delivered,Nagpur
10163,1368,2022-10-30,68184.03,Delivered,Mumbai
10164,1017,2023-05-07,83122.86,Delivered,Delhi
10165,1721,2023-04-16,75667.89,Cancelled,Pune
10166,1025,2023-04-11,19367.85,Delivered,Agra
10167,1896,2023-12-22,61432.49,Delivered,Mumbai
10168,1642,2023-04-21,53969.02,Delivered,Delhi
10169,1882,2023-10-05,70379.37,Delivered,Indore
10170,1544,2022-02-03,52141.56,Delivered,Bangalore
10171,1715,2023-09-20,12726.56,Delivered,Indore
10172,1807,2023-12-03,53633.35,Delivered,Ludhiana
10173,1754,2022-02-26,87157.97,Delivered,Hyderabad
10174,1910,2022-02-22,36025.65,Delivered,Kolkata
10175,1477,2023-09-26,17563.56,Delivered,Bangalore
10176,1180,2023-10-26,6797.14,Delivered,Ahmedabad
10177,1575,2023-12-28,1147.68,Delivered,Lucknow
10178,1343,2022-09-02,6735.45,Shipped,Bangalore
10179,1756,2023-08-18,49236.93,Delivered,Delhi
10180,1772,2022-08-19,75728.40,Delivered,Mumbai
10181,1516,2023-11-28,53889.68,Delivered,Agra
10182,1065,2023-01-17,81796.55,Shipped,Chennai
10183,1514,2023-06-24,15346.71,Shipped,Mumbai
10184,1727,2023-06-29,16992.85,Cancelled,Faridabad
10185,1922,2022-10-27,40169.17,Delivered,Lucknow
10186,1820,2023-11-21,16811.37,Delivered,Faridabad
10187,1193,2023-04-14,66324.27,Shipped,Patna
10188,1920,2022-07-03,15727.42,Delivered,Delhi
10189,1112,2022-06-18,50202.81,Delivered,Pune
10190,1509,2022-06-04,57428.64,Cancelled,Ludhiana
10191,1975,2023-10-05,30561.53,Shipped,Patna
10192,1993,2023-11-30,29400.68,Delivered,Kolkata
10193,1486,2022-12-22,14011.22,Delivered,Agra
10194,1299,2022-07-13,82812.95,Delivered,Pune
10195,1855,2023-06-17,6650.22,Shipped,Jaipur
10196,1593,2022-12-18,9244.20,Delivered,Jaipur
10197,1498,2023-08-31,77313.29,Cancelled,Hyderabad
10198,1863,2023-07-16,30026.12,Delivered,Pune
10199,1581,2022-05-16,46287.73,Delivered,Ahmedabad
10200,1176,2022-09-24,15331.90,Delivered,Hyderabad
10201,1995,2022-10-23,73344.72,Delivered,Mumbai
10202,1152,2022-12-28,42352.24,Delivered,Ludhiana
10203,1634,2022-06-14,33298.82,Delivered,Lucknow
10204,1187,2022-06-29,18279.32,Delivered,Hyderabad
10205,1166,2022-09-01,35050.93,Delivered,Ahmedabad
10206,1589,2022-05-10,20510.80,Delivered,Indore
10207,1189,2022-07-30,35600.44,Delivered,Ahmedabad
10208,1682,2022-11-21,33978.99,Delivered,Jaipur
10209,1382,2023-04-05,16458.92,Delivered,Surat
10210,1547,2022-11-05,90190.48,Delivered,Kolkata
10211,1415,2023-05-27,34736.47,Shipped,Patna
10212,1951,2022-11-24,643.10,Cancelled,Ahmedabad
10213,2000,2023-06-04,28868.01,Delivered,Surat
10214,1486,2022-10-24,27449.10,Cancelled,Agra
10215,1683,2022-05-31,6904.78,Shipped,Bhopal
10216,1347,2023-12-07,12077.04,Shipped,Vadodara
10217,1922,2022-02-11,29331.18,Cancelled,Lucknow
10218,1120,2022-11-12,13759.50,Cancelled,Nashik
10219,1862,2022-08-14,24608.52,Delivered,Indore
10220,1335,2022-02-26,13912.10,Delivered,Nagpur
10221,1598,2023-06-24,24588.53,Delivered,Delhi
10222,1201,2022-01-24,25537.58,Shipped,Kolkata
10223,1694,2023-11-19,43657.24,Cancelled,Agra
10224,1404,2022-07-19,62013.58,Cancelled,Pune
10225,1620,2023-06-08,24982.64,Delivered,Ahmedabad
10226,1408,2022-06-01,17744.26,Shipped,Surat
10227,1379,2023-01-31,51172.74,Delivered,Surat
10228,1354,2022-12-26,28758.45,Shipped,Lucknow
10229,1896,2023-07-29,10021.02,Shipped,Mumbai
10230,1760,2023-03-02,4478.88,Delivered,Jaipur
10231,1168,2023-03-11,64906.87,Shipped,Hyderabad
10232,1143,2023-08-25,25015.73,Delivered,Ludhiana
10233,1213,2022-11-07,18282.40,Cancelled,Ahmedabad
10234,1344,2022-03-09,68128.21,Cancelled,Nagpur
10235,1775,2023-01-20,91542.23,Shipped,Hyderabad
10236,1655,2022-10-07,101933.84,Cancelled,Bhopal
10237,1474,2023-12-29,54813.26,Delivered,Nashik
10238,1205,2022-07-10,42099.88,Delivered,Nagpur
10239,1568,2023-05-18,67122.28,Delivered,Jaipur
10240,1855,2023-08-23,11391.36,Cancelled,Jaipur
10241,1758,2023-04-20,19958.20,Delivered,Agra
10242,1158,2022-09-26,16831.04,Shipped,Bangalore
10243,1128,2023-11-01,40693.36,Delivered,Chennai
10244,1428,2022-07-03,48519.08,Delivered,Bangalore
10245,1030,2022-05-03,61111.15,Shipped,Mumbai
10246,1994,2022-03-10,80882.01,Delivered,Bangalore
10247,1596,2023-05-08,84049.90,Delivered,Nagpur
10248,1644,2023-12-04,46303.93,Delivered,Faridabad
10249,1383,2023-06-09,39235.11,Delivered,Faridabad
10250,1866,2022-09-23,64407.52,Delivered,Bhopal
10251,1150,2022-11-24,22955.64,Delivered,Chennai
10252,1366,2022-06-17,51811.79,Delivered,Surat
10253,1430,2023-10-14,61072.94,Delivered,Hyderabad
10254,1050,2022-10-24,15719.31,Delivered,Indore
10255,1527,2022-07-18,44881.49,Delivered,Agra
10256,1784,2022-04-07,7701.62,Delivered,Mumbai
10257,1557,2022-11-27,59472.08,Delivered,Chennai
10258,1278,2023-12-03,102481.89,Delivered,Patna
10259,1099,2023-07-02,48821.42,Delivered,Patna
10260,1014,2022-05-21,67922.43,Delivered,Faridabad
10261,1798,2023-05-12,17284.04,Delivered,Delhi
10262,1105,2022-08-12,30467.28,Delivered,Agra
10263,1852,2022-07-12,13137.30,Cancelled,Jaipur
10264,1629,2023-12-08,4586.50,Cancelled,Surat
10265,1867,2023-06-29,16737.71,Delivered,Vadodara
10266,1428,2023-04-17,107295.19,Delivered,Bangalore
10267,1839,2022-05-15,53393.69,Shipped,Ludhiana
10268,1357,2022-11-16,37839.74,Delivered,Ahmedabad
10269,1837,2023-03-29,4565.52,Cancelled,Vadodara
10270,1536,2022-12-17,1576.24,Delivered,Lucknow
10271,1030,2022-05-02,56212.44,Delivered,Mumbai
10272,1705,2022-08-21,54948.80,Delivered,Surat
10273,1134,2022-03-22,1286.20,Delivered,Ahmedabad
10274,1080,2022-01-20,33715.65,Shipped,Mumbai
10275,1044,2022-07-21,53324.12,Cancelled,Delhi
10276,1608,2022-03-02,24434.75,Delivered,Agra
10277,1045,2022-03-09,1576.24,Delivered,Kolkata
10278,1773,2022-04-09,49334.62,Cancelled,Surat
10279,1211,2023-08-25,82484.49,Delivered,Surat
10280,1687,2022-12-26,9136.33,Delivered,Surat
10281,1867,2022-10-12,52821.19,Delivered,Vadodara
10282,1361,2022-06-14,43616.61,Cancelled,Surat
10283,1248,2023-06-02,75862.91,Delivered,Jaipur
10284,1840,2023-08-16,68052.85,Cancelled,Patna
10285,1223,2022-07-16,2461.60,Delivered,Hyderabad
10286,1924,2023-07-05,16268.32,Delivered,Nagpur
10287,1947,2022-08-08,11675.27,Shipped,Lucknow
10288,1376,2023-12-16,3940.60,Shipped,Nagpur
10289,1690,2022-04-20,38300.46,Delivered,Mumbai
10290,1389,2023-03-11,68894.00,Delivered,Vadodara
10291,1418,2022-04-26,29380.72,Delivered,Nagpur
10292,1127,2023-04-23,16601.20,Delivered,Vadodara
10293,1508,2023-01-05,4169.00,Cancelled,Jaipur
10294,1740,2022-02-11,11268.74,Shipped,Faridabad
10295,1119,2023-01-30,55724.82,Cancelled,Chennai
10296,1754,2022-11-16,101009.66,Shipped,Hyderabad
10297,1232,2023-07-22,68127.90,Shipped,Ludhiana
10298,1194,2022-03-13,6640.48,Shipped,Surat
10299,1962,2023-11-27,108764.66,Delivered,Surat
10300,1691,2023-05-19,51758.26,Shipped,Indore
10301,1449,2023-06-20,63875.65,Delivered,Kolkata
10302,1123,2022-05-27,58234.60,Cancelled,Indore
10303,1105,2022-06-22,4169.00,Delivered,Agra
10304,1347,2022-07-25,70996.77,Shipped,Vadodara
10305,1126,2022-08-27,10422.50,Shipped,Bangalore
10306,1286,2024-01-01,44413.80,Cancelled,Lucknow
10307,1280,2023-10-22,3398.57,Delivered,Surat
10308,1488,2023-11-14,60537.19,Shipped,Indore
10309,1497,2023-06-08,50133.99,Shipped,Vadodara
10310,1111,2022-05-06,31954.60,Shipped,Vadodara
10311,1237,2023-10-06,66028.32,Delivered,Patna
10312,1102,2022-02-24,39727.41,Shipped,Patna
10313,1695,2022-01-28,21353.28,Shipped,Jaipur
10314,1620,2023-11-27,32678.34,Delivered,Ahmedabad
10315,1637,2023-10-01,12265.52,Delivered,Chennai
10316,1677,2023-06-17,23565.48,Shipped,Pune
10317,1207,2022-10-28,27408.99,Shipped,Patna
10318,1517,2022-09-25,8195.85,Cancelled,Bhopal
10319,1560,2022-01-19,18428.33,Delivered,Ludhiana
10320,1441,2022-05-02,11129.68,Delivered,Vadodara
10321,1874,2023-01-21,94618.52,Delivered,Pune
10322,1034,2022-07-01,77515.90,Delivered,Kolkata
10323,1906,2023-12-25,76606.75,Shipped,Bhopal
10324,1138,2022-11-16,7011.66,Shipped,Lucknow
10325,1783,2022-04-23,44765.94,Shipped,Agra
10326,1676,2023-07-22,38508.10,Cancelled,Mumbai
10327,1482,2023-05-03,64637.91,Delivered,Bangalore
10328,1519,2022-02-27,43721.66,Shipped,Bangalore
10329,1606,2023-01-22,2816.30,Delivered,Nagpur
10330,1785,2022-10-19,79454.42,Delivered,Faridabad
10331,1605,2022-02-16,46740.15,Delivered,Kolkata
10332,1358,2023-08-21,53958.53,Delivered,Mumbai
10333,1390,2022-04-10,55143.61,Delivered,Agra
10334,1422,2022-12-26,10737.06,Delivered,Nashik
10335,1254,2022-08-29,6193.16,Cancelled,Surat
10336,1087,2023-12-06,43804.64,Delivered,Agra
10337,1118,2022-12-12,31002.60,Cancelled,Delhi
10338,1334,2022-02-08,29968.91,Shipped,Chennai
10339,1582,2023-06-12,32055.39,Delivered,Delhi
10340,1021,2023-12-14,26754.80,Delivered,Indore
10341,1325,2023-01-22,44805.19,Delivered,Indore
10342,1587,2022-04-11,73968.07,Delivered,Ahmedabad
10343,1708,2023-11-23,51695.77,Shipped,Delhi
10344,1515,2023-11-15,643.10,Cancelled,Jaipur
10345,1307,2023-01-08,75945.80,Delivered,Vadodara
10346,1509,2023-10-13,15553.56,Delivered,Ludhiana
10347,1861,2023-07-03,60469.61,Delivered,Patna
10348,1049,2022-11-01,67007.20,Shipped,Kolkata
10349,1824,2022-08-20,40339.17,Delivered,Vadodara
10350,1735,2023-08-16,5529.36,Delivered,Nashik
10351,1280,2022-03-10,37913.74,Cancelled,Surat
10352,1487,2023-03-14,62843.86,Delivered,Nagpur
10353,1668,2022-11-06,64296.59,Delivered,Vadodara
10354,1444,2023-11-11,53734.78,Delivered,Chennai
10355,1425,2023-02-16,24176.28,Cancelled,Bhopal
10356,1465,2023-11-19,88090.02,Delivered,Agra
10357,1903,2022-01-20,74946.56,Cancelled,Surat
10358,1884,2022-07-11,7941.47,Delivered,Surat
10359,1677,2023-04-24,73116.34,Cancelled,Pune
10360,1829,2023-09-22,9786.12,Shipped,Kolkata
10361,1958,2023-08-03,29109.53,Delivered,Chennai
10362,1535,2022-07-25,8314.82,Delivered,Patna
10363,1247,2022-06-04,23723.73,Delivered,Nagpur
10364,1865,2023-03-22,35299.48,Delivered,Jaipur
10365,1650,2022-07-28,12386.32,Delivered,Vadodara
10366,1844,2022-10-21,9199.14,Delivered,Nashik
10367,1704,2023-09-08,1982.10,Delivered,Delhi
10368,1117,2022-06-03,63034.63,Delivered,Mumbai
10369,1817,2022-11-14,12401.04,Cancelled,Jaipur
10370,1447,2023-03-09,57791.38,Delivered,Delhi
10371,1207,2022-06-13,1843.12,Delivered,Patna
10372,1265,2022-10-12,48702.65,Delivered,Patna
10373,1660,2022-02-13,23676.54,Shipped,Faridabad
10374,1802,2022-01-21,36813.98,Delivered,Nashik
10375,1322,2023-09-09,19911.46,Delivered,Surat
10376,1923,2023-02-21,19172.30,Delivered,Pune
10377,1407,2022-05-24,47930.75,Cancelled,Chennai
10378,1753,2023-05-28,42334.35,Cancelled,Nagpur
10379,1681,2023-08-18,39268.49,Cancelled,Vadodara
10380,1258,2023-05-24,7025.18,Delivered,Hyderabad
10381,1615,2022-05-06,65962.18,Delivered,Faridabad
10382,1338,2023-08-22,15834.94,Delivered,Ahmedabad
10383,1958,2023-03-10,6041.66,Delivered,Chennai
10384,1180,2022-08-08,30650.23,Shipped,Ahmedabad
10385,1419,2022-09-18,40914.88,Delivered,Kolkata
10386,1503,2023-07-01,30338.50,Delivered,Agra
10387,1325,2023-07-13,29744.39,Delivered,Indore
10388,1987,2022-10-12,38561.58,Delivered,Indore
10389,1372,2023-05-02,24235.00,Delivered,Delhi
10390,1022,2023-10-23,20452.90,Cancelled,Bangalore
10391,1036,2023-11-10,48742.19,Delivered,Bangalore
10392,1708,2023-11-19,50320.55,Cancelled,Delhi
10393,1394,2022-11-13,64044.85,Delivered,Lucknow
10394,1925,2023-12-03,67223.58,Delivered,Pune
10395,1879,2023-03-30,54306.09,Shipped,Bangalore
10396,1950,2022-09-19,26576.65,Delivered,Delhi
10397,1305,2022-08-04,39389.45,Delivered,Surat
10398,1938,2023-03-26,52936.15,Shipped,Nashik
10399,1809,2022-02-04,38590.82,Delivered,Bangalore
10400,1843,2023-05-19,5124.28,Shipped,Ahmedabad
10401,1949,2022-12-07,21474.12,Delivered,Agra
10402,1845,2022-06-14,102240.86,Cancelled,Bangalore
10403,1068,2022-12-27,45691.11,Cancelled,Chennai
10404,1756,2022-12-01,31228.30,Delivered,Delhi
10405,1781,2022-02-23,30467.68,Delivered,Faridabad
10406,1646,2023-03-31,7863.71,Delivered,Ahmedabad
10407,1004,2023-02-15,64975.36,Delivered,Agra
10408,1322,2023-08-13,5048.82,Delivered,Surat
10409,1256,2023-06-13,15188.14,Delivered,Delhi
10410,1868,2023-09-01,22186.63,Delivered,Ludhiana
10411,1463,2023-05-05,49249.17,Delivered,Faridabad
10412,1267,2022-06-27,15718.08,Delivered,Surat
10413,1819,2022-10-16,41601.68,Shipped,Hyderabad
10414,1377,2022-07-06,31230.84,Shipped,Ludhiana
10415,1968,2023-08-08,8855.86,Delivered,Kolkata
10416,1946,2023-07-26,84682.12,Delivered,Faridabad
10417,1929,2022-04-02,13801.64,Delivered,Ahmedabad
10418,1269,2023-12-20,48867.83,Delivered,Indore
10419,1411,2023-09-25,33879.17,Delivered,Pune
10420,1153,2022-04-02,25855.25,Delivered,Nashik
10421,1970,2023-08-04,17345.93,Cancelled,Indore
10422,1446,2023-04-10,20634.99,Shipped,Agra
10423,1122,2022-08-18,63381.20,Delivered,Hyderabad
10424,1969,2022-09-30,55333.70,Shipped,Kolkata
10425,1392,2022-05-14,50295.12,Delivered,Lucknow
10426,1615,2022-08-09,558.76,Delivered,Faridabad
10427,1745,2023-11-25,5309.50,Delivered,Surat
10428,1419,2022-05-30,5297.49,Delivered,Kolkata
10429,1242,2023-09-25,54199.35,Delivered,Bhopal
10430,1379,2023-08-20,91930.61,Shipped,Surat
10431,1088,2022-01-11,17604.64,Delivered,Pune
10432,1998,2023-12-11,39720.43,Delivered,Surat
10433,1731,2023-01-28,17347.26,Cancelled,Nagpur
10434,1263,2022-03-16,29736.06,Delivered,Jaipur
10435,1054,2022-12-07,44414.45,Shipped,Bangalore
10436,1931,2022-12-29,28912.10,Cancelled,Nashik
10437,1727,2022-02-16,42847.19,Cancelled,Faridabad
10438,1635,2023-01-26,13416.11,Shipped,Nashik
10439,1688,2023-01-15,964.65,Cancelled,Kolkata
10440,1043,2023-08-18,20124.74,Delivered,Bhopal
10441,1516,2023-05-20,72822.40,Shipped,Agra
10442,1136,2022-04-02,89366.05,Cancelled,Jaipur
10443,1444,2022-05-26,5738.40,Delivered,Chennai
10444,1046,2022-05-11,15214.96,Delivered,Pune
10445,1766,2023-01-05,65133.45,Delivered,Chennai
10446,1925,2022-09-27,16449.21,Delivered,Pune
10447,1530,2022-11-17,15553.56,Delivered,Vadodara
10448,1324,2023-05-19,9173.00,Delivered,Nagpur
10449,1570,2023-11-05,36565.84,Shipped,Bangalore
10450,1055,2022-07-13,67380.77,Delivered,Indore
10451,1188,2022-02-06,5573.64,Delivered,Chennai
10452,1723,2023-04-24,85412.90,Shipped,Surat
10453,1042,2023-03-29,59313.82,Cancelled,Hyderabad
10454,1497,2023-04-14,22917.68,Delivered,Vadodara
10455,1127,2022-12-24,47271.79,Delivered,Vadodara
10456,1185,2022-06-22,34620.12,Delivered,Indore
10457,1577,2023-11-11,52064.96,Cancelled,Lucknow
10458,1995,2022-01-05,20066.19,Cancelled,Mumbai
10459,1185,2023-03-03,60576.94,Delivered,Indore
10460,1787,2023-05-26,61870.64,Delivered,Ahmedabad
10461,1027,2022-10-19,84949.04,Delivered,Ludhiana
10462,1404,2023-01-18,17827.96,Delivered,Pune
10463,1858,2022-11-28,25285.91,Delivered,Ahmedabad
10464,1472,2023-12-26,2573.25,Shipped,Nashik
10465,1644,2022-10-03,51247.17,Delivered,Faridabad
10466,1338,2022-02-14,74143.85,Shipped,Ahmedabad
10467,1333,2023-08-06,9223.46,Delivered,Mumbai
10468,1821,2023-10-22,37278.55,Delivered,Ludhiana
10469,1762,2022-03-14,3604.49,Cancelled,Nagpur
10470,1391,2022-04-05,48281.43,Delivered,Faridabad
10471,1246,2023-02-13,7545.26,Delivered,Kolkata
10472,1167,2023-02-02,66535.00,Delivered,Bangalore
10473,1663,2023-11-01,22896.79,Delivered,Bhopal
10474,1503,2023-03-19,8051.58,Delivered,Agra
10475,1926,2023-12-03,37683.12,Delivered,Agra
10476,1682,2022-04-09,29365.44,Cancelled,Jaipur
10477,1205,2023-05-17,28822.50,Shipped,Nagpur
10478,1488,2022-10-02,47061.35,Shipped,Indore
10479,1093,2023-03-09,97092.59,Cancelled,Bangalore
10480,1191,2023-03-21,51628.61,Delivered,Agra
10481,1042,2023-06-10,45388.94,Shipped,Hyderabad
10482,1693,2022-08-18,4565.52,Delivered,Pune
10483,1954,2023-05-23,15745.33,Cancelled,Mumbai
10484,1086,2022-10-25,78745.24,Delivered,Ludhiana
10485,1929,2023-05-05,45013.69,Delivered,Ahmedabad
10486,1701,2022-11-04,68846.60,Cancelled,Delhi
10487,1438,2022-10-30,34955.17,Cancelled,Surat
10488,1079,2022-02-16,35178.06,Cancelled,Nagpur
10489,1436,2023-02-27,44915.14,Cancelled,Agra
10490,1833,2022-09-17,43901.05,Cancelled,Nagpur
10491,1084,2023-05-31,36581.26,Shipped,Agra
10492,1184,2022-07-06,48111.45,Delivered,Jaipur
10493,1086,2023-03-03,19435.43,Delivered,Ludhiana
10494,1322,2023-08-25,41216.62,Shipped,Surat
10495,1639,2022-09-29,23482.21,Delivered,Jaipur
10496,1217,2022-07-09,20033.83,Cancelled,Lucknow
10497,1266,2023-11-21,46532.53,Cancelled,Indore
10498,1019,2022-01-06,72488.34,Delivered,Patna
10499,1176,2023-11-03,112730.38,Shipped,Hyderabad
10500,1890,2023-11-05,5491.50,Cancelled,Lucknow
10501,1744,2023-05-14,25663.42,Cancelled,Kolkata
10502,1370,2023-12-09,60304.93,Shipped,Faridabad
10503,1824,2022-11-06,32851.64,Delivered,Vadodara
10504,1015,2022-07-15,17764.91,Delivered,Patna
10505,1713,2022-07-12,7609.20,Delivered,Indore
10506,1493,2023-10-27,43215.92,Delivered,Kolkata
10507,1447,2023-10-04,698.45,Cancelled,Delhi
10508,1196,2022-03-30,28871.23,Shipped,Pune
10509,1152,2023-05-01,52652.62,Delivered,Ludhiana
10510,1171,2022-06-06,1982.10,Shipped,Ludhiana
10511,1987,2023-05-12,31440.25,Shipped,Indore
10512,1600,2022-09-06,52759.03,Cancelled,Surat
10513,1850,2023-02-06,89461.92,Delivered,Nashik
10514,1106,2023-10-08,9518.55,Shipped,Chennai
10515,1426,2023-05-23,1865.67,Cancelled,Indore
10516,1749,2023-07-22,66710.98,Delivered,Faridabad
10517,1500,2023-02-14,36820.35,Cancelled,Bhopal
10518,1743,2023-09-19,44641.12,Shipped,Chennai
10519,1238,2022-03-04,42792.57,Shipped,Agra
10520,1591,2022-11-20,31855.98,Delivered,Jaipur
10521,1915,2023-10-26,14377.85,Shipped,Jaipur
10522,1120,2023-05-22,5440.73,Delivered,Nashik
10523,1460,2023-12-16,31700.54,Delivered,Ludhiana
10524,1295,2022-07-16,8981.10,Shipped,Pune
10525,1238,2023-06-04,21615.39,Delivered,Agra
10526,1944,2023-09-09,32714.87,Shipped,Lucknow
10527,1135,2022-10-28,33550.47,Shipped,Bangalore
10528,1983,2023-03-03,2123.80,Delivered,Delhi
10529,1816,2023-04-29,55330.18,Delivered,Bangalore
10530,1637,2022-08-01,22003.19,Delivered,Chennai
10531,1684,2023-05-10,57869.34,Delivered,Patna
10532,1161,2023-09-13,62168.45,Shipped,Faridabad
10533,1966,2023-05-21,40142.56,Delivered,Bangalore
10534,1571,2022-02-18,9609.62,Delivered,Kolkata
10535,1903,2022-09-25,20949.56,Delivered,Surat
10536,1179,2023-05-31,12201.24,Delivered,Kolkata
10537,1346,2023-03-17,28960.78,Delivered,Patna
10538,1124,2023-07-30,52965.17,Delivered,Hyderabad
10539,1349,2022-12-30,52297.33,Cancelled,Patna
10540,1274,2022-06-04,42791.22,Cancelled,Pune
10541,1619,2023-11-17,63541.50,Delivered,Vadodara
10542,1949,2023-03-25,57624.53,Delivered,Agra
10543,1999,2022-04-19,17360.35,Cancelled,Mumbai
10544,1801,2022-04-15,70994.39,Delivered,Ludhiana
10545,1520,2022-04-18,72487.92,Delivered,Kolkata
10546,1892,2022-07-30,52555.14,Delivered,Indore
10547,1746,2022-10-27,22139.49,Cancelled,Hyderabad
10548,1511,2022-04-12,32168.80,Delivered,Nagpur
10549,1343,2022-05-22,19172.30,Delivered,Bangalore
10550,1450,2023-03-02,56999.95,Delivered,Faridabad
10551,1252,2023-05-01,3185.70,Cancelled,Indore
10552,1176,2022-03-29,35833.64,Shipped,Hyderabad
10553,1370,2023-10-07,11564.84,Delivered,Faridabad
10554,1772,2023-06-27,32308.40,Delivered,Mumbai
10555,1142,2023-03-16,21572.28,Shipped,Kolkata
10556,1920,2023-04-15,29215.35,Cancelled,Delhi
10557,1814,2023-11-30,24982.64,Delivered,Delhi
10558,1454,2022-05-30,48890.18,Cancelled,Nagpur
10559,1967,2022-03-13,25389.47,Delivered,Pune
10560,1412,2022-06-18,53147.75,Shipped,Ahmedabad
10561,1778,2022-02-07,35856.24,Delivered,Bangalore
10562,1925,2023-08-12,100503.44,Cancelled,Pune
10563,1997,2022-10-30,50177.55,Cancelled,Chennai
10564,1895,2022-11-08,55448.91,Delivered,Hyderabad
10565,1932,2022-12-19,47441.76,Delivered,Surat
10566,1922,2023-06-25,8637.10,Delivered,Lucknow
10567,1718,2023-02-18,13759.50,Delivered,Faridabad
10568,1909,2023-07-12,34400.57,Cancelled,Chennai
10569,1668,2023-03-29,3185.70,Shipped,Vadodara
10570,1795,2022-07-22,5946.30,Delivered,Agra
10571,1038,2023-07-05,19476.90,Delivered,Jaipur
10572,1533,2023-07-08,18661.16,Delivered,Agra
10573,1524,2023-07-20,70254.64,Delivered,Surat
10574,1776,2023-10-13,34291.88,Delivered,Mumbai
10575,1912,2023-07-07,47412.62,Delivered,Lucknow
10576,1853,2022-11-08,48702.65,Cancelled,Agra
10577,1114,2022-03-03,25472.63,Delivered,Patna
10578,1643,2023-06-04,25683.31,Delivered,Surat
10579,1775,2023-10-29,4120.81,Shipped,Hyderabad
10580,1306,2023-08-10,25638.50,Shipped,Chennai
10581,1348,2022-08-30,98680.31,Cancelled,Bangalore
10582,1580,2023-10-05,49439.74,Cancelled,Mumbai
10583,1240,2022-12-25,42738.82,Cancelled,Surat
10584,1689,2022-05-24,89524.17,Cancelled,Faridabad
10585,1756,2022-09-11,29476.79,Cancelled,Delhi
10586,1597,2022-07-17,27221.50,Delivered,Ludhiana
10587,1466,2022-04-11,17874.69,Shipped,Hyderabad
10588,1849,2023-02-26,82742.62,Delivered,Vadodara
10589,1436,2022-05-14,42729.09,Shipped,Agra
10590,1080,2023-01-14,13889.54,Shipped,Mumbai
10591,1603,2023-07-27,43261.87,Shipped,Lucknow
10592,1893,2022-09-28,15224.47,Shipped,Ahmedabad
10593,1451,2023-12-07,25557.54,Shipped,Surat
10594,1750,2023-03-03,45960.85,Delivered,Ahmedabad
10595,1518,2022-05-11,52337.48,Shipped,Patna
10596,1133,2023-12-23,38693.61,Cancelled,Vadodara
10597,1121,2023-12-13,40914.03,Shipped,Pune
10598,1034,2022-06-10,6423.62,Delivered,Kolkata
10599,1944,2022-05-02,19270.86,Shipped,Lucknow
10600,1113,2022-05-04,25461.96,Delivered,Indore
10601,1042,2023-06-20,50698.56,Delivered,Hyderabad
10602,1313,2023-01-19,52792.81,Shipped,Jaipur
10603,1029,2022-05-27,50312.35,Cancelled,Agra
10604,1432,2022-02-19,17800.44,Delivered,Agra
10605,1911,2022-10-18,28828.82,Shipped,Ahmedabad
10606,1003,2022-05-06,9251.08,Delivered,Jaipur
10607,1892,2022-02-15,23330.34,Cancelled,Indore
10608,1318,2023-08-03,14311.14,Delivered,Nashik
10609,1801,2023-01-22,28907.42,Cancelled,Ludhiana
10610,1136,2022-05-22,34940.45,Shipped,Jaipur
10611,1780,2023-04-06,51772.61,Delivered,Delhi
10612,1888,2022-11-30,1286.20,Cancelled,Bhopal
10613,1681,2023-10-01,61458.14,Delivered,Vadodara
10614,1922,2023-02-09,51478.03,Delivered,Lucknow
10615,1982,2023-11-18,52116.07,Delivered,Vadodara
10616,1662,2022-04-01,4946.05,Delivered,Patna
10617,1586,2023-10-08,64685.18,Delivered,Jaipur
10618,1575,2023-10-23,12479.63,Cancelled,Lucknow
10619,1088,2022-07-17,44366.19,Cancelled,Pune
10620,1591,2022-02-24,77259.85,Cancelled,Jaipur
10621,1194,2023-05-03,7607.48,Delivered,Surat
10622,1124,2023-11-06,28820.52,Delivered,Hyderabad
10623,1986,2022-01-20,6391.05,Delivered,Delhi
10624,1252,2023-12-24,79614.72,Cancelled,Indore
10625,1455,2022-03-28,44177.92,Cancelled,Ahmedabad
10626,1329,2023-02-16,5564.84,Shipped,Lucknow
10627,1883,2022-01-24,53625.90,Delivered,Chennai
10628,1425,2022-01-25,1982.10,Delivered,Bhopal
10629,1392,2022-09-21,40046.75,Delivered,Lucknow
10630,1555,2022-06-22,37981.65,Delivered,Vadodara
10631,1262,2022-04-02,45681.65,Shipped,Vadodara
10632,1695,2022-06-23,8291.05,Delivered,Jaipur
10633,1186,2022-01-28,21746.83,Delivered,Vadodara
10634,1400,2022-04-12,9167.44,Shipped,Hyderabad
10635,1915,2022-11-28,12786.91,Delivered,Jaipur
10636,1054,2022-07-27,46955.72,Cancelled,Bangalore
10637,1601,2022-08-31,6193.16,Cancelled,Hyderabad
10638,1395,2022-04-28,7097.57,Delivered,Indore
10639,1476,2023-07-21,26532.04,Shipped,Indore
10640,1030,2023-02-22,14167.83,Delivered,Mumbai
10641,1276,2023-07-22,56732.17,Delivered,Bangalore
10642,1253,2023-07-23,55589.33,Delivered,Bangalore
10643,1312,2023-08-05,18272.66,Delivered,Chennai
10644,1867,2023-10-14,48421.13,Delivered,Vadodara
10645,1383,2023-07-08,70082.27,Delivered,Faridabad
10646,1551,2023-03-10,19626.68,Cancelled,Lucknow
10647,1463,2022-02-12,44099.02,Shipped,Faridabad
10648,1985,2023-09-28,59818.72,Delivered,Nashik
10649,1001,2022-03-03,47054.10,Shipped,Jaipur
10650,1280,2023-09-05,80070.48,Shipped,Surat
10651,1360,2023-10-10,42774.55,Cancelled,Pune
10652,1289,2022-02-16,16767.98,Cancelled,Bangalore
10653,1577,2022-03-13,82624.12,Shipped,Lucknow
10654,1716,2022-05-06,41162.01,Cancelled,Kolkata
10655,1287,2023-03-19,49982.44,Cancelled,Chennai
10656,1981,2022-11-22,15014.92,Delivered,Kolkata
10657,1651,2022-09-25,73413.76,Shipped,Pune
10658,1280,2022-09-09,23956.21,Delivered,Surat
10659,1350,2022-08-04,18736.97,Cancelled,Pune
10660,1337,2022-01-17,15107.77,Delivered,Nashik
10661,1662,2022-01-03,60811.09,Delivered,Patna
10662,1924,2022-01-10,78128.60,Shipped,Nagpur
10663,1570,2023-12-15,12281.18,Shipped,Bangalore
10664,1552,2022-03-25,30215.54,Delivered,Ahmedabad
10665,1552,2022-02-01,35127.12,Shipped,Ahmedabad
10666,1689,2022-05-07,25574.99,Shipped,Faridabad
10667,1848,2023-09-08,59840.00,Delivered,Agra
10668,1860,2023-12-15,31631.64,Delivered,Indore
10669,1474,2023-01-15,17160.33,Shipped,Nashik
10670,1010,2022-08-15,79985.82,Delivered,Nagpur
10671,1697,2023-12-28,19948.62,Delivered,Nashik
10672,1836,2023-09-21,19960.02,Delivered,Delhi
10673,1240,2023-05-21,107932.67,Delivered,Surat
10674,1288,2023-05-20,16202.35,Cancelled,Nagpur
10675,1215,2022-01-08,91619.37,Shipped,Vadodara
10676,1114,2022-10-12,28821.19,Shipped,Patna
10677,1175,2023-07-20,75738.33,Cancelled,Lucknow
10678,1689,2023-11-30,18488.40,Delivered,Faridabad
10679,1067,2023-08-26,43708.25,Delivered,Bangalore
10680,1131,2022-09-23,5127.70,Delivered,Patna
10681,1903,2023-06-20,75722.48,Delivered,Surat
10682,1197,2023-11-26,51145.82,Cancelled,Jaipur
10683,1630,2022-09-16,36044.92,Shipped,Ludhiana
10684,1003,2023-03-14,73831.52,Delivered,Jaipur
10685,1875,2022-11-27,15727.42,Shipped,Pune
10686,1281,2022-05-05,26168.55,Shipped,Hyderabad
10687,1508,2023-01-06,61093.13,Delivered,Jaipur
10688,1906,2022-08-18,5576.87,Shipped,Bhopal
10689,1546,2023-04-05,61900.80,Shipped,Patna
10690,1200,2022-12-09,13801.64,Cancelled,Lucknow
10691,1828,2022-01-26,33699.84,Delivered,Nashik
10692,1707,2023-03-10,103473.19,Delivered,Indore
10693,1202,2022-06-18,39169.39,Delivered,Nashik
10694,1642,2023-10-03,51640.83,Shipped,Delhi
10695,1443,2022-01-25,41729.61,Delivered,Pune
10696,1861,2022-09-14,1158.09,Shipped,Patna
10697,1245,2022-12-15,32952.68,Delivered,Lucknow
10698,1533,2022-08-31,47162.24,Cancelled,Agra
10699,1635,2023-03-26,66437.77,Shipped,Nashik
10700,1593,2022-05-08,11123.72,Delivered,Jaipur
10701,1939,2022-02-04,29596.94,Delivered,Indore
10702,1802,2022-05-11,61326.66,Shipped,Nashik
10703,1057,2022-11-05,38246.12,Shipped,Ludhiana
10704,1068,2022-04-15,7928.40,Cancelled,Chennai
10705,1054,2022-10-29,23135.20,Shipped,Bangalore
10706,1099,2023-09-25,50326.36,Delivered,Patna
10707,1886,2023-09-06,27408.99,Cancelled,Bhopal
10708,1011,2023-04-10,22932.50,Shipped,Lucknow
10709,1902,2023-09-28,20206.30,Delivered,Ludhiana
10710,1667,2023-11-23,3316.42,Shipped,Faridabad
10711,1530,2022-12-03,27901.21,Delivered,Vadodara
10712,1106,2022-01-13,9514.80,Delivered,Chennai
10713,1608,2022-07-18,19270.86,Delivered,Agra
10714,1653,2023-06-06,30743.43,Shipped,Hyderabad
10715,1493,2023-09-28,3953.57,Delivered,Kolkata
10716,1141,2022-02-15,37231.32,Delivered,Surat
10717,1599,2023-03-23,86169.62,Delivered,Ahmedabad
10718,1319,2023-08-21,33272.85,Delivered,Surat
10719,1151,2023-04-26,82071.41,Delivered,Hyderabad
10720,1299,2023-01-13,419.07,Cancelled,Pune
10721,1601,2023-11-05,6944.14,Delivered,Hyderabad
10722,1244,2023-06-04,3940.60,Cancelled,Hyderabad
10723,1880,2022-02-25,23286.32,Delivered,Agra
10724,2000,2022-07-25,30141.17,Delivered,Surat
10725,1805,2022-03-12,73228.25,Shipped,Delhi
10726,1712,2023-12-10,28927.15,Cancelled,Nashik
10727,1710,2022-12-06,49844.10,Cancelled,Nagpur
10728,1987,2022-12-10,14031.34,Shipped,Indore
10729,1337,2022-06-16,15403.24,Delivered,Nashik
10730,1508,2022-08-13,51494.17,Delivered,Jaipur
10731,1710,2022-08-24,20494.08,Delivered,Nagpur
10732,1245,2023-05-08,1658.21,Delivered,Lucknow
10733,1827,2023-01-20,26563.39,Delivered,Ahmedabad
10734,1846,2022-01-07,69844.54,Delivered,Nagpur
10735,1367,2022-01-31,35804.97,Delivered,Ludhiana
10736,1298,2023-03-27,49370.01,Cancelled,Nagpur
10737,1935,2023-01-04,83587.12,Delivered,Faridabad
10738,1204,2022-07-22,9141.20,Delivered,Faridabad
10739,1907,2022-09-26,5559.68,Delivered,Chennai
10740,1868,2023-07-22,7025.18,Delivered,Ludhiana
10741,1023,2022-06-30,23004.15,Delivered,Bhopal
10742,1022,2023-11-25,21615.39,Delivered,Bangalore
10743,1347,2022-08-04,7658.14,Delivered,Vadodara
10744,1379,2023-01-17,11403.08,Cancelled,Surat
10745,1819,2023-10-01,42950.98,Delivered,Hyderabad
10746,1122,2022-05-28,79944.60,Delivered,Hyderabad
10747,1814,2022-07-14,75685.18,Shipped,Delhi
10748,1712,2023-01-19,24250.88,Shipped,Nashik
10749,1652,2022-09-08,15403.24,Cancelled,Ahmedabad
10750,1602,2022-07-13,6200.52,Delivered,Surat
10751,1809,2022-06-02,3340.34,Delivered,Bangalore
10752,1645,2022-10-14,104320.61,Cancelled,Kolkata
10753,1992,2023-08-22,26053.11,Delivered,Vadodara
10754,1745,2022-03-25,69992.01,Cancelled,Surat
10755,1067,2022-06-21,71950.77,Cancelled,Bangalore
10756,1384,2023-05-26,82216.20,Delivered,Jaipur
10757,1330,2023-12-31,4590.72,Shipped,Patna
10758,1733,2023-05-22,95359.59,Cancelled,Surat
10759,1411,2023-10-16,29591.64,Cancelled,Pune
10760,1666,2022-02-07,39669.71,Delivered,Faridabad
10761,1463,2022-08-29,56841.47,Delivered,Faridabad
10762,1436,2023-01-22,59802.60,Delivered,Agra
10763,1261,2023-07-18,12331.74,Delivered,Chennai
10764,1303,2023-04-01,7372.48,Delivered,Jaipur
10765,1598,2022-02-12,3043.68,Cancelled,Delhi
10766,1345,2023-03-13,6650.22,Shipped,Vadodara
10767,1419,2023-01-12,67014.02,Delivered,Kolkata
10768,1280,2023-01-27,65126.11,Shipped,Surat
10769,1240,2022-09-29,47075.37,Delivered,Surat
10770,1924,2022-03-26,34847.91,Cancelled,Nagpur
10771,1526,2023-07-14,36303.62,Delivered,Indore
10772,1949,2022-08-22,23326.45,Delivered,Agra
10773,1369,2022-02-09,40450.52,Delivered,Kolkata
10774,1202,2023-11-23,12201.24,Delivered,Nashik
10775,1764,2023-12-01,27770.62,Delivered,Ludhiana
10776,1723,2023-09-11,15888.14,Cancelled,Surat
10777,1935,2022-09-25,41190.85,Delivered,Faridabad
10778,1289,2022-12-21,57744.08,Shipped,Bangalore
10779,1969,2023-02-20,43683.50,Delivered,Kolkata
10780,1484,2023-11-01,106917.77,Delivered,Indore
10781,1887,2023-02-12,13606.14,Delivered,Agra
10782,1486,2022-08-28,21935.36,Cancelled,Agra
10783,1776,2023-04-25,62169.23,Shipped,Mumbai
10784,1349,2022-03-29,9192.17,Delivered,Patna
10785,1440,2023-12-16,6658.86,Shipped,Nashik
10786,1461,2023-07-26,42547.51,Delivered,Mumbai
10787,1592,2022-05-12,22875.16,Delivered,Jaipur
10788,1512,2023-11-06,32153.29,Delivered,Vadodara
10789,1231,2023-03-06,42151.44,Shipped,Hyderabad
10790,1782,2023-12-09,15908.20,Delivered,Vadodara
10791,1602,2022-01-24,31228.30,Delivered,Surat
10792,1945,2022-05-23,22919.52,Delivered,Chennai
10793,1582,2023-10-07,52788.43,Cancelled,Delhi
10794,1588,2023-02-05,17871.54,Delivered,Delhi
10795,1972,2023-02-05,16701.70,Shipped,Ludhiana
10796,1193,2023-05-02,57375.25,Cancelled,Patna
10797,1986,2023-04-08,32807.29,Delivered,Delhi
10798,1096,2022-06-25,34655.15,Cancelled,Kolkata
10799,1182,2022-02-02,22653.24,Cancelled,Vadodara
10800,1501,2022-01-28,27127.15,Delivered,Ahmedabad
10801,1934,2023-01-31,70060.73,Delivered,Surat
10802,1299,2023-11-07,32086.10,Shipped,Pune
10803,1059,2023-01-13,76643.68,Delivered,Patna
10804,1335,2023-02-25,29794.84,Delivered,Nagpur
10805,1133,2023-07-04,4321.01,Delivered,Vadodara
10806,1399,2022-07-31,99080.88,Delivered,Jaipur
10807,1318,2023-03-19,41733.37,Shipped,Nashik
10808,1163,2023-09-11,28255.99,Delivered,Bhopal
10809,1602,2022-07-27,19724.64,Shipped,Surat
10810,1283,2022-07-26,27543.74,Delivered,Pune
10811,1457,2022-03-07,20512.10,Cancelled,Agra
10812,1827,2022-09-10,16973.70,Cancelled,Ahmedabad
10813,1901,2023-05-18,23419.62,Cancelled,Mumbai
10814,1041,2022-04-04,19680.60,Shipped,Vadodara
10815,1356,2023-12-19,27408.99,Delivered,Surat
10816,1401,2023-09-20,37720.56,Delivered,Vadodara
10817,1426,2022-09-13,42727.66,Cancelled,Indore
10818,1751,2023-03-19,55759.86,Delivered,Bhopal
10819,1716,2023-08-06,31012.01,Delivered,Kolkata
10820,1246,2022-06-11,43810.94,Cancelled,Kolkata
10821,1299,2023-11-14,21075.54,Delivered,Pune
10822,1931,2023-05-21,41061.39,Cancelled,Nashik
10823,1125,2023-01-13,12386.32,Delivered,Delhi
10824,1517,2022-11-30,81987.23,Delivered,Bhopal
10825,1259,2022-08-01,10923.90,Shipped,Vadodara
10826,1028,2022-03-16,68968.32,Shipped,Ludhiana
10827,1391,2022-12-18,29527.57,Delivered,Faridabad
10828,1407,2022-02-08,48216.68,Delivered,Chennai
10829,1727,2022-05-20,29648.43,Shipped,Faridabad
10830,1497,2023-04-18,56273.63,Cancelled,Vadodara
10831,1673,2022-09-06,35048.91,Shipped,Indore
10832,1144,2023-04-28,27097.44,Delivered,Jaipur
10833,1175,2022-01-19,39722.87,Delivered,Lucknow
10834,1302,2022-05-08,18333.80,Shipped,Patna
10835,1173,2022-03-21,25909.96,Delivered,Agra
10836,1694,2022-10-07,23805.74,Delivered,Agra
10837,1183,2022-08-10,59947.79,Cancelled,Surat
10838,1222,2023-03-29,59580.42,Cancelled,Agra
10839,1657,2023-11-10,57162.62,Delivered,Ludhiana
10840,1400,2023-12-08,9219.86,Delivered,Hyderabad
10841,1613,2022-01-05,42103.02,Shipped,Vadodara
10842,1786,2022-07-26,79278.60,Delivered,Kolkata
10843,1931,2022-09-02,38557.71,Delivered,Nashik
10844,1432,2022-01-29,26900.80,Delivered,Agra
10845,1841,2022-07-16,28254.15,Delivered,Lucknow
10846,1226,2022-04-09,79351.75,Delivered,Surat
10847,1742,2022-06-21,15744.48,Cancelled,Lucknow
10848,1111,2022-12-01,88326.11,Delivered,Vadodara
10849,1640,2022-08-01,62125.39,Shipped,Indore
10850,1962,2023-03-15,50838.90,Delivered,Surat
10851,1109,2023-01-01,66113.26,Delivered,Mumbai
10852,1412,2023-11-01,3359.16,Shipped,Ahmedabad
10853,1218,2023-04-15,5738.40,Delivered,Jaipur
10854,1666,2023-10-01,60292.07,Delivered,Faridabad
10855,1907,2022-08-12,6944.14,Cancelled,Chennai
10856,1512,2022-04-15,48256.23,Cancelled,Vadodara
10857,1176,2022-09-15,30237.68,Cancelled,Hyderabad
10858,1333,2023-10-09,80241.68,Delivered,Mumbai
10859,1341,2022-06-29,35864.27,Delivered,Lucknow
10860,1872,2023-11-14,52488.78,Delivered,Pune
10861,1019,2023-09-16,26014.38,Shipped,Patna
10862,1392,2023-06-08,95828.72,Delivered,Lucknow
10863,1516,2023-08-25,2069.84,Delivered,Agra
10864,1239,2022-01-22,30150.10,Delivered,Surat
10865,1317,2022-08-31,47254.10,Delivered,Bangalore
10866,1635,2022-03-23,29535.36,Delivered,Nashik
10867,1511,2022-10-31,71323.54,Shipped,Nagpur
10868,1210,2023-10-20,97833.15,Cancelled,Ludhiana
10869,1969,2023-03-31,38525.04,Delivered,Kolkata
10870,1138,2022-10-12,4590.72,Delivered,Lucknow
10871,1534,2023-03-01,32121.83,Delivered,Agra
10872,1769,2022-01-25,83052.72,Delivered,Bhopal
10873,1351,2022-09-06,7912.89,Delivered,Ludhiana
10874,1929,2023-11-12,75226.94,Delivered,Ahmedabad
10875,1623,2023-01-26,41644.91,Delivered,Jaipur
10876,1453,2023-10-07,40897.61,Shipped,Hyderabad
10877,1072,2022-07-17,28781.92,Delivered,Nagpur
10878,1961,2022-07-29,82539.76,Delivered,Nashik
10879,1607,2023-07-17,3964.20,Delivered,Ahmedabad
10880,1242,2023-06-04,83330.15,Shipped,Bhopal
10881,1319,2022-06-18,67085.85,Delivered,Surat
10882,1435,2022-06-30,76798.17,Delivered,Faridabad
10883,1293,2023-08-14,52579.87,Delivered,Agra
10884,1279,2023-05-08,52149.36,Delivered,Bangalore
10885,1408,2023-01-22,50390.13,Shipped,Surat
10886,1433,2023-06-02,11440.22,Shipped,Delhi
10887,1779,2022-06-09,14706.16,Shipped,Indore
10888,1021,2023-01-26,28272.03,Delivered,Indore
10889,1778,2022-11-04,38167.67,Delivered,Bangalore
10890,1567,2022-06-29,13603.67,Shipped,Lucknow
10891,1314,2023-04-10,57998.81,Cancelled,Ludhiana
10892,1621,2023-05-08,36545.32,Delivered,Mumbai
10893,1733,2023-04-26,41387.89,Delivered,Surat
10894,1005,2022-01-14,36655.83,Delivered,Mumbai
10895,1504,2023-02-19,20336.94,Shipped,Bangalore
10896,1994,2023-01-18,43956.33,Delivered,Bangalore
10897,1657,2023-08-26,114092.51,Delivered,Ludhiana
10898,1944,2022-05-08,31286.21,Cancelled,Lucknow
10899,1167,2022-07-18,58463.44,Delivered,Bangalore
10900,1790,2022-12-23,64903.22,Shipped,Hyderabad
10901,1651,2023-12-07,32672.19,Delivered,Pune
10902,1667,2023-01-30,43167.99,Delivered,Faridabad
10903,1249,2023-05-05,79766.05,Delivered,Agra
10904,1647,2023-12-25,15555.45,Delivered,Indore
10905,1268,2023-09-12,54873.82,Delivered,Bangalore
10906,1261,2022-09-11,3964.20,Delivered,Chennai
10907,1013,2022-04-30,32766.72,Shipped,Nagpur
10908,1408,2023-12-25,43197.84,Delivered,Surat
10909,1531,2022-07-13,34051.63,Delivered,Lucknow
10910,1850,2023-03-14,279.38,Delivered,Nashik
10911,1513,2023-06-30,18579.48,Shipped,Surat
10912,1601,2022-11-12,12165.14,Delivered,Hyderabad
10913,1112,2023-10-14,19029.60,Delivered,Pune
10914,1834,2022-05-27,5564.84,Delivered,Jaipur
10915,1953,2023-02-12,13759.50,Delivered,Vadodara
10916,1173,2023-05-19,31716.13,Delivered,Agra
10917,1793,2023-12-15,15082.63,Shipped,Bhopal
10918,1671,2022-10-23,67521.41,Delivered,Patna
10919,1181,2023-01-19,42203.17,Delivered,Mumbai
10920,1203,2023-05-14,34188.20,Delivered,Ahmedabad
10921,1462,2023-08-04,29893.11,Delivered,Bangalore
10922,1206,2022-03-02,23591.13,Delivered,Chennai
10923,1266,2023-02-23,139.69,Cancelled,Indore
10924,1112,2023-10-14,60742.00,Delivered,Pune
10925,1088,2023-01-22,47367.01,Delivered,Pune
10926,1351,2022-01-31,33052.51,Shipped,Ludhiana
10927,1497,2023-11-20,90064.61,Delivered,Vadodara
10928,1063,2022-09-30,2786.82,Delivered,Ludhiana
10929,1682,2023-08-20,17590.46,Delivered,Jaipur
10930,1100,2022-08-05,51536.75,Delivered,Faridabad
10931,1385,2023-09-10,45588.82,Delivered,Faridabad
10932,1955,2023-05-13,32118.10,Delivered,Jaipur
10933,1619,2023-03-16,22777.60,Delivered,Vadodara
10934,1323,2022-09-03,32118.10,Shipped,Ahmedabad
10935,1388,2023-09-18,69903.42,Delivered,Delhi
10936,1895,2022-12-05,80905.04,Delivered,Hyderabad
10937,1468,2023-12-17,121285.55,Delivered,Nagpur
10938,1027,2023-09-09,27755.06,Cancelled,Ludhiana
10939,1287,2023-12-18,82261.60,Delivered,Chennai
10940,1378,2023-04-08,40381.61,Shipped,Ludhiana
10941,1528,2023-02-28,51837.37,Delivered,Surat
10942,1654,2022-11-26,22880.44,Delivered,Nashik
10943,1895,2022-02-16,56613.11,Delivered,Hyderabad
10944,1695,2023-03-31,30752.35,Shipped,Jaipur
10945,1410,2023-09-20,43493.16,Delivered,Pune
10946,1439,2023-05-03,32766.72,Delivered,Jaipur
10947,1752,2023-01-30,10255.40,Delivered,Surat
10948,1730,2022-05-27,10660.84,Cancelled,Hyderabad
10949,1804,2023-06-01,39318.36,Shipped,Ludhiana
10950,1816,2022-03-31,31002.60,Cancelled,Bangalore
10951,1896,2023-04-24,56498.32,Shipped,Mumbai
10952,1978,2022-04-29,26068.96,Cancelled,Faridabad
10953,1247,2022-09-07,34504.10,Delivered,Nagpur
10954,1109,2023-03-22,14895.52,Delivered,Mumbai
10955,1165,2022-12-01,33294.30,Delivered,Delhi
10956,1226,2022-09-21,64815.32,Delivered,Surat
10957,1682,2022-05-20,97665.00,Shipped,Jaipur
10958,1093,2023-12-10,36316.49,Delivered,Bangalore
10959,1955,2023-08-13,18831.30,Cancelled,Jaipur
10960,1067,2023-10-22,67733.07,Shipped,Bangalore
10961,1670,2023-10-20,28195.62,Shipped,Ahmedabad
10962,1828,2022-08-27,56551.90,Delivered,Nashik
10963,1298,2022-03-31,82170.19,Delivered,Nagpur
10964,1759,2023-08-30,64326.26,Delivered,Faridabad
10965,1587,2023-01-12,34041.64,Delivered,Ahmedabad
10966,1977,2023-01-25,46892.25,Delivered,Bangalore
10967,1319,2022-03-05,24714.51,Delivered,Surat
10968,1868,2023-02-02,61738.48,Delivered,Ludhiana
10969,1790,2023-01-09,63517.84,Delivered,Hyderabad
10970,1533,2023-11-11,47805.86,Delivered,Agra
10971,1110,2023-02-09,58039.86,Shipped,Agra
10972,1324,2022-05-29,9173.00,Delivered,Nagpur
10973,1858,2022-08-13,50179.13,Shipped,Ahmedabad
10974,1151,2023-09-08,53134.45,Delivered,Hyderabad
10975,1614,2022-11-24,67793.10,Delivered,Pune
10976,1281,2023-12-25,45370.22,Delivered,Hyderabad
10977,1507,2022-10-26,38556.47,Shipped,Ludhiana
10978,1061,2022-12-08,14838.85,Delivered,Ahmedabad
10979,1869,2022-08-19,23104.86,Delivered,Delhi
10980,1946,2022-07-03,50526.56,Shipped,Faridabad
10981,1307,2023-11-07,19597.26,Delivered,Vadodara
10982,1023,2023-07-16,77387.23,Shipped,Bhopal
10983,1695,2023-04-30,58210.25,Shipped,Jaipur
10984,1401,2022-03-15,4583.45,Delivered,Vadodara
10985,1290,2023-12-15,39086.74,Cancelled,Chennai
10986,1404,2022-04-10,43309.63,Cancelled,Pune
10987,1887,2022-02-25,23638.28,Delivered,Agra
10988,1469,2023-11-02,80605.79,Delivered,Lucknow
10989,1453,2023-12-14,77317.59,Delivered,Hyderabad
10990,1215,2022-08-12,63404.12,Delivered,Vadodara
10991,1753,2023-10-29,19219.24,Cancelled,Nagpur
10992,1105,2023-11-26,40478.56,Delivered,Agra
10993,1386,2023-03-14,35531.56,Delivered,Kolkata
10994,1949,2022-02-27,18367.16,Shipped,Agra
10995,1184,2022-02-23,12196.04,Cancelled,Jaipur
10996,1666,2022-12-13,23981.00,Delivered,Faridabad
10997,1643,2023-02-18,53228.88,Delivered,Surat
10998,1247,2023-02-11,56444.98,Cancelled,Nagpur
10999,1978,2022-06-26,38501.69,Shipped,Faridabad
11000,1795,2023-12-10,82584.33,Delivered,Agra
11001,1797,2023-04-20,33136.40,Shipped,Bangalore
11002,1282,2023-10-10,91080.58,Delivered,Jaipur
11003,1012,2022-05-03,29214.06,Delivered,Ahmedabad
11004,1501,2023-10-19,18029.52,Cancelled,Ahmedabad
11005,1231,2022-01-24,13899.92,Cancelled,Hyderabad
11006,1492,2022-10-08,53825.39,Delivered,Nagpur
11007,1814,2023-08-31,51611.03,Shipped,Delhi
11008,1661,2023-12-21,27029.81,Cancelled,Bangalore
11009,1129,2022-04-12,13594.28,Cancelled,Faridabad
11010,1190,2023-02-20,10720.60,Delivered,Surat
11011,1404,2023-07-24,62981.41,Cancelled,Pune
11012,1501,2022-03-07,1230.80,Cancelled,Ahmedabad
11013,1552,2024-01-01,84953.88,Delivered,Ahmedabad
11014,1772,2022-08-01,36723.46,Delivered,Mumbai
11015,1186,2023-09-06,24420.88,Delivered,Vadodara
11016,1569,2023-04-03,48682.97,Delivered,Indore
11017,1041,2022-05-12,55174.28,Delivered,Vadodara
11018,1090,2023-07-30,35953.24,Delivered,Surat
11019,1087,2022-05-08,12145.69,Delivered,Agra
11020,1990,2023-07-12,2364.36,Delivered,Bhopal
11021,1255,2022-11-04,56243.01,Cancelled,Nashik
11022,1927,2022-10-28,99601.49,Shipped,Bhopal
11023,1144,2023-08-14,21575.36,Delivered,Jaipur
11024,1536,2022-12-27,48677.40,Cancelled,Lucknow
11025,1215,2023-12-06,30930.38,Delivered,Vadodara
11026,1243,2022-02-07,81106.19,Delivered,Agra
11027,1877,2022-08-09,32118.10,Cancelled,Nashik
11028,1566,2022-08-10,16639.44,Delivered,Kolkata
11029,1132,2023-09-30,40248.96,Cancelled,Indore
11030,1262,2022-09-24,93846.37,Delivered,Vadodara
11031,1410,2023-04-13,35408.39,Delivered,Pune
11032,1693,2023-03-12,47590.38,Delivered,Pune
11033,1549,2022-07-28,79036.31,Delivered,Delhi
11034,1649,2023-12-15,9609.62,Delivered,Bangalore
11035,1578,2023-11-05,28912.10,Cancelled,Pune
11036,1620,2022-06-17,12726.56,Delivered,Ahmedabad
11037,1324,2023-03-21,56179.47,Cancelled,Nagpur
11038,1254,2022-03-21,60828.84,Cancelled,Surat
11039,1113,2023-12-02,17646.36,Delivered,Indore
11040,1338,2023-10-18,38344.60,Delivered,Ahmedabad
11041,1797,2022-10-07,34602.94,Delivered,Bangalore
11042,1281,2022-01-11,35919.92,Delivered,Hyderabad
11043,1388,2022-04-18,41500.68,Delivered,Delhi
11044,1180,2023-06-24,47342.86,Delivered,Ahmedabad
11045,1603,2023-05-17,43597.40,Delivered,Lucknow
11046,1718,2023-08-09,15466.31,Cancelled,Faridabad
11047,1278,2023-09-15,46287.47,Delivered,Patna
11048,1175,2022-11-22,13932.43,Shipped,Lucknow
11049,1186,2022-12-20,28306.83,Cancelled,Vadodara
11050,1565,2023-09-01,39112.06,Shipped,Faridabad
11051,1489,2023-08-30,49179.47,Delivered,Nashik
11052,1704,2023-06-10,38819.45,Delivered,Delhi
11053,1147,2023-01-23,16992.85,Delivered,Lucknow
11054,1055,2023-10-17,16625.55,Delivered,Indore
11055,1695,2023-09-16,8576.48,Shipped,Jaipur
11056,1188,2023-03-26,9398.14,Shipped,Chennai
11057,1515,2022-10-21,29647.49,Shipped,Jaipur
11058,1534,2022-08-23,19380.08,Delivered,Agra
11059,1971,2022-11-09,48917.34,Delivered,Indore
11060,1866,2022-04-03,68805.83,Delivered,Bhopal
11061,1748,2022-09-03,45304.70,Delivered,Pune
11062,1590,2022-02-28,11147.28,Delivered,Surat
11063,1568,2023-05-20,31634.69,Delivered,Jaipur
11064,1986,2023-03-11,29727.27,Delivered,Delhi
11065,1492,2023-05-25,9760.01,Cancelled,Nagpur
11066,1715,2022-05-08,18731.27,Cancelled,Indore
11067,1195,2022-01-08,48586.63,Cancelled,Chennai
11068,1768,2022-12-20,12177.29,Cancelled,Surat
11069,1701,2023-09-16,66797.40,Shipped,Delhi
11070,1988,2022-06-22,23169.60,Cancelled,Ahmedabad
11071,1926,2022-08-19,18736.98,Delivered,Agra
11072,1860,2022-05-17,38945.50,Delivered,Indore
11073,1433,2023-05-23,77483.01,Delivered,Delhi
11074,1994,2022-04-26,12201.24,Delivered,Bangalore
11075,1852,2023-07-07,77313.29,Delivered,Jaipur
11076,1298,2022-11-03,19816.68,Delivered,Nagpur
11077,1219,2022-01-03,24643.18,Cancelled,Bhopal
11078,1404,2022-08-11,46716.33,Cancelled,Pune
11079,1846,2022-02-06,56572.92,Cancelled,Nagpur
11080,1869,2023-05-15,18661.16,Delivered,Delhi
11081,1631,2023-04-17,14414.43,Delivered,Nashik
11082,1110,2022-01-06,44027.87,Delivered,Agra
11083,1412,2022-12-30,5989.19,Shipped,Ahmedabad
11084,1504,2022-07-22,4976.40,Cancelled,Bangalore
11085,1921,2022-06-07,74810.03,Shipped,Delhi
11086,1008,2022-06-09,63219.43,Delivered,Ahmedabad
11087,1232,2023-04-27,82901.84,Delivered,Ludhiana
11088,1374,2023-03-15,53503.82,Cancelled,Agra
11089,1832,2022-10-03,100183.77,Shipped,Pune
11090,1673,2023-03-26,36757.55,Delivered,Indore
11091,1766,2023-03-21,106692.53,Delivered,Chennai
11092,1114,2022-07-14,8238.17,Delivered,Patna
11093,1405,2023-03-08,60080.22,Delivered,Lucknow
11094,1165,2023-11-14,25962.84,Shipped,Delhi
11095,1983,2023-11-13,16687.93,Delivered,Delhi
11096,1432,2023-05-16,10703.01,Delivered,Agra
11097,1333,2023-02-14,89313.79,Shipped,Mumbai
11098,1135,2022-04-23,47250.67,Delivered,Bangalore
11099,1130,2022-06-09,28924.41,Delivered,Ahmedabad
11100,1786,2023-12-02,32330.18,Delivered,Kolkata
11101,1440,2023-09-04,37736.84,Shipped,Nashik
11102,1492,2022-10-24,35202.55,Delivered,Nagpur
11103,1780,2023-03-16,12401.04,Delivered,Delhi
11104,1747,2023-06-08,51733.64,Delivered,Agra
11105,1786,2022-04-28,10636.54,Delivered,Kolkata
11106,1683,2023-03-16,49098.86,Delivered,Bhopal
11107,1718,2023-05-30,65356.20,Delivered,Faridabad
11108,1876,2023-08-29,20682.61,Delivered,Ahmedabad
11109,1235,2022-05-04,10651.75,Delivered,Bangalore
11110,1281,2022-07-16,99586.04,Shipped,Hyderabad
11111,1019,2023-09-24,26029.76,Delivered,Patna
11112,1390,2023-02-22,46800.72,Delivered,Agra
11113,1228,2022-12-11,16701.70,Delivered,Jaipur
11114,1523,2023-03-14,36961.29,Delivered,Pune
11115,1113,2022-10-03,3340.34,Delivered,Indore
11116,1729,2023-03-05,7907.91,Delivered,Nashik
11117,1187,2022-02-11,8291.05,Delivered,Hyderabad
11118,1218,2022-10-20,37306.79,Cancelled,Jaipur
11119,1104,2023-03-18,26648.67,Shipped,Bangalore
11120,1373,2022-12-09,86477.00,Delivered,Nagpur
11121,1686,2022-01-14,73604.88,Delivered,Lucknow
11122,1340,2023-01-05,70873.84,Delivered,Ahmedabad
11123,1761,2023-08-27,74062.01,Delivered,Bhopal
11124,1244,2023-10-28,27440.53,Cancelled,Hyderabad
11125,1394,2022-03-31,59984.49,Delivered,Lucknow
11126,1645,2023-09-09,84044.37,Cancelled,Kolkata
11127,1992,2023-11-02,2830.32,Delivered,Vadodara
11128,1722,2023-04-02,48692.25,Delivered,Hyderabad
11129,1965,2023-07-14,14048.93,Delivered,Faridabad
11130,1743,2023-05-01,698.45,Delivered,Chennai
11131,1547,2022-06-07,48617.56,Delivered,Kolkata
11132,1429,2023-07-18,52503.14,Cancelled,Bhopal
11133,1999,2022-12-22,9521.96,Shipped,Mumbai
11134,1645,2022-05-01,48692.25,Delivered,Kolkata
11135,1495,2023-03-06,14586.02,Cancelled,Faridabad
11136,1810,2022-01-23,24024.05,Delivered,Nagpur
11137,1714,2022-05-13,77312.68,Cancelled,Mumbai
11138,1063,2023-12-12,88042.79,Shipped,Ludhiana
11139,1507,2023-12-03,18272.66,Cancelled,Ludhiana
11140,1995,2022-03-18,13111.10,Cancelled,Mumbai
11141,1394,2023-07-30,33021.65,Shipped,Lucknow
11142,1622,2022-10-06,31233.04,Delivered,Jaipur
11143,1164,2023-08-09,20948.88,Delivered,Jaipur
11144,1901,2023-06-10,30111.41,Cancelled,Mumbai
11145,1266,2022-11-07,61107.16,Delivered,Indore
11146,1726,2022-10-02,49976.10,Delivered,Nashik
11147,1230,2022-02-16,16352.13,Delivered,Vadodara
11148,1041,2023-10-17,9514.80,Delivered,Vadodara
11149,1950,2022-05-17,51250.80,Delivered,Delhi
11150,1658,2022-09-12,71473.44,Delivered,Pune
11151,1548,2022-04-29,51543.78,Delivered,Lucknow
11152,1648,2023-09-12,43740.06,Delivered,Lucknow
11153,1086,2023-12-24,32266.22,Delivered,Ludhiana
11154,1740,2022-05-17,9173.00,Cancelled,Faridabad
11155,1302,2022-11-29,35707.38,Delivered,Patna
11156,1844,2022-12-31,32766.72,Delivered,Nashik
11157,1181,2022-09-20,80364.23,Cancelled,Mumbai
11158,1674,2023-08-21,38840.70,Shipped,Kolkata
11159,1969,2023-11-01,79164.78,Cancelled,Kolkata
11160,1565,2022-07-31,63086.48,Delivered,Faridabad
11161,1333,2022-10-03,65784.88,Shipped,Mumbai
11162,1160,2023-04-02,13252.57,Shipped,Ahmedabad
11163,1378,2022-06-01,40428.73,Delivered,Ludhiana
11164,1508,2022-07-05,19976.58,Delivered,Jaipur
11165,1194,2023-08-07,88113.83,Delivered,Surat
11166,1664,2022-10-16,30748.91,Delivered,Hyderabad
11167,1907,2022-07-01,41832.17,Cancelled,Chennai
11168,1193,2022-03-13,27904.98,Shipped,Patna
11169,1252,2023-04-11,61358.84,Shipped,Indore
11170,1103,2023-06-24,17160.33,Delivered,Ludhiana
11171,1618,2022-04-13,42498.75,Delivered,Agra
11172,1113,2022-01-14,41241.88,Delivered,Indore
11173,1136,2022-09-12,19607.10,Delivered,Jaipur
11174,1147,2023-10-05,52244.26,Delivered,Lucknow
11175,1981,2022-04-19,24694.70,Delivered,Kolkata
11176,1874,2023-12-26,27576.51,Delivered,Pune
11177,1492,2023-07-31,12580.18,Delivered,Nagpur
11178,1315,2022-12-06,23137.07,Delivered,Ludhiana
11179,1058,2023-07-11,34321.02,Cancelled,Jaipur
11180,1127,2022-01-22,84675.24,Delivered,Vadodara
11181,1558,2022-10-31,51487.55,Shipped,Hyderabad
11182,1146,2022-01-02,69714.56,Delivered,Chennai
11183,1233,2023-03-14,36313.66,Delivered,Vadodara
11184,1672,2022-10-21,12963.03,Shipped,Nagpur
11185,1704,2022-04-26,9330.58,Delivered,Delhi
11186,1230,2022-04-15,41612.39,Delivered,Vadodara
11187,1366,2022-03-20,67979.90,Delivered,Surat
11188,1370,2022-03-28,23058.36,Cancelled,Faridabad
11189,1155,2022-07-02,34946.07,Delivered,Jaipur
11190,1615,2022-07-05,60099.02,Delivered,Faridabad
11191,1915,2023-11-15,8144.90,Cancelled,Jaipur
11192,1838,2022-10-21,69978.92,Delivered,Faridabad
11193,1278,2023-05-27,56267.03,Delivered,Patna
11194,1831,2023-12-30,32746.59,Delivered,Kolkata
11195,1883,2022-06-02,139.69,Delivered,Chennai
11196,1328,2022-06-01,4247.60,Shipped,Lucknow
11197,1835,2022-03-10,16018.70,Shipped,Ludhiana
11198,1983,2022-10-13,75380.25,Delivered,Delhi
11199,1131,2022-07-06,45960.85,Delivered,Patna
11200,1327,2023-05-22,20935.07,Shipped,Bangalore
11201,1617,2023-10-14,75065.56,Delivered,Chennai
11202,1393,2023-03-05,9199.14,Cancelled,Surat
11203,1547,2023-05-20,104823.81,Delivered,Kolkata
11204,1394,2022-03-27,20864.54,Shipped,Lucknow
11205,1540,2023-08-15,35127.12,Delivered,Pune
11206,1720,2022-03-31,35725.54,Delivered,Ahmedabad
11207,1209,2022-01-18,19029.60,Shipped,Kolkata
11208,1981,2022-05-17,9817.60,Delivered,Kolkata
11209,1934,2022-12-24,18645.13,Delivered,Surat
11210,1302,2023-04-17,48702.65,Cancelled,Patna
11211,1996,2023-03-08,48081.53,Delivered,Faridabad
11212,1058,2022-05-22,5836.43,Delivered,Jaipur
11213,1387,2022-01-27,90593.66,Shipped,Bhopal
11214,1381,2022-02-25,56543.19,Cancelled,Vadodara
11215,1076,2023-05-04,79379.06,Delivered,Indore
11216,1031,2022-05-31,23126.89,Delivered,Delhi
11217,1251,2022-03-20,2461.60,Shipped,Surat
11218,1154,2022-07-06,28032.48,Delivered,Kolkata
11219,1767,2023-06-25,42052.20,Delivered,Lucknow
11220,1482,2023-02-26,67489.82,Shipped,Bangalore
11221,1801,2023-10-23,21474.12,Delivered,Ludhiana
11222,1114,2022-06-09,9975.33,Delivered,Patna
11223,1619,2022-06-27,34585.52,Delivered,Vadodara
11224,1406,2023-03-10,44421.01,Shipped,Hyderabad
11225,1568,2023-12-30,4583.45,Cancelled,Jaipur
11226,1514,2022-11-10,49857.34,Shipped,Mumbai
11227,1954,2022-06-10,35375.17,Delivered,Mumbai
11228,1535,2023-01-22,12838.10,Delivered,Patna
11229,1761,2022-08-05,9514.80,Delivered,Bhopal
11230,1225,2023-02-06,58265.98,Cancelled,Kolkata
11231,1620,2022-03-21,6154.00,Shipped,Ahmedabad
11232,1489,2022-11-17,96371.28,Shipped,Nashik
11233,1848,2023-01-25,58188.70,Delivered,Agra
11234,1663,2023-03-11,62048.72,Delivered,Bhopal
11235,1107,2022-03-21,13486.26,Delivered,Agra
11236,1029,2022-09-03,10966.64,Cancelled,Agra
11237,1110,2022-03-08,13300.44,Delivered,Agra
11238,1775,2022-11-13,77308.56,Delivered,Hyderabad
11239,1654,2022-02-03,8191.68,Delivered,Nashik
11240,1584,2023-08-02,22532.13,Shipped,Mumbai
11241,1047,2022-02-19,77366.30,Delivered,Agra
11242,1009,2023-01-01,53613.59,Shipped,Indore
11243,1513,2022-07-19,40924.81,Shipped,Surat
11244,1744,2022-12-31,42857.07,Delivered,Kolkata
11245,1340,2023-02-22,33558.02,Cancelled,Ahmedabad
11246,1104,2023-05-30,67771.28,Delivered,Bangalore
11247,1025,2023-08-25,39749.14,Shipped,Agra
11248,1601,2022-02-08,67909.10,Delivered,Hyderabad
11249,1699,2023-04-20,8338.00,Delivered,Chennai
11250,1976,2022-08-26,43958.37,Delivered,Hyderabad
11251,1788,2022-06-14,15929.40,Cancelled,Patna
11252,1529,2023-09-16,51014.04,Delivered,Ludhiana
11253,1459,2022-05-15,33302.38,Delivered,Chennai
11254,1639,2023-03-18,32813.21,Shipped,Jaipur
11255,1245,2022-08-02,9485.22,Cancelled,Lucknow
11256,1077,2022-06-06,9136.33,Shipped,Nagpur
11257,1100,2022-01-16,46574.66,Delivered,Faridabad
11258,1561,2022-03-31,27408.99,Shipped,Nagpur
11259,1322,2022-06-23,49967.80,Delivered,Surat
11260,1070,2022-10-14,41151.33,Delivered,Agra
11261,1092,2022-03-14,2782.42,Shipped,Lucknow
11262,1265,2023-04-30,58850.08,Shipped,Patna
11263,1666,2022-05-24,46912.03,Cancelled,Faridabad
11264,1500,2022-02-10,31172.49,Delivered,Bhopal
11265,1411,2023-02-23,67665.74,Delivered,Pune
11266,1452,2023-01-11,1544.12,Cancelled,Ahmedabad
11267,1975,2022-11-18,25717.73,Shipped,Patna
11268,1519,2023-04-06,68570.73,Delivered,Bangalore
11269,1636,2023-10-22,18661.16,Delivered,Faridabad
11270,1717,2023-07-29,63770.81,Delivered,Ahmedabad
11271,1298,2023-01-20,27803.25,Shipped,Nagpur
11272,1875,2022-03-16,45184.47,Shipped,Pune
11273,1686,2022-04-06,54631.62,Shipped,Lucknow
11274,1658,2023-07-02,788.12,Shipped,Pune
11275,1112,2022-03-29,9880.22,Delivered,Pune
11276,1940,2023-02-11,43525.64,Delivered,Chennai
11277,1412,2022-12-03,18946.64,Delivered,Ahmedabad
11278,1619,2023-05-13,1230.80,Shipped,Vadodara
11279,1118,2022-10-13,52875.24,Cancelled,Delhi
11280,1160,2023-04-27,59804.23,Delivered,Ahmedabad
11281,1328,2023-08-05,15035.87,Cancelled,Lucknow
11282,1793,2023-01-25,22139.53,Delivered,Bhopal
11283,1809,2023-03-17,9448.71,Delivered,Bangalore
11284,1056,2022-08-05,75854.73,Shipped,Delhi
11285,1277,2022-09-16,3981.12,Delivered,Nashik
11286,1146,2022-03-12,9494.98,Delivered,Chennai
11287,1306,2023-12-31,55264.00,Shipped,Chennai
11288,1538,2022-08-08,27860.30,Delivered,Pune
11289,1189,2022-02-25,13314.40,Shipped,Ahmedabad
11290,1351,2022-11-01,64973.47,Delivered,Ludhiana
11291,1965,2023-03-06,52465.00,Cancelled,Faridabad
11292,1706,2022-06-14,1990.56,Shipped,Jaipur
11293,1364,2023-12-11,12064.14,Delivered,Ahmedabad
11294,1575,2023-09-04,43205.93,Cancelled,Lucknow
11295,1632,2022-05-29,81024.50,Delivered,Vadodara
11296,1015,2022-06-04,14272.20,Delivered,Patna
11297,1512,2022-11-21,51146.18,Shipped,Vadodara
11298,1270,2023-06-18,32446.18,Shipped,Jaipur
11299,1966,2022-05-09,40393.65,Cancelled,Bangalore
11300,1100,2022-02-07,12076.43,Delivered,Faridabad
11301,1431,2023-12-15,6900.82,Delivered,Jaipur
11302,1616,2023-01-22,31631.64,Delivered,Agra
11303,1976,2022-07-15,7863.71,Cancelled,Hyderabad
11304,1979,2022-01-15,37114.32,Delivered,Pune
11305,1017,2022-11-06,40046.75,Cancelled,Delhi
11306,1839,2022-05-08,18697.88,Shipped,Ludhiana
11307,1424,2023-02-25,38962.12,Cancelled,Ludhiana
11308,1437,2023-06-20,5964.06,Delivered,Ludhiana
11309,1117,2022-06-30,51829.38,Delivered,Mumbai
11310,1182,2023-07-21,62766.45,Cancelled,Vadodara
11311,1447,2023-01-26,17907.46,Shipped,Delhi
11312,1650,2022-10-18,12265.52,Delivered,Vadodara
11313,1090,2022-04-17,9456.21,Delivered,Surat
11314,1632,2023-02-26,9904.43,Cancelled,Vadodara
11315,1950,2023-07-12,55953.51,Shipped,Delhi
11316,1516,2023-08-19,70243.08,Delivered,Agra
11317,1873,2023-03-07,772.06,Shipped,Vadodara
11318,1565,2023-01-26,40139.38,Shipped,Faridabad
11319,1974,2022-05-08,37514.68,Shipped,Pune
11320,1423,2023-10-23,85140.74,Shipped,Hyderabad
11321,1008,2023-01-19,51747.53,Cancelled,Ahmedabad
11322,1291,2022-10-02,67290.64,Delivered,Lucknow
11323,1315,2023-03-01,66659.29,Delivered,Ludhiana
11324,1922,2023-03-01,13759.50,Delivered,Lucknow
11325,1158,2023-01-19,55236.32,Cancelled,Bangalore
11326,1840,2023-09-07,20229.39,Delivered,Patna
11327,1983,2023-08-09,2084.50,Delivered,Delhi
11328,1570,2023-02-05,12434.32,Shipped,Bangalore
11329,1849,2022-02-22,29112.58,Cancelled,Vadodara
11330,1440,2022-05-12,29916.89,Shipped,Nashik
11331,1746,2022-06-27,8291.05,Delivered,Hyderabad
11332,1530,2022-06-12,48802.74,Delivered,Vadodara
11333,1728,2022-05-10,65156.77,Cancelled,Delhi
11334,1804,2023-02-06,54872.06,Delivered,Ludhiana
11335,1858,2023-07-21,29400.68,Delivered,Ahmedabad
11336,1209,2022-04-06,9931.90,Shipped,Kolkata
11337,1012,2023-10-06,41218.00,Delivered,Ahmedabad
11338,1029,2023-09-25,20665.75,Delivered,Agra
11339,1586,2023-01-27,20510.80,Delivered,Jaipur
11340,1465,2023-10-12,38573.28,Delivered,Agra
11341,1192,2022-09-03,32288.80,Delivered,Jaipur
11342,1305,2022-07-18,34346.41,Delivered,Surat
11343,1744,2023-01-23,46438.94,Delivered,Kolkata
11344,1282,2022-03-26,50784.33,Delivered,Jaipur
11345,1654,2023-08-17,43334.78,Delivered,Nashik
11346,1471,2023-09-03,9514.80,Delivered,Pune
11347,1290,2022-09-26,98925.43,Delivered,Chennai
11348,1080,2023-05-22,44144.05,Delivered,Mumbai
11349,1401,2022-04-14,45836.35,Delivered,Vadodara
11350,1424,2022-03-17,9387.47,Delivered,Ludhiana
11351,1216,2023-12-05,49018.40,Delivered,Faridabad
11352,1649,2023-04-07,16963.50,Delivered,Bangalore
11353,1306,2022-01-11,12648.70,Cancelled,Chennai
11354,1647,2023-09-14,19366.94,Delivered,Indore
11355,2000,2022-12-18,74645.12,Shipped,Surat
11356,1629,2023-09-07,50296.51,Delivered,Surat
11357,1535,2022-09-18,37872.36,Delivered,Patna
11358,1621,2022-01-31,57928.88,Cancelled,Mumbai
11359,1525,2022-06-06,39387.97,Delivered,Ludhiana
11360,1118,2022-08-11,69305.82,Delivered,Delhi
11361,1226,2022-03-27,16565.76,Delivered,Surat
11362,1275,2022-10-08,7025.18,Delivered,Patna
11363,1357,2023-12-27,48091.44,Delivered,Ahmedabad
11364,1479,2023-05-23,35484.67,Shipped,Faridabad
11365,1945,2022-07-17,39539.55,Delivered,Chennai
11366,1704,2022-10-15,7990.96,Delivered,Delhi
11367,1598,2023-08-25,65154.86,Delivered,Delhi
11368,1977,2023-05-15,17051.32,Shipped,Bangalore
11369,1434,2023-09-03,72524.65,Delivered,Kolkata
11370,1638,2022-04-21,40528.64,Shipped,Bangalore
11371,1205,2023-08-04,63966.91,Delivered,Nagpur
11372,1461,2022-06-21,3340.34,Cancelled,Mumbai
11373,1260,2023-08-24,63357.30,Cancelled,Indore
11374,1847,2023-10-23,89847.55,Cancelled,Nashik
11375,1361,2023-02-12,58074.65,Delivered,Surat
11376,1829,2022-11-27,61477.21,Delivered,Kolkata
11377,1367,2022-09-09,40364.41,Delivered,Ludhiana
11378,1381,2022-05-29,13038.22,Delivered,Vadodara
11379,1010,2022-11-23,36931.32,Delivered,Nagpur
11380,1219,2023-04-22,44648.64,Delivered,Bhopal
11381,1921,2022-08-27,33592.50,Shipped,Delhi
11382,1291,2023-09-09,38736.74,Delivered,Lucknow
11383,1106,2023-07-29,13801.64,Cancelled,Chennai
11384,1969,2023-11-19,14719.38,Shipped,Kolkata
11385,1699,2023-03-22,113057.00,Delivered,Chennai
11386,1203,2022-07-21,74672.01,Shipped,Ahmedabad
11387,1511,2022-02-17,43136.47,Shipped,Nagpur
11388,1123,2022-05-08,43279.85,Cancelled,Indore
11389,1335,2023-08-29,40600.23,Cancelled,Nagpur
11390,1022,2022-10-19,36564.80,Cancelled,Bangalore
11391,1005,2023-04-18,49543.19,Shipped,Mumbai
11392,1038,2023-07-01,68608.67,Delivered,Jaipur
11393,1346,2023-10-23,15261.75,Shipped,Patna
11394,1098,2023-03-02,84865.40,Delivered,Ludhiana
11395,1325,2022-12-21,94170.95,Cancelled,Indore
11396,1794,2022-11-17,44152.80,Delivered,Vadodara
11397,1403,2022-11-02,1230.80,Shipped,Nashik
11398,1506,2023-10-19,18944.04,Delivered,Bhopal
11399,1864,2023-01-18,18871.22,Delivered,Ahmedabad
11400,1030,2022-08-18,21658.26,Delivered,Mumbai
11401,1143,2022-04-18,28080.95,Shipped,Ludhiana
11402,1232,2022-06-24,20553.64,Delivered,Ludhiana
11403,1836,2023-07-05,26541.68,Delivered,Delhi
11404,1266,2022-02-14,63712.08,Delivered,Indore
11405,1077,2022-09-28,21271.59,Cancelled,Nagpur
11406,1811,2023-01-24,99951.29,Delivered,Vadodara
11407,1948,2022-05-22,44180.40,Delivered,Agra
11408,1130,2022-11-23,32362.49,Cancelled,Ahmedabad
11409,1910,2023-02-28,51000.12,Delivered,Kolkata
11410,1535,2023-06-25,47430.44,Shipped,Patna
11411,1678,2023-05-17,14945.02,Delivered,Lucknow
11412,1792,2023-05-10,40445.55,Delivered,Bhopal
11413,1785,2022-10-31,36573.06,Delivered,Faridabad
11414,1572,2022-09-06,43931.60,Delivered,Bhopal
11415,1712,2022-03-21,35863.53,Shipped,Nashik
11416,1062,2022-08-06,26545.78,Delivered,Nagpur
11417,1480,2023-01-30,85422.00,Delivered,Patna
11418,1349,2022-08-02,16120.08,Cancelled,Patna
11419,1527,2022-11-17,4270.10,Delivered,Agra
11420,1726,2023-04-10,51257.34,Cancelled,Nashik
11421,1109,2022-05-14,19172.30,Delivered,Mumbai
11422,1395,2023-04-09,9638.70,Cancelled,Indore
11423,1208,2023-02-14,9740.53,Delivered,Bangalore
11424,1434,2022-06-18,35163.42,Cancelled,Kolkata
11425,1664,2022-04-15,3964.20,Delivered,Hyderabad
11426,1763,2022-04-23,40138.93,Shipped,Patna
11427,1192,2022-10-01,73188.75,Cancelled,Jaipur
11428,1464,2022-12-27,6124.43,Cancelled,Bhopal
11429,1087,2022-12-29,14367.69,Delivered,Agra
11430,1407,2023-05-30,18036.25,Delivered,Chennai
11431,1055,2023-03-28,79843.56,Delivered,Indore
11432,1051,2023-10-27,74334.56,Shipped,Vadodara
11433,1199,2022-10-29,95902.67,Delivered,Agra
11434,1609,2022-10-10,23445.26,Shipped,Hyderabad
11435,1532,2023-03-20,12730.03,Delivered,Pune
11436,1662,2022-09-12,126586.55,Delivered,Patna
11437,1118,2022-02-24,55439.10,Cancelled,Delhi
11438,1273,2022-09-02,60127.36,Delivered,Pune
11439,1283,2022-08-20,26627.88,Shipped,Pune
11440,1402,2023-02-07,106872.19,Delivered,Surat
11441,1508,2022-07-30,15480.66,Delivered,Jaipur
11442,1356,2023-10-15,82790.34,Cancelled,Surat
11443,1295,2022-01-04,62292.46,Cancelled,Pune
11444,1930,2023-12-19,1230.80,Delivered,Patna
11445,1874,2023-12-06,9609.62,Delivered,Pune
11446,1698,2022-03-13,72848.52,Delivered,Hyderabad
11447,1922,2023-04-12,2782.42,Delivered,Lucknow
11448,1683,2023-05-01,56203.64,Delivered,Bhopal
11449,1182,2022-09-28,13512.13,Delivered,Vadodara
11450,1696,2022-01-10,24186.57,Shipped,Ahmedabad
11451,1598,2022-01-02,41190.85,Delivered,Delhi
11452,1484,2022-04-23,15368.88,Delivered,Indore
11453,1581,2023-11-28,24772.64,Delivered,Ahmedabad
11454,1538,2023-05-31,36953.89,Delivered,Pune
11455,1794,2022-04-07,53531.41,Delivered,Vadodara
11456,1464,2023-05-18,23149.01,Cancelled,Bhopal
11457,1264,2023-11-11,19018.70,Delivered,Bangalore
11458,1470,2022-01-14,32037.40,Delivered,Bangalore
11459,1728,2022-12-08,558.76,Cancelled,Delhi
11460,1496,2022-04-26,35114.24,Cancelled,Vadodara
11461,1746,2023-10-18,29562.56,Shipped,Hyderabad
11462,1877,2022-08-14,8238.17,Delivered,Nashik
11463,1366,2023-05-25,42340.20,Cancelled,Surat
11464,1759,2023-12-14,71754.38,Delivered,Faridabad
11465,1212,2022-04-02,90786.26,Shipped,Indore
11466,1655,2022-04-21,6229.70,Cancelled,Bhopal
11467,1921,2023-04-06,44780.79,Cancelled,Delhi
11468,1180,2022-09-29,21537.36,Delivered,Ahmedabad
11469,1910,2022-12-06,54919.79,Shipped,Kolkata
11470,1968,2022-10-10,52653.20,Delivered,Kolkata
11471,1594,2023-06-17,25638.50,Cancelled,Mumbai
11472,1126,2023-03-20,31230.29,Cancelled,Bangalore
11473,1992,2022-12-22,6193.16,Delivered,Vadodara
11474,1511,2023-12-03,28386.14,Delivered,Nagpur
11475,1536,2022-10-24,54220.86,Delivered,Lucknow
11476,1311,2023-05-14,13317.72,Delivered,Agra
11477,1016,2023-04-10,26358.69,Delivered,Jaipur
11478,1846,2023-08-31,1370.49,Shipped,Nagpur
11479,1314,2022-01-06,9910.50,Delivered,Ludhiana
11480,1052,2022-09-15,98878.40,Delivered,Nashik
11481,1805,2023-05-30,70014.71,Cancelled,Delhi
11482,1159,2022-03-30,80155.19,Delivered,Kolkata
11483,1751,2022-07-21,18282.40,Delivered,Bhopal
11484,1298,2022-08-13,40302.46,Delivered,Nagpur
11485,1255,2023-11-26,65890.81,Shipped,Nashik
11486,1409,2022-04-11,61889.97,Delivered,Mumbai
11487,1612,2022-11-15,38863.39,Shipped,Surat
11488,1696,2022-11-27,8070.93,Delivered,Ahmedabad
11489,1700,2022-07-24,56603.79,Shipped,Bangalore
11490,1568,2022-07-24,65167.13,Delivered,Jaipur
11491,1305,2023-08-04,38560.48,Shipped,Surat
11492,1559,2022-07-07,43199.91,Shipped,Indore
11493,1099,2022-05-22,28262.85,Delivered,Patna
11494,1516,2023-12-03,1607.75,Shipped,Agra
11495,1363,2023-03-14,37525.23,Shipped,Agra
11496,1473,2022-01-29,94777.17,Delivered,Kolkata
11497,1981,2023-03-08,12730.03,Delivered,Kolkata
11498,1630,2022-11-06,27089.82,Cancelled,Ludhiana
11499,1525,2023-01-18,74277.68,Cancelled,Ludhiana
11500,1922,2023-08-03,5710.44,Delivered,Lucknow
11501,1774,2023-02-07,23591.13,Delivered,Mumbai
11502,1474,2023-06-15,37668.31,Delivered,Nashik
11503,1087,2022-02-26,2239.44,Delivered,Agra
11504,1342,2023-09-01,48313.82,Delivered,Patna
11505,1580,2023-05-09,36768.68,Delivered,Mumbai
11506,1125,2023-08-22,8813.12,Delivered,Delhi
11507,1719,2022-07-29,18662.63,Cancelled,Hyderabad
11508,1759,2023-05-23,100076.06,Delivered,Faridabad
11509,1309,2023-10-06,66445.09,Delivered,Ludhiana
11510,1825,2023-05-12,43081.44,Delivered,Hyderabad
11511,1118,2022-03-10,2135.05,Cancelled,Delhi
11512,1902,2022-05-04,9721.57,Delivered,Ludhiana
11513,1210,2022-04-17,33715.65,Cancelled,Ludhiana
11514,1455,2023-02-05,156159.59,Delivered,Ahmedabad
11515,1308,2023-02-19,63027.62,Delivered,Ahmedabad
11516,1840,2022-08-29,34645.38,Cancelled,Patna
11517,1267,2023-09-20,60220.41,Cancelled,Surat
11518,1127,2023-03-19,34708.60,Delivered,Vadodara
11519,1190,2022-05-26,86986.59,Delivered,Surat
11520,1175,2023-06-08,8642.02,Cancelled,Lucknow
11521,1206,2023-05-03,18333.80,Delivered,Chennai
11522,1684,2022-04-13,88056.96,Shipped,Patna
11523,1377,2023-11-15,45567.48,Shipped,Ludhiana
11524,1715,2022-04-20,46843.76,Shipped,Indore
11525,1152,2022-01-29,5946.30,Delivered,Ludhiana
11526,1578,2023-02-03,45834.49,Delivered,Pune
11527,1035,2023-10-23,10167.84,Cancelled,Patna
11528,1456,2022-02-13,31637.81,Delivered,Jaipur
11529,1986,2022-05-23,56762.22,Shipped,Delhi
11530,1284,2022-01-10,41406.39,Delivered,Bhopal
11531,1513,2023-05-31,36786.13,Cancelled,Surat
11532,1400,2023-06-10,25638.50,Delivered,Hyderabad
11533,1361,2023-11-03,51345.10,Delivered,Surat
11534,1471,2022-05-24,4565.52,Delivered,Pune
11535,1946,2023-02-08,29277.92,Shipped,Faridabad
11536,1386,2023-04-29,16105.59,Delivered,Kolkata
11537,1590,2023-12-27,40786.77,Cancelled,Surat
11538,1266,2022-05-13,71206.45,Cancelled,Indore
11539,1979,2023-08-18,79569.47,Cancelled,Pune
11540,1850,2023-02-18,12202.37,Delivered,Nashik
11541,1873,2022-06-12,10514.17,Delivered,Vadodara
11542,1512,2023-11-27,34959.73,Delivered,Vadodara
11543,1791,2022-08-31,30762.39,Delivered,Nashik
11544,1746,2023-01-29,67142.66,Shipped,Hyderabad
11545,1945,2022-03-07,21033.50,Delivered,Chennai
11546,1118,2022-02-08,60096.06,Delivered,Delhi
11547,1453,2023-01-19,11722.52,Delivered,Hyderabad
11548,1946,2022-06-28,58742.89,Shipped,Faridabad
11549,1387,2022-05-17,34984.74,Cancelled,Bhopal
11550,1570,2022-07-24,66550.36,Shipped,Bangalore
11551,1449,2023-11-27,27253.55,Delivered,Kolkata
11552,1760,2022-06-15,31275.67,Cancelled,Jaipur
11553,1829,2022-07-16,39161.18,Delivered,Kolkata
11554,1645,2023-11-16,12478.41,Delivered,Kolkata
11555,1830,2022-05-24,20892.26,Delivered,Bhopal
11556,1793,2023-02-22,28902.94,Delivered,Bhopal
11557,1349,2022-07-09,45301.93,Cancelled,Patna
11558,1509,2022-07-14,9707.47,Cancelled,Ludhiana
11559,1848,2023-05-01,46790.80,Delivered,Agra
11560,1634,2023-07-27,6200.52,Delivered,Lucknow
11561,1450,2023-03-14,13998.53,Delivered,Faridabad
11562,1583,2022-03-22,29999.22,Cancelled,Ahmedabad
11563,1306,2022-04-14,8668.39,Delivered,Chennai
11564,1053,2023-09-08,80220.60,Delivered,Nashik
11565,1230,2022-10-24,57343.63,Delivered,Vadodara
11566,1400,2023-12-22,47221.12,Delivered,Hyderabad
11567,1992,2022-10-22,5877.12,Cancelled,Vadodara
11568,1248,2023-06-15,33230.58,Cancelled,Jaipur
11569,1320,2023-02-13,17405.07,Cancelled,Pune
11570,1715,2022-04-24,23787.00,Delivered,Indore
11571,1669,2022-01-31,39719.13,Shipped,Ahmedabad
11572,1268,2022-07-25,31776.28,Delivered,Bangalore
11573,1143,2022-07-29,34114.47,Delivered,Ludhiana
11574,1947,2023-11-11,12386.32,Delivered,Lucknow
11575,1242,2023-05-21,6363.28,Cancelled,Bhopal
11576,1927,2023-09-17,44419.72,Delivered,Bhopal
11577,1355,2022-03-14,54803.28,Cancelled,Nashik
11578,1758,2023-09-20,38255.03,Cancelled,Agra
11579,1491,2022-05-13,30214.54,Delivered,Bhopal
11580,1107,2022-02-06,37894.92,Delivered,Agra
11581,1666,2022-12-25,60521.68,Delivered,Faridabad
11582,1801,2022-08-22,65724.92,Delivered,Ludhiana
11583,1027,2022-07-20,48670.90,Shipped,Ludhiana
11584,1699,2023-12-02,12177.52,Cancelled,Chennai
11585,1494,2022-02-23,28100.72,Shipped,Faridabad
11586,1713,2022-05-09,10720.60,Shipped,Indore
11587,1563,2022-05-22,59823.19,Delivered,Hyderabad
11588,1919,2023-09-23,40614.40,Delivered,Bangalore
11589,1361,2022-07-18,40167.51,Delivered,Surat
11590,1244,2022-08-26,57886.68,Delivered,Hyderabad
11591,1233,2023-02-27,74994.49,Cancelled,Vadodara
11592,1582,2022-02-16,35051.66,Delivered,Delhi
11593,1895,2022-09-13,16903.63,Delivered,Hyderabad
11594,1059,2022-05-10,15188.14,Delivered,Patna
11595,1045,2022-11-18,31147.72,Delivered,Kolkata
11596,1300,2022-05-13,35537.78,Shipped,Vadodara
11597,1674,2022-05-06,7863.71,Delivered,Kolkata
11598,1257,2023-07-11,22542.76,Delivered,Vadodara
11599,1920,2022-08-14,90686.54,Delivered,Delhi
11600,1965,2023-01-11,10339.85,Delivered,Faridabad
11601,1890,2023-11-01,46009.53,Delivered,Lucknow
11602,1327,2023-12-16,71695.63,Delivered,Bangalore
11603,1056,2022-12-21,22762.20,Cancelled,Delhi
11604,1498,2022-10-14,19481.06,Delivered,Hyderabad
11605,1862,2023-06-18,5529.36,Cancelled,Indore
11606,1216,2022-05-06,29198.60,Delivered,Faridabad
11607,1037,2022-08-29,40189.26,Shipped,Nashik
11608,1976,2022-04-27,29215.35,Delivered,Hyderabad
11609,1277,2022-10-12,13300.44,Delivered,Nashik
11610,1848,2022-03-28,35417.03,Cancelled,Agra
11611,1394,2023-05-23,72617.68,Shipped,Lucknow
11612,1394,2023-03-31,74483.50,Delivered,Lucknow
11613,1389,2022-07-08,80893.35,Cancelled,Vadodara
11614,1054,2023-11-08,64427.74,Cancelled,Bangalore
11615,1782,2022-12-23,38511.93,Cancelled,Vadodara
11616,1773,2022-12-11,22153.33,Delivered,Surat
11617,1830,2023-08-29,2130.35,Delivered,Bhopal
11618,1350,2023-09-29,69718.94,Shipped,Pune
11619,1802,2022-02-28,24137.92,Cancelled,Nashik
11620,1398,2023-11-26,25817.72,Cancelled,Jaipur
11621,1475,2023-03-11,28991.95,Cancelled,Chennai
11622,1788,2023-06-16,10416.21,Shipped,Patna
11623,1479,2022-09-01,7205.13,Delivered,Faridabad
11624,1288,2023-11-30,8576.48,Delivered,Nagpur
11625,1256,2023-07-10,73596.74,Cancelled,Delhi
11626,1405,2022-02-09,8636.94,Delivered,Lucknow
11627,1276,2023-11-07,58173.95,Cancelled,Bangalore
11628,1013,2022-05-08,18272.66,Delivered,Nagpur
11629,1857,2022-09-28,42312.82,Shipped,Mumbai
11630,1474,2022-01-18,40598.01,Shipped,Nashik
11631,1038,2023-01-03,32668.56,Cancelled,Jaipur
11632,1224,2023-02-23,89477.04,Delivered,Mumbai
11633,1284,2023-09-17,28486.75,Delivered,Bhopal
11634,1452,2022-07-04,17649.71,Delivered,Ahmedabad
11635,1266,2023-05-22,79972.70,Delivered,Indore
11636,1151,2023-09-25,23466.84,Delivered,Hyderabad
11637,1118,2023-11-02,1147.68,Cancelled,Delhi
11638,1882,2023-03-27,10950.02,Delivered,Indore
11639,1567,2022-08-22,42320.10,Delivered,Lucknow
11640,1999,2022-09-21,40937.87,Delivered,Mumbai
11641,1554,2022-02-15,63943.59,Delivered,Bhopal
11642,1112,2022-03-21,57663.45,Delivered,Pune
11643,1524,2022-03-21,48721.27,Delivered,Surat
11644,1585,2023-01-16,7863.71,Shipped,Nagpur
11645,1074,2023-10-20,6087.36,Delivered,Pune
11646,1147,2022-01-26,87111.72,Delivered,Lucknow
11647,1344,2023-02-22,11475.66,Delivered,Nagpur
11648,1482,2022-10-29,47458.13,Delivered,Bangalore
11649,1378,2022-02-15,79757.99,Delivered,Ludhiana
11650,1934,2023-08-29,31812.48,Cancelled,Surat
11651,1217,2022-11-17,12223.93,Cancelled,Lucknow
11652,1803,2023-08-19,10737.06,Delivered,Vadodara
11653,1388,2023-08-20,61610.01,Delivered,Delhi
11654,1391,2023-10-27,45174.78,Delivered,Faridabad
11655,1982,2022-08-18,5713.33,Cancelled,Vadodara
11656,1646,2023-07-16,76548.48,Cancelled,Ahmedabad
11657,1751,2022-05-05,84820.50,Cancelled,Bhopal
11658,1818,2022-02-22,52132.60,Cancelled,Faridabad
11659,1533,2023-03-28,64391.03,Delivered,Agra
11660,1857,2023-08-13,38805.08,Delivered,Mumbai
11661,1337,2022-09-06,50458.03,Delivered,Nashik
11662,1237,2023-04-12,12386.32,Delivered,Patna
11663,1710,2022-09-04,16601.20,Shipped,Nagpur
11664,1371,2022-03-23,17919.93,Cancelled,Bhopal
11665,1079,2023-01-06,15163.94,Cancelled,Nagpur
11666,1236,2023-04-05,17147.08,Delivered,Agra
11667,1584,2022-05-09,24602.28,Delivered,Mumbai
11668,1796,2023-02-22,29632.03,Delivered,Ahmedabad
11669,1621,2022-09-24,67422.67,Delivered,Mumbai
11670,1322,2022-05-01,72986.28,Shipped,Surat
11671,1518,2022-06-01,38451.53,Delivered,Patna
11672,1922,2022-07-04,5946.30,Delivered,Lucknow
11673,1171,2022-05-04,55646.79,Cancelled,Ludhiana
11674,1729,2023-04-27,16474.34,Delivered,Nashik
11675,1891,2022-02-04,21981.96,Delivered,Bhopal
11676,1707,2022-06-20,45225.28,Delivered,Indore
11677,1528,2023-06-27,20162.77,Shipped,Surat
11678,1363,2022-05-11,7886.86,Cancelled,Agra
11679,1248,2023-12-31,52344.06,Delivered,Jaipur
11680,1919,2022-12-11,27524.28,Cancelled,Bangalore
11681,1111,2022-02-16,14298.13,Delivered,Vadodara
11682,1973,2023-04-05,50456.95,Shipped,Patna
11683,1759,2023-03-23,3359.16,Shipped,Faridabad
11684,1717,2022-05-18,76059.72,Cancelled,Ahmedabad
11685,1939,2023-06-06,77803.77,Delivered,Indore
11686,1608,2023-08-31,12201.24,Shipped,Agra
11687,1389,2022-11-25,29105.09,Cancelled,Vadodara
11688,1740,2023-08-26,62066.36,Delivered,Faridabad
11689,1238,2022-11-01,29448.44,Delivered,Agra
11690,1578,2023-06-15,67088.51,Cancelled,Pune
11691,1521,2023-03-13,40821.54,Shipped,Ludhiana
11692,1327,2022-07-02,28299.78,Delivered,Bangalore
11693,1834,2022-08-04,22784.40,Delivered,Jaipur
11694,1589,2023-09-23,92990.86,Delivered,Indore
11695,1292,2022-06-19,38962.12,Delivered,Kolkata
11696,1499,2023-03-26,36463.64,Delivered,Kolkata
11697,1296,2022-09-23,7609.20,Delivered,Patna
11698,1947,2022-08-26,62067.40,Delivered,Lucknow
11699,1099,2022-07-31,62239.80,Cancelled,Patna
11700,1773,2022-06-22,6672.57,Delivered,Surat
11701,1983,2023-07-07,49088.50,Delivered,Delhi
11702,1007,2023-05-16,28853.22,Delivered,Indore
11703,1379,2022-07-28,51562.46,Cancelled,Surat
11704,1437,2023-04-01,24478.48,Shipped,Ludhiana
11705,1303,2022-04-23,31342.08,Delivered,Jaipur
11706,1456,2023-03-19,32240.27,Delivered,Jaipur
11707,1886,2022-05-21,93826.77,Delivered,Bhopal
11708,1992,2022-12-29,25566.55,Delivered,Vadodara
11709,1745,2022-03-18,19018.70,Cancelled,Surat
11710,1344,2022-10-10,7609.20,Cancelled,Nagpur
11711,1689,2022-03-17,66773.50,Delivered,Faridabad
11712,1914,2022-02-09,50214.22,Cancelled,Indore
11713,1326,2022-07-14,70207.32,Delivered,Nagpur
11714,1972,2023-10-12,37669.99,Delivered,Ludhiana
11715,1141,2023-08-24,53270.25,Delivered,Surat
11716,1690,2022-07-20,37256.45,Delivered,Mumbai
11717,1497,2022-07-11,42882.92,Delivered,Vadodara
11718,1135,2022-07-23,22007.31,Delivered,Bangalore
11719,1974,2023-06-13,47308.51,Delivered,Pune
11720,1004,2023-03-21,114634.35,Cancelled,Agra
11721,1626,2022-08-02,36616.20,Delivered,Lucknow
11722,1429,2023-12-06,18143.00,Shipped,Bhopal
11723,1647,2023-08-21,68238.50,Delivered,Indore
11724,1496,2023-06-28,25046.29,Delivered,Vadodara
11725,1899,2022-11-04,30806.48,Delivered,Surat
11726,1685,2023-05-12,5738.40,Shipped,Mumbai
11727,1613,2023-01-01,40944.35,Delivered,Vadodara
11728,1099,2022-08-13,65056.01,Delivered,Patna
11729,1430,2023-04-03,83602.95,Shipped,Hyderabad
11730,1119,2022-06-30,5489.82,Delivered,Chennai
11731,1677,2022-04-27,11875.45,Shipped,Pune
11732,1722,2022-05-12,64347.49,Shipped,Hyderabad
11733,1861,2023-05-16,79949.16,Delivered,Patna
11734,1030,2022-10-25,22988.83,Delivered,Mumbai
11735,1912,2023-02-23,74322.18,Delivered,Lucknow
11736,1268,2023-11-23,33715.65,Shipped,Bangalore
11737,1829,2023-03-29,5274.45,Delivered,Kolkata
11738,1935,2022-02-25,28758.45,Delivered,Faridabad
11739,1348,2023-10-14,48622.13,Delivered,Bangalore
11740,1459,2023-02-24,4067.08,Delivered,Chennai
11741,1549,2022-07-31,52068.17,Delivered,Delhi
11742,1971,2023-09-21,59990.88,Delivered,Indore
11743,1620,2023-07-07,71201.18,Delivered,Ahmedabad
11744,1822,2023-01-24,45681.65,Delivered,Faridabad
11745,1935,2022-12-28,45017.69,Cancelled,Faridabad
11746,1065,2023-11-02,8882.89,Delivered,Chennai
11747,1371,2023-07-03,46809.52,Delivered,Bhopal
11748,1859,2023-07-03,36948.50,Delivered,Indore
11749,1298,2022-06-15,12726.56,Delivered,Nagpur
11750,1424,2022-08-09,13361.36,Delivered,Ludhiana
11751,1963,2022-01-14,35132.50,Delivered,Chennai
11752,1774,2023-06-24,16268.32,Shipped,Mumbai
11753,1811,2023-05-12,14700.34,Delivered,Vadodara
11754,1309,2022-01-25,26637.77,Delivered,Ludhiana
11755,1035,2022-10-06,53532.34,Shipped,Patna
11756,1672,2023-02-15,36750.85,Delivered,Nagpur
11757,1883,2022-03-28,6797.14,Cancelled,Chennai
11758,1740,2023-12-22,11015.55,Shipped,Faridabad
11759,1021,2022-01-16,58488.49,Cancelled,Indore
11760,1620,2022-06-05,66419.83,Cancelled,Ahmedabad
11761,1812,2023-02-05,41553.15,Cancelled,Mumbai
11762,1880,2022-11-16,36311.45,Shipped,Agra
11763,1525,2022-01-24,14700.34,Shipped,Ludhiana
11764,1208,2022-04-13,12726.56,Cancelled,Bangalore
11765,1483,2023-01-21,2135.05,Delivered,Ahmedabad
11766,1228,2023-02-21,57503.47,Shipped,Jaipur
11767,1292,2023-12-21,7594.07,Delivered,Kolkata
11768,1392,2022-01-18,50168.71,Shipped,Lucknow
11769,1975,2023-01-17,57069.51,Delivered,Patna
11770,1464,2022-08-18,34798.07,Delivered,Bhopal
11771,1407,2022-08-26,80874.73,Shipped,Chennai
11772,1577,2022-04-22,26648.67,Delivered,Lucknow
11773,1148,2023-10-08,33636.67,Delivered,Delhi
11774,1575,2022-06-23,23787.00,Shipped,Lucknow
11775,1608,2022-09-13,20696.36,Shipped,Agra
11776,1632,2023-04-30,39291.53,Cancelled,Vadodara
11777,1779,2022-08-27,51744.56,Shipped,Indore
11778,1259,2023-02-26,42028.50,Delivered,Vadodara
11779,1855,2022-06-04,55905.76,Cancelled,Jaipur
11780,1614,2023-02-21,47145.34,Delivered,Pune
11781,1707,2022-08-03,108900.43,Shipped,Indore
11782,1559,2023-05-27,60236.06,Delivered,Indore
11783,1330,2023-04-18,70456.95,Cancelled,Patna
11784,1569,2022-03-25,19238.29,Shipped,Indore
11785,1717,2022-03-21,30882.92,Delivered,Ahmedabad
11786,1166,2023-06-17,13934.10,Delivered,Ahmedabad
11787,1203,2023-03-25,46814.53,Delivered,Ahmedabad
11788,1040,2023-03-11,5127.70,Cancelled,Agra
11789,1499,2022-05-24,40769.74,Cancelled,Kolkata
11790,1429,2023-02-13,2144.12,Delivered,Bhopal
11791,1446,2022-10-29,68888.83,Delivered,Agra
11792,1536,2022-11-27,6292.80,Delivered,Lucknow
11793,1578,2023-10-28,19779.67,Delivered,Pune
11794,1536,2023-12-03,27668.58,Cancelled,Lucknow
11795,1975,2023-01-16,88251.79,Delivered,Patna
11796,1484,2023-04-19,43896.40,Delivered,Indore
11797,1950,2022-05-19,12184.88,Shipped,Delhi
11798,1011,2022-11-22,27449.10,Delivered,Lucknow
11799,1482,2022-03-10,9293.46,Delivered,Bangalore
11800,1320,2023-12-20,4583.45,Delivered,Pune
11801,1551,2023-04-15,45706.00,Delivered,Lucknow
11802,1640,2023-04-25,87001.82,Delivered,Indore
11803,1359,2023-10-14,60206.01,Delivered,Jaipur
11804,1354,2023-10-06,39499.33,Delivered,Lucknow
11805,1282,2022-10-19,28347.05,Shipped,Jaipur
11806,1599,2022-11-10,36803.66,Shipped,Ahmedabad
11807,1957,2022-09-18,29400.68,Delivered,Bangalore
11808,1080,2023-08-30,14470.49,Delivered,Mumbai
11809,1287,2022-07-02,50434.61,Delivered,Chennai
11810,1130,2023-06-19,70311.32,Shipped,Ahmedabad
11811,1339,2023-08-13,107449.23,Cancelled,Vadodara
11812,1620,2022-10-11,35616.73,Cancelled,Ahmedabad
11813,1685,2023-04-30,22436.37,Delivered,Mumbai
11814,1803,2022-08-26,2985.84,Delivered,Vadodara
11815,1952,2023-09-22,18601.56,Delivered,Jaipur
11816,1487,2022-01-01,16381.10,Delivered,Nagpur
11817,1141,2023-06-08,17160.33,Shipped,Surat
11818,1681,2023-04-29,78456.13,Cancelled,Vadodara
11819,1779,2022-05-01,74220.98,Shipped,Indore
11820,1387,2023-01-30,10195.71,Delivered,Bhopal
11821,1320,2023-06-19,22763.14,Delivered,Pune
11822,1905,2023-09-12,24785.09,Delivered,Nagpur
11823,1969,2023-10-11,57127.91,Delivered,Kolkata
11824,1861,2023-03-24,63073.58,Shipped,Patna
11825,1712,2022-09-14,16701.70,Cancelled,Nashik
11826,1922,2023-03-22,79957.79,Delivered,Lucknow
11827,1026,2023-01-10,28896.60,Delivered,Lucknow
11828,1746,2023-03-11,37272.42,Cancelled,Hyderabad
11829,1898,2022-07-15,47731.23,Delivered,Vadodara
11830,1956,2022-01-11,51220.02,Delivered,Agra
11831,1539,2022-07-19,45765.95,Delivered,Nashik
11832,1337,2022-04-07,21802.84,Delivered,Nashik
11833,1515,2022-01-14,90804.23,Delivered,Jaipur
11834,1663,2022-10-09,21161.85,Shipped,Bhopal
11835,1045,2023-12-14,29719.41,Delivered,Kolkata
11836,1641,2022-02-28,20364.48,Delivered,Indore
11837,1884,2023-04-28,48995.96,Shipped,Surat
11838,1503,2022-06-27,85593.98,Cancelled,Agra
11839,1827,2022-04-17,36630.69,Delivered,Ahmedabad
11840,1628,2024-01-01,52046.56,Delivered,Faridabad
11841,1892,2022-05-15,34504.10,Delivered,Indore
11842,1058,2023-03-31,35185.83,Delivered,Jaipur
11843,1322,2022-04-10,21189.96,Delivered,Surat
11844,1874,2022-07-18,5282.83,Delivered,Pune
11845,1341,2023-11-20,41398.14,Delivered,Lucknow
11846,1920,2023-12-28,51600.43,Cancelled,Delhi
11847,1740,2023-01-11,13158.91,Shipped,Faridabad
11848,1427,2023-11-15,78866.40,Delivered,Bangalore
11849,1198,2023-05-29,77704.85,Delivered,Ahmedabad
11850,1086,2022-06-26,96266.38,Delivered,Ludhiana
11851,1624,2022-07-23,55767.63,Shipped,Surat
11852,1178,2023-10-13,42183.12,Delivered,Vadodara
11853,1319,2022-10-08,3803.74,Delivered,Surat
11854,1350,2023-04-23,16476.34,Delivered,Pune
11855,1580,2023-04-20,13759.50,Delivered,Mumbai
11856,1187,2022-03-30,27408.99,Cancelled,Hyderabad
11857,1642,2022-01-21,22235.54,Delivered,Delhi
11858,1223,2023-10-16,79842.30,Delivered,Hyderabad
11859,1899,2022-09-10,2130.35,Delivered,Surat
11860,1766,2022-05-16,51564.84,Shipped,Chennai
11861,1723,2022-10-21,19219.24,Delivered,Surat
11862,1579,2022-11-20,33455.48,Delivered,Pune
11863,1280,2022-07-24,35578.63,Delivered,Surat
11864,1266,2023-12-16,18282.40,Delivered,Indore
11865,1502,2022-12-30,36130.93,Delivered,Vadodara
11866,1791,2023-10-20,14885.13,Delivered,Nashik
11867,1038,2023-08-23,52749.67,Cancelled,Jaipur
11868,1583,2022-08-04,21421.41,Shipped,Ahmedabad
11869,1356,2023-10-24,20702.46,Delivered,Surat
11870,1213,2022-12-17,39824.76,Cancelled,Ahmedabad
11871,1565,2022-10-03,27449.10,Delivered,Faridabad
11872,1265,2022-08-12,51325.16,Delivered,Patna
11873,1945,2022-04-29,9199.14,Delivered,Chennai
11874,1487,2022-05-24,64094.62,Delivered,Nagpur
11875,1382,2023-08-01,33296.65,Cancelled,Surat
11876,1923,2022-02-04,26972.52,Delivered,Pune
11877,1645,2023-01-03,43869.56,Delivered,Kolkata
11878,1163,2023-03-08,99421.81,Delivered,Bhopal
11879,1664,2022-04-13,44743.78,Delivered,Hyderabad
11880,1314,2022-06-16,34707.38,Delivered,Ludhiana
11881,1771,2022-01-23,10255.40,Cancelled,Faridabad
11882,1468,2023-08-31,112048.63,Shipped,Nagpur
11883,1749,2023-02-13,17364.68,Delivered,Faridabad
11884,1259,2023-01-18,42448.34,Shipped,Vadodara
11885,1695,2023-02-15,45115.94,Delivered,Jaipur
11886,1782,2023-06-04,32766.58,Shipped,Vadodara
11887,1793,2022-10-03,54950.20,Shipped,Bhopal
11888,1608,2022-01-30,19142.43,Delivered,Agra
11889,1945,2022-11-04,8134.16,Cancelled,Chennai
11890,1204,2023-08-05,23899.05,Delivered,Faridabad
11891,1680,2022-12-08,25694.48,Delivered,Ahmedabad
11892,1994,2022-04-03,47239.03,Delivered,Bangalore
11893,1821,2022-12-21,30159.28,Delivered,Ludhiana
11894,1472,2022-01-01,44189.05,Delivered,Nashik
11895,1905,2022-06-26,45057.55,Delivered,Nagpur
11896,1190,2022-08-30,62878.90,Shipped,Surat
11897,1093,2022-09-08,2130.35,Cancelled,Bangalore
11898,1866,2023-01-19,35518.33,Delivered,Bhopal
11899,1353,2022-04-13,7907.91,Shipped,Ahmedabad
11900,1716,2022-08-06,51105.57,Shipped,Kolkata
11901,1852,2023-04-20,12901.35,Delivered,Jaipur
11902,1397,2022-05-12,58070.73,Delivered,Ahmedabad
11903,1410,2022-12-01,48293.85,Shipped,Pune
11904,1612,2023-02-08,29639.93,Delivered,Surat
11905,1501,2023-11-17,43688.66,Cancelled,Ahmedabad
11906,1028,2022-08-16,39492.28,Delivered,Ludhiana
11907,1787,2022-08-29,18280.52,Delivered,Ahmedabad
11908,1514,2022-01-02,26813.38,Shipped,Mumbai
11909,1937,2022-03-21,84297.11,Delivered,Chennai
11910,1512,2022-07-12,36564.80,Delivered,Vadodara
11911,1446,2022-04-06,37452.48,Delivered,Agra
11912,1436,2022-06-04,9215.60,Shipped,Agra
11913,1692,2023-05-08,44377.88,Shipped,Agra
11914,1184,2022-06-17,64642.48,Cancelled,Jaipur
11915,1855,2022-04-19,18568.14,Delivered,Jaipur
11916,1355,2023-12-04,22977.24,Shipped,Nashik
11917,1823,2022-01-13,2144.12,Delivered,Nagpur
11918,1589,2023-06-04,54558.31,Shipped,Indore
11919,1012,2023-05-13,64447.20,Shipped,Ahmedabad
11920,1433,2022-02-25,22790.45,Delivered,Delhi
11921,1760,2023-10-12,48489.05,Shipped,Jaipur
11922,1515,2023-01-17,10195.71,Delivered,Jaipur
11923,1865,2023-07-02,30583.54,Delivered,Jaipur
11924,1805,2022-07-03,81118.50,Cancelled,Delhi
11925,1778,2023-01-28,76007.49,Delivered,Bangalore
11926,1154,2022-01-08,23104.86,Cancelled,Kolkata
11927,1265,2022-07-22,38344.60,Cancelled,Patna
11928,1746,2023-04-11,15963.51,Shipped,Hyderabad
11929,1289,2022-02-10,29035.72,Shipped,Bangalore
11930,1472,2023-01-11,30388.44,Cancelled,Nashik
11931,1703,2023-01-14,20335.40,Delivered,Bhopal
11932,1692,2022-10-31,11432.34,Delivered,Agra
11933,1556,2022-10-01,1147.68,Delivered,Mumbai
11934,1428,2022-01-18,17529.62,Delivered,Bangalore
11935,1652,2022-02-06,63477.25,Delivered,Ahmedabad
11936,1750,2022-02-07,38388.35,Shipped,Ahmedabad
11937,1255,2022-06-29,3325.11,Delivered,Nashik
11938,1130,2022-05-29,49883.88,Shipped,Ahmedabad
11939,1915,2022-10-09,41918.27,Shipped,Jaipur
11940,1706,2023-09-25,36037.02,Cancelled,Jaipur
11941,1583,2023-04-15,56770.82,Delivered,Ahmedabad
11942,1382,2022-02-09,6193.16,Delivered,Surat
11943,1392,2023-06-09,46375.39,Delivered,Lucknow
11944,1346,2023-10-15,23787.00,Shipped,Patna
11945,1411,2022-01-23,84638.63,Delivered,Pune
11946,1739,2023-10-31,22278.24,Delivered,Surat
11947,1857,2023-03-20,4923.20,Delivered,Mumbai
11948,1585,2022-09-25,66012.83,Cancelled,Nagpur
11949,1527,2023-07-07,9910.50,Delivered,Agra
11950,1711,2022-02-20,18298.72,Shipped,Jaipur
11951,1221,2023-03-24,67407.97,Delivered,Patna
11952,1284,2023-05-29,23595.53,Cancelled,Bhopal
11953,1409,2022-07-05,25852.65,Delivered,Mumbai
11954,1006,2023-02-21,69035.82,Shipped,Chennai
11955,1673,2022-05-13,38425.18,Shipped,Indore
11956,1614,2023-10-13,40462.05,Delivered,Pune
11957,1231,2022-01-19,51310.62,Delivered,Hyderabad
11958,1066,2023-09-19,46788.44,Cancelled,Kolkata
11959,1847,2023-04-17,15477.16,Cancelled,Nashik
11960,1337,2023-07-09,3185.70,Cancelled,Nashik
11961,1013,2022-12-18,8347.26,Delivered,Nagpur
11962,1843,2023-04-01,7594.07,Shipped,Ahmedabad
11963,1216,2023-06-30,14414.43,Shipped,Faridabad
11964,1262,2023-02-17,41644.47,Cancelled,Vadodara
11965,1991,2022-03-22,79693.89,Cancelled,Faridabad
11966,1354,2022-03-27,36430.12,Cancelled,Lucknow
11967,1379,2022-11-08,69114.67,Delivered,Surat
11968,1463,2023-11-22,69856.57,Delivered,Faridabad
11969,1640,2023-08-22,61909.79,Delivered,Indore
11970,1579,2023-03-18,106815.65,Delivered,Pune
11971,1770,2022-10-18,41302.22,Shipped,Kolkata
11972,1241,2023-01-20,14629.22,Delivered,Chennai
11973,1388,2023-09-14,39881.22,Delivered,Delhi
11974,1100,2023-02-10,34346.78,Delivered,Faridabad
11975,1585,2022-10-24,113145.90,Delivered,Nagpur
11976,1786,2023-02-15,88488.87,Delivered,Kolkata
11977,1770,2022-08-11,37565.64,Cancelled,Kolkata
11978,1286,2022-11-24,85955.50,Delivered,Lucknow
11979,1681,2023-12-05,28758.45,Delivered,Vadodara
11980,1515,2023-07-03,55857.03,Delivered,Jaipur
11981,1880,2023-02-18,37134.56,Shipped,Agra
11982,1294,2023-04-06,85733.32,Delivered,Chennai
11983,1410,2022-10-23,24952.27,Delivered,Pune
11984,1782,2023-04-21,61949.97,Delivered,Vadodara
11985,1393,2023-08-18,27408.99,Shipped,Surat
11986,1421,2022-07-13,49109.86,Cancelled,Hyderabad
11987,1230,2022-05-22,34868.90,Cancelled,Vadodara
11988,1083,2023-09-06,23832.21,Shipped,Ahmedabad
11989,1969,2022-01-24,62356.07,Delivered,Kolkata
11990,1171,2023-08-06,14249.23,Delivered,Ludhiana
11991,1975,2023-01-15,58280.04,Cancelled,Patna
11992,1905,2023-11-01,65754.78,Cancelled,Nagpur
11993,1885,2022-07-17,42569.42,Delivered,Patna
11994,1469,2023-01-13,57113.84,Delivered,Lucknow
11995,1180,2023-04-29,68831.24,Delivered,Ahmedabad
11996,1331,2022-05-16,49374.67,Delivered,Faridabad
11997,1212,2023-08-15,26708.39,Delivered,Indore
11998,1701,2023-09-10,29457.55,Delivered,Delhi
11999,1816,2022-07-01,24772.64,Cancelled,Bangalore
12000,1657,2022-04-24,32091.73,Delivered,Ludhiana
12001,1894,2022-06-13,10651.75,Delivered,Bhopal
12002,1008,2022-02-03,36680.84,Shipped,Ahmedabad
12003,1888,2023-06-17,43135.25,Shipped,Bhopal
12004,1073,2023-03-04,65254.88,Cancelled,Nagpur
12005,1124,2023-09-14,56813.64,Cancelled,Hyderabad
12006,1732,2022-01-25,28185.52,Delivered,Vadodara
12007,1300,2023-02-12,8882.89,Delivered,Vadodara
12008,1373,2023-02-14,10255.40,Cancelled,Nagpur
12009,1645,2023-10-28,33913.65,Delivered,Kolkata
12010,1107,2022-05-30,50037.77,Cancelled,Agra
12011,1772,2022-04-25,10155.11,Delivered,Mumbai
12012,1423,2023-11-04,27138.81,Delivered,Hyderabad
12013,1815,2023-05-10,3981.12,Delivered,Indore
12014,1338,2023-10-20,28186.19,Shipped,Ahmedabad
12015,1921,2023-12-28,1984.65,Delivered,Delhi
12016,1776,2022-09-24,30292.25,Shipped,Mumbai
12017,1339,2023-04-07,19344.30,Cancelled,Vadodara
12018,1282,2023-09-01,3523.50,Delivered,Jaipur
12019,1152,2023-06-19,30357.74,Delivered,Ludhiana
12020,1902,2023-01-15,68373.11,Delivered,Ludhiana
12021,1315,2022-06-12,68773.05,Delivered,Ludhiana
12022,1487,2024-01-01,41734.24,Delivered,Nagpur
12023,1159,2023-12-13,4590.72,Cancelled,Kolkata
12024,1300,2023-01-29,31324.38,Delivered,Vadodara
12025,1029,2022-08-05,71490.11,Delivered,Agra
12026,1599,2022-01-13,16778.37,Cancelled,Ahmedabad
12027,1764,2023-06-14,66046.35,Cancelled,Ludhiana
12028,1922,2022-06-24,9975.33,Delivered,Lucknow
12029,1602,2023-05-29,61891.93,Delivered,Surat
12030,1388,2023-05-12,34778.24,Cancelled,Delhi
12031,1494,2022-06-29,62436.18,Shipped,Faridabad
12032,1015,2023-11-16,29216.91,Delivered,Patna
12033,1231,2022-11-13,23723.73,Delivered,Hyderabad
12034,1285,2023-09-16,7025.18,Delivered,Bangalore
12035,1666,2022-07-21,10901.42,Shipped,Faridabad
12036,1584,2023-10-16,41644.14,Cancelled,Mumbai
12037,1920,2022-08-22,32222.82,Delivered,Delhi
12038,1681,2022-02-03,46131.47,Delivered,Vadodara
12039,1975,2022-12-04,78525.98,Delivered,Patna
12040,1567,2023-07-02,6423.62,Cancelled,Lucknow
12041,1894,2022-03-23,41861.58,Delivered,Bhopal
12042,1458,2023-08-04,39980.11,Delivered,Patna
12043,1263,2022-07-07,16601.20,Delivered,Jaipur
12044,1234,2023-12-08,44740.25,Delivered,Patna
12045,1042,2023-09-16,67288.26,Delivered,Hyderabad
12046,1094,2022-07-14,7350.17,Delivered,Chennai
12047,1928,2022-05-16,82717.49,Delivered,Kolkata
12048,1213,2022-08-22,56649.68,Cancelled,Ahmedabad
12049,1489,2023-04-21,46119.23,Delivered,Nashik
12050,1327,2023-10-12,59439.61,Shipped,Bangalore
12051,1120,2023-03-29,83413.63,Delivered,Nashik
12052,1103,2023-07-10,53929.92,Cancelled,Ludhiana
12053,1499,2022-11-04,71472.18,Cancelled,Kolkata
12054,1441,2022-04-25,40817.93,Shipped,Vadodara
12055,1797,2023-10-21,66478.83,Cancelled,Bangalore
12056,1774,2023-04-13,28600.55,Delivered,Mumbai
12057,1773,2023-02-21,29400.68,Shipped,Surat
12058,1647,2022-06-30,16018.70,Shipped,Indore
12059,1527,2022-10-18,63890.79,Delivered,Agra
12060,1271,2023-06-29,23326.45,Delivered,Hyderabad
12061,1695,2023-07-29,97444.54,Shipped,Jaipur
12062,1115,2022-07-06,12717.61,Delivered,Kolkata
12063,1915,2023-06-06,18346.00,Delivered,Jaipur
12064,1184,2022-03-09,110169.96,Delivered,Jaipur
12065,1097,2023-03-30,35264.37,Cancelled,Mumbai
12066,1843,2022-07-07,17347.26,Delivered,Ahmedabad
12067,1782,2022-08-26,15676.72,Cancelled,Vadodara
12068,1313,2022-11-24,22782.21,Shipped,Jaipur
12069,1106,2023-12-03,21959.28,Cancelled,Chennai
12070,1216,2023-08-08,46425.59,Delivered,Faridabad
12071,1161,2022-07-16,1119.72,Delivered,Faridabad
12072,1873,2022-06-11,96922.77,Delivered,Vadodara
12073,1334,2023-06-13,30385.05,Cancelled,Chennai
12074,1808,2023-03-03,32167.23,Delivered,Mumbai
12075,1235,2022-09-27,41230.47,Delivered,Bangalore
12076,1380,2022-05-29,23832.21,Delivered,Nashik
12077,1850,2022-11-19,66179.59,Shipped,Nashik
12078,1577,2023-02-07,19329.43,Delivered,Lucknow
12079,1781,2023-02-18,98712.79,Shipped,Faridabad
12080,1363,2023-10-24,21799.45,Shipped,Agra
12081,1786,2022-10-08,41011.40,Delivered,Kolkata
12082,1214,2023-11-09,37905.47,Delivered,Nashik
12083,1853,2023-01-18,44067.17,Shipped,Agra
12084,1810,2023-01-27,22124.39,Cancelled,Nagpur
12085,1757,2022-07-24,94567.24,Cancelled,Lucknow
12086,1516,2023-03-27,67660.76,Delivered,Agra
12087,1077,2022-09-06,5529.36,Shipped,Nagpur
12088,1965,2023-08-31,25569.78,Delivered,Faridabad
12089,1800,2023-11-07,47627.75,Shipped,Ludhiana
12090,1256,2022-10-14,18346.00,Cancelled,Delhi
12091,1385,2022-03-02,23246.70,Delivered,Faridabad
12092,1283,2023-07-05,50223.70,Delivered,Pune
12093,1114,2023-04-29,85261.93,Delivered,Patna
12094,1333,2023-02-28,99571.02,Delivered,Mumbai
12095,1604,2022-11-03,48702.65,Cancelled,Pune
12096,1091,2023-03-25,10264.17,Cancelled,Ludhiana
12097,1560,2023-11-08,70365.99,Cancelled,Ludhiana
12098,1837,2022-10-26,42308.71,Delivered,Vadodara
12099,1791,2022-03-11,22917.25,Delivered,Nashik
12100,1981,2023-01-05,48324.54,Shipped,Kolkata
12101,1766,2022-08-08,43658.27,Shipped,Chennai
12102,1234,2023-04-17,6432.36,Delivered,Patna
12103,1694,2023-12-22,56577.52,Cancelled,Agra
12104,1766,2022-01-24,18325.02,Shipped,Chennai
12105,1438,2023-02-10,37666.43,Delivered,Surat
12106,1852,2023-06-26,45081.13,Cancelled,Jaipur
12107,1383,2022-01-17,8882.89,Delivered,Faridabad
12108,1983,2023-06-01,65300.22,Delivered,Delhi
12109,1810,2023-07-06,29562.39,Cancelled,Nagpur
12110,1342,2023-10-12,34173.50,Delivered,Patna
12111,1579,2022-04-05,15054.51,Delivered,Pune
12112,1545,2022-06-12,28153.22,Delivered,Patna
12113,1588,2023-04-25,26648.67,Delivered,Delhi
12114,1770,2022-03-16,101148.33,Shipped,Kolkata
12115,1838,2022-10-11,9199.14,Delivered,Faridabad
12116,1667,2022-12-05,28100.18,Cancelled,Faridabad
12117,1348,2023-04-10,30088.14,Shipped,Bangalore
12118,1911,2022-01-22,68662.16,Delivered,Ahmedabad
12119,1007,2023-10-01,29453.58,Delivered,Indore
12120,1009,2022-08-19,41953.82,Delivered,Indore
12121,1266,2022-08-17,2123.80,Delivered,Indore
12122,1546,2023-04-14,30043.31,Delivered,Patna
12123,1789,2023-08-12,15908.20,Cancelled,Nashik
12124,1157,2022-07-13,36619.50,Delivered,Delhi
12125,1316,2022-07-05,10354.39,Cancelled,Indore
12126,1617,2022-02-10,83596.75,Cancelled,Chennai
12127,1357,2022-03-12,66325.51,Delivered,Ahmedabad
12128,1951,2022-08-24,14410.26,Delivered,Ahmedabad
12129,1311,2022-06-17,74212.44,Delivered,Agra
12130,1239,2022-08-11,76274.03,Delivered,Surat
12131,1141,2023-03-27,3936.12,Shipped,Surat
12132,1027,2023-03-31,10216.40,Delivered,Ludhiana
12133,1390,2022-02-20,39066.86,Shipped,Agra
12134,1204,2022-07-30,26082.36,Cancelled,Faridabad
12135,1835,2022-05-08,43671.46,Delivered,Ludhiana
12136,1519,2023-08-16,41171.71,Delivered,Bangalore
12137,1167,2022-08-03,35257.01,Shipped,Bangalore
12138,1759,2023-09-12,83292.71,Delivered,Faridabad
12139,1426,2022-07-15,56166.84,Delivered,Indore
12140,1819,2023-06-04,58530.72,Delivered,Hyderabad
12141,1521,2022-04-25,20776.10,Delivered,Ludhiana
12142,1008,2023-01-25,7128.85,Shipped,Ahmedabad
12143,1985,2022-04-13,25319.00,Delivered,Nashik
12144,1857,2022-03-08,73855.57,Delivered,Mumbai
12145,1235,2023-12-20,51060.08,Shipped,Bangalore
12146,1897,2023-04-28,59530.62,Delivered,Patna
12147,1748,2023-10-25,24464.62,Delivered,Pune
12148,1145,2022-09-12,52440.57,Delivered,Chennai
12149,1132,2023-06-16,23866.65,Shipped,Indore
12150,1781,2022-02-09,59488.47,Delivered,Faridabad
12151,1888,2023-11-08,28762.37,Cancelled,Bhopal
12152,1425,2022-06-11,53277.50,Delivered,Bhopal
12153,1959,2023-06-16,69507.01,Delivered,Patna
12154,1374,2022-04-23,53372.12,Delivered,Agra
12155,1510,2022-07-28,14561.83,Delivered,Lucknow
12156,1931,2022-09-29,25451.06,Delivered,Nashik
12157,1803,2022-01-27,13995.87,Shipped,Vadodara
12158,1036,2022-05-28,6944.14,Delivered,Bangalore
12159,1553,2023-01-22,71438.54,Cancelled,Delhi
12160,1174,2022-06-11,21042.74,Delivered,Hyderabad
12161,1919,2022-08-17,52121.80,Delivered,Bangalore
12162,1116,2023-05-03,28035.38,Shipped,Ahmedabad
12163,1877,2023-07-04,41945.48,Cancelled,Nashik
12164,1829,2023-10-15,11472.69,Shipped,Kolkata
12165,1481,2022-09-21,16778.37,Cancelled,Bhopal
12166,1375,2023-09-21,58215.47,Delivered,Chennai
12167,1490,2023-05-20,37904.26,Cancelled,Lucknow
12168,1201,2022-05-09,22894.72,Delivered,Kolkata
12169,1825,2022-05-27,12219.27,Delivered,Hyderabad
12170,1762,2022-04-08,52530.90,Delivered,Nagpur
12171,1909,2023-09-22,5738.40,Delivered,Chennai
12172,1257,2022-07-09,6193.16,Delivered,Vadodara
12173,1337,2023-12-29,43884.07,Cancelled,Nashik
12174,1533,2023-06-14,3803.74,Delivered,Agra
12175,1779,2022-05-15,28450.69,Delivered,Indore
12176,1678,2022-05-29,6200.52,Delivered,Lucknow
12177,1766,2023-01-30,3320.24,Delivered,Chennai
12178,1187,2022-01-15,16731.88,Delivered,Hyderabad
12179,1856,2022-09-01,36554.17,Delivered,Hyderabad
12180,1012,2023-08-09,74511.86,Delivered,Ahmedabad
12181,1193,2023-10-06,30246.09,Cancelled,Patna
12182,1416,2023-04-08,10416.21,Shipped,Hyderabad
12183,1637,2022-09-27,9141.20,Delivered,Chennai
12184,1763,2022-10-14,21956.29,Cancelled,Patna
12185,1947,2022-12-12,13638.75,Delivered,Lucknow
12186,1262,2022-12-16,8573.58,Shipped,Vadodara
12187,1791,2023-07-17,32350.60,Delivered,Nashik
12188,1685,2022-12-17,41835.57,Delivered,Mumbai
12189,1065,2023-01-10,46191.65,Delivered,Chennai
12190,1988,2023-07-11,59852.42,Delivered,Ahmedabad
12191,1999,2023-04-14,17948.71,Delivered,Mumbai
12192,1564,2023-12-31,57012.84,Delivered,Ahmedabad
12193,1315,2023-04-09,30858.05,Delivered,Ludhiana
12194,1990,2023-06-01,94754.09,Cancelled,Bhopal
12195,1200,2022-05-26,45126.71,Delivered,Lucknow
12196,1795,2022-01-18,35532.26,Delivered,Agra
12197,1539,2023-09-08,26794.32,Cancelled,Nashik
12198,1881,2023-06-28,14176.87,Cancelled,Bangalore
12199,1372,2023-07-07,49304.70,Cancelled,Delhi
12200,1171,2023-01-19,33137.61,Delivered,Ludhiana
12201,1651,2023-10-12,61195.66,Delivered,Pune
12202,1864,2022-06-05,63282.00,Cancelled,Ahmedabad
12203,1435,2022-07-27,28455.86,Shipped,Faridabad
12204,1304,2023-02-04,3803.74,Shipped,Delhi
12205,1916,2023-05-03,59144.16,Delivered,Ludhiana
12206,1739,2022-11-04,4974.63,Delivered,Surat
12207,1726,2023-07-24,26195.24,Delivered,Nashik
12208,1946,2023-09-20,45681.65,Delivered,Faridabad
12209,1061,2023-02-25,45858.73,Shipped,Ahmedabad
12210,1843,2022-06-14,60971.47,Delivered,Ahmedabad
12211,1401,2022-06-13,105376.99,Shipped,Vadodara
12212,1606,2022-07-18,772.06,Delivered,Nagpur
12213,1073,2022-08-20,10272.27,Delivered,Nagpur
12214,1144,2023-02-16,23860.76,Cancelled,Jaipur
12215,1968,2023-11-20,38706.56,Shipped,Kolkata
12216,1146,2023-11-20,45997.36,Delivered,Chennai
12217,1012,2023-10-15,60439.46,Delivered,Ahmedabad
12218,1537,2022-04-16,13313.13,Cancelled,Patna
12219,1483,2022-08-26,18431.90,Delivered,Ahmedabad
12220,1842,2022-05-08,46880.36,Cancelled,Pune
12221,1466,2022-06-07,42840.59,Delivered,Hyderabad
12222,1897,2022-10-06,3340.34,Delivered,Patna
12223,1391,2022-09-19,12963.03,Shipped,Faridabad
12224,1437,2023-08-23,23163.14,Shipped,Ludhiana
12225,1777,2022-10-26,27479.89,Delivered,Bangalore
12226,1091,2023-09-10,16052.13,Delivered,Ludhiana
12227,1248,2023-11-12,21850.26,Shipped,Jaipur
12228,1432,2022-02-28,7944.07,Delivered,Agra
12229,1863,2022-10-10,45247.13,Cancelled,Pune
12230,1337,2023-03-06,41603.00,Delivered,Nashik
12231,1366,2022-03-27,37719.69,Shipped,Surat
12232,1249,2023-08-23,56127.19,Cancelled,Agra
12233,1445,2023-11-13,67248.82,Shipped,Chennai
12234,1575,2023-09-14,59474.42,Shipped,Lucknow
12235,1622,2023-06-16,18607.65,Shipped,Jaipur
12236,1044,2023-09-09,45052.44,Delivered,Delhi
12237,1590,2022-04-08,26342.16,Delivered,Surat
12238,1370,2023-08-18,27457.66,Cancelled,Faridabad
12239,1432,2023-02-08,95493.78,Delivered,Agra
12240,1356,2023-10-25,37449.00,Shipped,Surat
12241,1588,2023-06-20,79209.36,Shipped,Delhi
12242,1833,2023-10-06,37831.59,Shipped,Nagpur
12243,1686,2022-01-27,6658.86,Delivered,Lucknow
12244,1025,2023-10-08,67962.67,Delivered,Agra
12245,1300,2023-02-27,77538.05,Shipped,Vadodara
12246,1870,2022-09-17,28134.89,Delivered,Patna
12247,1361,2022-09-12,34362.42,Delivered,Surat
12248,1333,2023-04-15,43223.66,Delivered,Mumbai
12249,1788,2022-06-14,10901.42,Cancelled,Patna
12250,1664,2022-11-26,19458.78,Delivered,Hyderabad
12251,1800,2022-06-26,20929.87,Delivered,Ludhiana
12252,1342,2022-12-27,15889.89,Delivered,Patna
12253,1325,2022-11-10,16560.72,Delivered,Indore
12254,1655,2023-02-20,37675.27,Shipped,Bhopal
12255,1655,2022-07-10,54114.13,Delivered,Bhopal
12256,1272,2023-12-26,130426.25,Delivered,Chennai
12257,1826,2023-03-25,6632.84,Delivered,Bangalore
12258,1983,2022-06-22,15607.21,Delivered,Delhi
12259,1195,2023-08-19,12103.99,Cancelled,Chennai
12260,1718,2023-10-20,36547.48,Cancelled,Faridabad
12261,1552,2022-07-02,35191.47,Delivered,Ahmedabad
12262,1204,2022-04-06,67468.94,Cancelled,Faridabad
12263,1937,2023-11-11,3398.57,Delivered,Chennai
12264,1150,2022-12-15,17781.29,Shipped,Chennai
12265,1137,2023-01-30,2985.84,Delivered,Mumbai
12266,1629,2023-08-07,54641.28,Delivered,Surat
12267,1231,2023-03-30,70559.01,Delivered,Hyderabad
12268,1562,2022-06-08,4458.30,Delivered,Faridabad
12269,1027,2023-05-22,29129.83,Delivered,Ludhiana
12270,1252,2022-08-20,1286.20,Delivered,Indore
12271,1149,2022-01-13,35531.56,Delivered,Vadodara
12272,1879,2023-09-19,33301.90,Shipped,Bangalore
12273,1425,2023-07-24,62279.70,Cancelled,Bhopal
12274,1197,2023-02-27,31297.44,Cancelled,Jaipur
12275,1595,2023-02-14,2144.12,Shipped,Bangalore
12276,1765,2022-09-25,74564.39,Delivered,Surat
12277,1823,2022-09-27,21783.86,Delivered,Nagpur
12278,1922,2022-08-29,45681.65,Delivered,Lucknow
12279,1079,2023-12-11,52713.82,Delivered,Nagpur
12280,1815,2023-07-06,10677.20,Delivered,Indore
12281,1940,2023-06-04,6680.68,Cancelled,Chennai
12282,1322,2022-04-18,7288.05,Cancelled,Surat
12283,1234,2022-12-23,10675.25,Cancelled,Patna
12284,1841,2022-08-18,73689.95,Cancelled,Lucknow
12285,1857,2022-02-24,41813.40,Shipped,Mumbai
12286,1510,2023-08-29,65263.78,Delivered,Lucknow
12287,1023,2023-07-28,57821.00,Delivered,Bhopal
12288,1918,2022-12-22,6658.86,Delivered,Ludhiana
12289,1066,2023-11-30,23340.84,Delivered,Kolkata
12290,1584,2022-09-16,5450.71,Delivered,Mumbai
12291,1731,2023-09-05,6154.00,Delivered,Nagpur
12292,1406,2022-08-09,74102.00,Delivered,Hyderabad
12293,1552,2023-12-15,24024.05,Delivered,Ahmedabad
12294,1239,2023-08-07,4565.52,Cancelled,Surat
12295,1969,2023-02-21,23787.00,Cancelled,Kolkata
12296,1698,2023-08-24,53180.86,Delivered,Hyderabad
12297,1995,2023-09-17,44479.71,Delivered,Mumbai
12298,1602,2022-05-03,63964.05,Delivered,Surat
12299,1629,2022-03-07,58105.72,Delivered,Surat
12300,1751,2022-07-19,61711.56,Cancelled,Bhopal
12301,1793,2022-07-03,21959.28,Delivered,Bhopal
12302,1665,2023-05-22,93032.25,Delivered,Agra
12303,1092,2022-04-07,44165.81,Cancelled,Lucknow
12304,1718,2023-12-03,58011.90,Shipped,Faridabad
12305,1391,2023-12-15,44177.71,Delivered,Faridabad
12306,1188,2022-04-09,5183.46,Delivered,Chennai
12307,1725,2023-03-17,18446.67,Shipped,Patna
12308,1093,2022-07-08,53069.44,Delivered,Bangalore
12309,1233,2022-12-26,38953.80,Delivered,Vadodara
12310,1348,2023-04-08,4757.40,Cancelled,Bangalore
12311,1264,2022-01-21,73576.97,Delivered,Bangalore
12312,1571,2022-03-02,7301.96,Delivered,Kolkata
12313,1173,2022-01-02,33150.70,Cancelled,Agra
12314,1013,2022-01-05,19270.86,Delivered,Nagpur
12315,1029,2023-08-05,29775.99,Delivered,Agra
12316,1979,2022-06-26,27794.92,Cancelled,Pune
12317,1511,2022-07-06,40256.23,Delivered,Nagpur
12318,1100,2023-12-01,80048.89,Cancelled,Faridabad
12319,1384,2023-08-11,16085.34,Shipped,Jaipur
12320,1724,2022-07-01,50584.02,Shipped,Nagpur
12321,1032,2023-09-30,41877.04,Cancelled,Bangalore
12322,1910,2022-05-04,30014.83,Delivered,Kolkata
12323,1958,2022-10-26,22782.21,Delivered,Chennai
12324,1605,2023-06-15,35575.30,Delivered,Kolkata
12325,1510,2022-07-17,26648.67,Cancelled,Lucknow
12326,1943,2022-12-12,21512.34,Cancelled,Nagpur
12327,1852,2023-02-03,97396.17,Delivered,Jaipur
12328,1685,2023-07-22,42685.97,Delivered,Mumbai
12329,1375,2022-05-25,40644.99,Shipped,Chennai
12330,1193,2023-02-18,11440.22,Delivered,Patna
12331,1939,2023-05-07,57559.05,Cancelled,Indore
12332,1102,2023-06-17,46184.25,Delivered,Patna
12333,1934,2023-06-24,56165.65,Cancelled,Surat
12334,1535,2023-02-08,24018.03,Delivered,Patna
12335,1290,2022-11-25,788.12,Delivered,Chennai
12336,1300,2023-10-04,9325.11,Shipped,Vadodara
12337,1387,2022-03-26,32054.23,Shipped,Bhopal
12338,1107,2022-11-26,52223.61,Cancelled,Agra
12339,1399,2022-11-10,34122.34,Delivered,Jaipur
12340,1790,2023-12-02,70533.99,Cancelled,Hyderabad
12341,1852,2022-02-12,83646.89,Delivered,Jaipur
12342,1315,2023-08-25,43839.97,Cancelled,Ludhiana
12343,1556,2022-06-27,60792.21,Delivered,Mumbai
12344,1548,2022-01-29,88201.30,Delivered,Lucknow
12345,1395,2022-07-12,32624.34,Cancelled,Indore
12346,1054,2023-12-02,134163.85,Cancelled,Bangalore
12347,1537,2022-07-02,52968.29,Delivered,Patna
12348,1933,2022-08-08,52272.74,Delivered,Faridabad
12349,1914,2022-08-15,8642.02,Delivered,Indore
12350,1732,2022-07-28,12401.04,Cancelled,Vadodara
12351,1656,2023-09-20,2144.12,Shipped,Lucknow
12352,1211,2023-12-07,9458.31,Delivered,Surat
12353,1005,2022-09-04,18579.48,Delivered,Mumbai
12354,1182,2023-02-04,29221.59,Delivered,Vadodara
12355,1940,2023-02-16,91342.84,Delivered,Chennai
12356,1614,2022-09-10,34405.43,Delivered,Pune
12357,1904,2023-03-09,81262.96,Delivered,Hyderabad
12358,1210,2023-11-01,16994.99,Delivered,Ludhiana
12359,1420,2023-12-08,32049.68,Shipped,Patna
12360,1387,2022-10-12,102618.53,Delivered,Bhopal
12361,1837,2023-05-15,46796.20,Delivered,Vadodara
12362,1642,2023-12-11,27603.28,Shipped,Delhi
12363,1132,2023-11-10,57427.86,Delivered,Indore
12364,1653,2022-04-28,90095.42,Shipped,Hyderabad
12365,1069,2022-07-07,56705.68,Delivered,Bhopal
12366,1967,2022-09-20,2130.35,Shipped,Pune
12367,1292,2023-07-04,45747.13,Cancelled,Kolkata
12368,1268,2022-04-22,45013.96,Shipped,Bangalore
12369,1843,2022-07-26,1119.72,Cancelled,Ahmedabad
12370,1867,2023-05-25,71335.36,Cancelled,Vadodara
12371,1037,2023-04-26,36926.76,Delivered,Nashik
12372,1235,2022-02-08,53547.78,Delivered,Bangalore
12373,1086,2023-12-12,4270.10,Delivered,Ludhiana
12374,1447,2023-09-23,15781.56,Delivered,Delhi
12375,1453,2023-09-04,5720.11,Cancelled,Hyderabad
12376,1786,2022-07-13,46810.26,Delivered,Kolkata
12377,1045,2023-08-06,34895.98,Delivered,Kolkata
12378,1350,2022-09-14,46600.40,Delivered,Pune
12379,1474,2022-07-25,6363.28,Delivered,Nashik
12380,1401,2023-01-25,71012.55,Delivered,Vadodara
12381,1518,2022-03-07,32383.95,Delivered,Patna
12382,1344,2023-11-05,35127.12,Delivered,Nagpur
12383,1893,2023-03-28,34125.38,Delivered,Ahmedabad
12384,1617,2023-06-26,46625.25,Delivered,Chennai
12385,1147,2023-07-15,46815.20,Delivered,Lucknow
12386,1115,2023-12-03,50397.20,Cancelled,Kolkata
12387,1548,2022-01-18,4247.60,Delivered,Lucknow
12388,1742,2022-11-26,38344.60,Delivered,Lucknow
12389,1924,2022-04-17,60394.55,Delivered,Nagpur
12390,1391,2022-01-04,28132.59,Shipped,Faridabad
12391,1788,2023-08-04,7872.24,Delivered,Patna
12392,1781,2023-10-06,62482.26,Cancelled,Faridabad
12393,1076,2022-01-21,58802.20,Shipped,Indore
12394,1960,2023-08-09,42349.45,Delivered,Lucknow
12395,1703,2023-09-23,21802.84,Delivered,Bhopal
12396,1700,2023-05-18,13801.64,Delivered,Bangalore
12397,1652,2023-04-11,52415.63,Delivered,Ahmedabad
12398,1466,2023-07-04,8521.40,Delivered,Hyderabad
12399,1148,2022-10-21,18044.06,Delivered,Delhi
12400,1987,2023-02-02,9141.20,Delivered,Indore
12401,1377,2022-01-22,47872.44,Delivered,Ludhiana
12402,1148,2022-02-13,63647.08,Cancelled,Delhi
12403,1873,2022-08-21,12401.04,Delivered,Vadodara
12404,1861,2023-10-04,15111.48,Shipped,Patna
12405,1432,2023-03-04,18645.32,Shipped,Agra
12406,1455,2023-02-02,34081.77,Delivered,Ahmedabad
12407,1334,2023-11-13,9219.98,Cancelled,Chennai
12408,1211,2022-09-09,57669.42,Delivered,Surat
12409,1583,2022-07-19,10979.64,Cancelled,Ahmedabad
12410,1373,2023-04-20,43991.88,Shipped,Nagpur
12411,1384,2023-10-22,50221.07,Shipped,Jaipur
12412,1145,2023-04-27,10712.57,Shipped,Chennai
12413,1308,2023-10-01,36712.56,Delivered,Ahmedabad
12414,1223,2022-12-12,31564.57,Delivered,Hyderabad
12415,1676,2023-01-29,28541.71,Shipped,Mumbai
12416,1185,2023-03-30,78545.76,Delivered,Indore
12417,1396,2023-08-05,55222.07,Delivered,Delhi
12418,1764,2023-11-28,20690.84,Delivered,Ludhiana
12419,1657,2023-02-16,43519.20,Delivered,Ludhiana
12420,1155,2023-02-26,24843.45,Delivered,Jaipur
12421,1889,2022-05-14,26034.58,Shipped,Ludhiana
12422,1324,2023-09-18,41777.22,Cancelled,Nagpur
12423,1544,2023-10-06,45433.62,Delivered,Bangalore
12424,1806,2022-03-08,47930.75,Delivered,Ahmedabad
12425,1943,2022-02-24,93782.17,Delivered,Nagpur
12426,1321,2023-01-01,33614.11,Delivered,Lucknow
12427,1981,2022-08-07,32983.40,Delivered,Kolkata
12428,1372,2023-10-01,45812.76,Cancelled,Delhi
12429,1927,2023-04-03,45334.53,Delivered,Bhopal
12430,1297,2022-11-07,28820.52,Cancelled,Agra
12431,1164,2022-06-05,49405.88,Delivered,Jaipur
12432,1546,2023-09-26,32037.40,Cancelled,Patna
12433,1566,2023-10-06,42632.68,Delivered,Kolkata
12434,1707,2022-09-13,83295.57,Delivered,Indore
12435,1932,2023-04-01,103680.85,Delivered,Surat
12436,1139,2023-01-26,36622.10,Shipped,Bhopal
12437,1175,2022-01-21,80263.83,Delivered,Lucknow
12438,1954,2023-03-28,45742.14,Delivered,Mumbai
12439,1459,2022-01-21,12983.23,Cancelled,Chennai
12440,1353,2022-12-14,75961.86,Delivered,Ahmedabad
12441,1071,2022-07-01,95211.32,Delivered,Bhopal
12442,1694,2023-02-08,53074.69,Delivered,Agra
12443,1958,2023-11-16,58591.18,Delivered,Chennai
12444,1300,2023-12-30,30368.21,Delivered,Vadodara
12445,1364,2023-09-10,13610.64,Shipped,Ahmedabad
12446,1017,2023-09-29,13594.28,Shipped,Delhi
12447,1174,2023-01-09,55655.50,Delivered,Hyderabad
12448,1526,2022-10-14,643.10,Delivered,Indore
12449,1502,2022-11-23,28747.33,Delivered,Vadodara
12450,1665,2022-09-02,25138.25,Delivered,Agra
12451,1460,2023-03-20,18127.64,Delivered,Ludhiana
12452,1768,2023-11-04,4288.24,Delivered,Surat
12453,1341,2023-07-19,64960.67,Cancelled,Lucknow
12454,1011,2023-08-11,36048.18,Shipped,Lucknow
12455,1205,2023-04-27,21959.28,Delivered,Nagpur
12456,1712,2023-11-20,42111.58,Shipped,Nashik
12457,1344,2023-01-11,62334.92,Shipped,Nagpur
12458,1417,2023-12-26,63169.81,Delivered,Chennai
12459,1737,2022-09-25,42059.66,Shipped,Hyderabad
12460,1289,2022-10-01,22756.40,Shipped,Bangalore
12461,1941,2023-11-19,43739.79,Delivered,Nashik
12462,1883,2023-06-06,788.12,Delivered,Chennai
12463,1831,2022-05-12,64818.14,Delivered,Kolkata
12464,1249,2022-03-18,45706.00,Delivered,Agra
12465,1158,2023-08-09,28238.81,Delivered,Bangalore
12466,1885,2022-03-19,38589.53,Delivered,Patna
12467,1755,2022-12-16,15892.47,Cancelled,Agra
12468,1073,2022-06-09,42616.61,Shipped,Nagpur
12469,1647,2022-12-05,19304.26,Delivered,Indore
12470,1628,2022-05-05,37853.20,Delivered,Faridabad
12471,1205,2022-03-25,26635.44,Delivered,Nagpur
12472,1004,2023-03-20,35266.58,Delivered,Agra
12473,1216,2022-02-21,58849.26,Shipped,Faridabad
12474,1329,2023-10-03,21041.56,Shipped,Lucknow
12475,1838,2022-07-22,9173.00,Shipped,Faridabad
12476,1620,2023-12-25,34923.49,Delivered,Ahmedabad
12477,1750,2023-11-24,1521.84,Delivered,Ahmedabad
12478,1454,2022-07-09,39835.23,Delivered,Nagpur
12479,1181,2022-07-22,30119.61,Cancelled,Mumbai
12480,1590,2022-07-13,39516.60,Delivered,Surat
12481,1193,2022-07-11,34518.81,Delivered,Patna
12482,1167,2023-02-09,54393.55,Cancelled,Bangalore
12483,1304,2023-09-08,31150.68,Delivered,Delhi
12484,1224,2023-03-13,51276.31,Delivered,Mumbai
12485,1754,2022-09-04,32952.68,Delivered,Hyderabad
12486,1289,2022-06-15,38638.85,Delivered,Bangalore
12487,1506,2022-12-19,35696.04,Delivered,Bhopal
12488,1635,2023-03-17,5127.70,Shipped,Nashik
12489,1013,2023-11-22,5368.53,Cancelled,Nagpur
12490,1790,2023-01-06,35397.06,Cancelled,Hyderabad
12491,1695,2022-03-09,75851.16,Delivered,Jaipur
12492,1462,2023-01-02,29221.59,Shipped,Bangalore
12493,1380,2023-05-27,29400.68,Shipped,Nashik
12494,1321,2023-07-14,29659.54,Delivered,Lucknow
12495,1234,2023-08-25,72986.13,Delivered,Patna
12496,1420,2023-04-22,43708.69,Delivered,Patna
12497,1946,2023-02-17,80260.18,Shipped,Faridabad
12498,1464,2022-06-06,1982.10,Shipped,Bhopal
12499,1430,2022-01-26,17160.33,Delivered,Hyderabad
12500,1391,2023-10-10,47749.81,Delivered,Faridabad
12501,1015,2023-03-21,19478.98,Delivered,Patna
12502,1155,2023-08-31,36597.06,Delivered,Jaipur
12503,1098,2022-01-17,54655.46,Delivered,Ludhiana
12504,1278,2022-12-12,33483.77,Shipped,Patna
12505,1402,2022-06-12,56715.96,Cancelled,Surat
12506,1285,2022-08-22,94653.10,Cancelled,Bangalore
12507,1742,2023-05-27,69943.41,Delivered,Lucknow
12508,1500,2023-11-13,17531.37,Delivered,Bhopal
12509,1069,2022-11-28,41597.58,Cancelled,Bhopal
12510,1297,2022-05-25,73047.43,Shipped,Agra
12511,1823,2022-08-10,19465.37,Delivered,Nagpur
12512,1980,2022-11-12,36937.49,Delivered,Patna
12513,1646,2022-11-15,51251.93,Shipped,Ahmedabad
12514,1627,2022-05-05,42118.96,Cancelled,Jaipur
12515,1289,2022-12-16,558.76,Delivered,Bangalore
12516,1379,2023-08-02,36566.15,Delivered,Surat
12517,1019,2023-04-03,49103.90,Delivered,Patna
12518,1215,2022-12-01,82418.30,Delivered,Vadodara
12519,1650,2023-05-03,63341.70,Cancelled,Vadodara
12520,1349,2023-08-15,47860.10,Delivered,Patna
12521,1924,2022-05-11,39345.29,Cancelled,Nagpur
12522,1995,2022-08-23,56211.92,Cancelled,Mumbai
12523,1243,2022-09-13,27576.51,Shipped,Agra
12524,1912,2022-01-20,42764.03,Delivered,Lucknow
12525,1394,2022-06-01,5127.70,Delivered,Lucknow
12526,1542,2023-05-18,37798.99,Delivered,Chennai
12527,1069,2023-04-06,59963.92,Delivered,Bhopal
12528,1811,2022-10-10,52441.77,Delivered,Vadodara
12529,1869,2022-03-02,30677.52,Delivered,Delhi
12530,1649,2022-01-04,24575.04,Cancelled,Bangalore
12531,1495,2023-07-30,6132.76,Delivered,Faridabad
12532,1980,2022-11-24,10560.63,Delivered,Patna
12533,1620,2023-07-04,24291.27,Delivered,Ahmedabad
12534,1981,2023-09-04,4583.45,Delivered,Kolkata
12535,1752,2022-03-04,38082.62,Delivered,Surat
12536,1537,2023-06-01,56603.54,Shipped,Patna
12537,1434,2023-12-19,66061.84,Delivered,Kolkata
12538,1306,2022-09-25,58202.67,Delivered,Chennai
12539,1026,2022-01-30,12201.24,Shipped,Lucknow
12540,1081,2023-01-13,5489.82,Delivered,Delhi
12541,1458,2023-10-03,19057.46,Delivered,Patna
12542,1609,2023-03-31,20229.39,Delivered,Hyderabad
12543,1960,2022-10-08,643.10,Delivered,Lucknow
12544,1724,2023-09-14,7863.71,Delivered,Nagpur
12545,1601,2022-05-12,6200.52,Delivered,Hyderabad
12546,1127,2022-02-23,38692.05,Cancelled,Vadodara
12547,1489,2023-01-13,41983.38,Shipped,Nashik
12548,1564,2022-01-27,40958.40,Delivered,Ahmedabad
12549,1406,2022-07-02,57534.99,Delivered,Hyderabad
12550,1660,2022-10-17,32200.96,Cancelled,Faridabad
12551,1041,2023-06-08,17160.33,Delivered,Vadodara
12552,1509,2022-03-07,31183.16,Delivered,Ludhiana
12553,1156,2022-04-15,51481.43,Delivered,Bhopal
12554,1095,2023-01-04,110196.91,Delivered,Bangalore
12555,1084,2023-02-27,36549.66,Delivered,Agra
12556,1505,2023-02-15,17050.56,Cancelled,Pune
12557,1427,2023-10-20,59893.58,Delivered,Bangalore
12558,1562,2022-04-02,109235.22,Shipped,Faridabad
12559,1163,2022-04-29,7025.18,Delivered,Bhopal
12560,1233,2022-09-03,10234.17,Cancelled,Vadodara
12561,1025,2022-02-23,46138.38,Delivered,Agra
12562,1491,2022-02-13,86996.20,Delivered,Bhopal
12563,1973,2022-06-06,26648.67,Delivered,Patna
12564,1513,2022-11-24,6743.13,Shipped,Surat
12565,1020,2023-06-07,10651.75,Shipped,Agra
12566,1025,2023-11-17,38737.15,Shipped,Agra
12567,1564,2022-03-11,34410.41,Cancelled,Ahmedabad
12568,1037,2022-08-02,33073.27,Shipped,Nashik
12569,1008,2022-12-24,52964.05,Cancelled,Ahmedabad
12570,1903,2023-01-12,52826.78,Delivered,Surat
12571,1407,2022-08-06,63016.01,Delivered,Chennai
12572,1938,2023-10-05,24726.56,Delivered,Nashik
12573,1273,2023-07-24,33493.83,Shipped,Pune
12574,1164,2022-07-26,82854.30,Delivered,Jaipur
12575,1343,2022-07-20,107877.63,Delivered,Bangalore
12576,1403,2022-05-03,6423.62,Shipped,Nashik
12577,1030,2023-04-02,11209.96,Cancelled,Mumbai
12578,1789,2023-02-20,30723.34,Delivered,Nashik
12579,1043,2023-02-01,63335.97,Delivered,Bhopal
12580,1205,2023-08-07,37951.36,Delivered,Nagpur
12581,1853,2023-12-08,24653.03,Cancelled,Agra
12582,1838,2022-11-07,26888.25,Delivered,Faridabad
12583,1664,2023-10-04,18579.48,Delivered,Hyderabad
12584,1223,2023-06-08,29112.58,Delivered,Hyderabad
12585,1222,2022-07-05,85644.93,Delivered,Agra
12586,1512,2023-02-02,47515.31,Shipped,Vadodara
12587,1401,2023-09-09,16931.99,Shipped,Vadodara
12588,1492,2023-07-29,29400.68,Delivered,Nagpur
12589,1080,2023-09-24,4067.08,Delivered,Mumbai
12590,1874,2022-02-01,4712.57,Delivered,Pune
12591,1970,2022-10-08,31233.40,Delivered,Indore
12592,1456,2023-01-26,75520.41,Delivered,Jaipur
12593,1100,2022-02-24,87389.62,Delivered,Faridabad
12594,1995,2023-03-10,38813.26,Delivered,Mumbai
12595,1078,2022-10-14,94414.59,Delivered,Indore
12596,1305,2022-02-05,29117.77,Delivered,Surat
12597,1146,2022-09-27,16684.56,Delivered,Chennai
12598,1124,2023-10-14,57067.61,Delivered,Hyderabad
12599,1902,2023-05-03,50669.20,Delivered,Ludhiana
12600,1089,2022-08-29,8609.25,Cancelled,Lucknow
12601,1712,2023-07-25,51594.55,Delivered,Nashik
12602,1720,2023-07-31,74695.33,Delivered,Ahmedabad
12603,1221,2022-03-08,16268.32,Shipped,Patna
12604,1031,2022-02-08,38487.46,Shipped,Delhi
12605,1423,2022-06-29,70689.74,Cancelled,Hyderabad
12606,1919,2022-02-15,10485.14,Delivered,Bangalore
12607,1727,2022-10-16,69078.85,Delivered,Faridabad
12608,1822,2022-10-01,23713.07,Delivered,Faridabad
12609,1987,2022-07-12,3419.36,Shipped,Indore
12610,1830,2022-01-02,115506.99,Delivered,Bhopal
12611,1895,2023-07-31,7609.20,Shipped,Hyderabad
12612,1573,2023-12-21,66112.75,Delivered,Ahmedabad
12613,1733,2022-02-18,60330.38,Delivered,Surat
12614,1613,2023-01-12,12653.48,Shipped,Vadodara
12615,1558,2022-06-17,48141.01,Delivered,Hyderabad
12616,1744,2023-07-19,48757.37,Delivered,Kolkata
12617,1753,2023-10-17,85273.20,Delivered,Nagpur
12618,1595,2023-02-16,37628.31,Delivered,Bangalore
12619,1786,2022-10-27,5598.60,Shipped,Kolkata
12620,1692,2023-07-10,5946.30,Shipped,Agra
12621,1089,2023-09-09,3152.48,Delivered,Lucknow
12622,1341,2023-01-03,15188.14,Shipped,Lucknow
12623,1772,2023-07-07,46375.63,Delivered,Mumbai
12624,1912,2022-02-13,49996.26,Delivered,Lucknow
12625,1614,2022-12-16,18592.29,Delivered,Pune
12626,1872,2023-08-11,80785.18,Delivered,Pune
12627,1845,2023-12-11,75351.32,Shipped,Bangalore
12628,1902,2022-04-25,7701.62,Cancelled,Ludhiana
12629,1043,2023-06-17,57264.94,Delivered,Bhopal
12630,1261,2023-07-18,93156.49,Delivered,Chennai
12631,1758,2022-08-21,46464.25,Delivered,Agra
12632,1501,2022-04-30,38351.31,Delivered,Ahmedabad
12633,1562,2023-02-09,32302.68,Shipped,Faridabad
12634,1225,2023-08-14,11550.84,Shipped,Kolkata
12635,1705,2022-04-19,41608.19,Shipped,Surat
12636,1160,2023-12-12,1119.72,Delivered,Ahmedabad
12637,1734,2022-01-01,33070.66,Cancelled,Indore
12638,1820,2022-04-21,71336.67,Delivered,Faridabad
12639,1712,2022-11-10,21966.16,Shipped,Nashik
12640,1311,2022-08-03,63331.13,Delivered,Agra
12641,1975,2022-07-15,52596.04,Delivered,Patna
12642,1303,2022-05-04,19794.80,Delivered,Jaipur
12643,1069,2022-09-17,72945.91,Delivered,Bhopal
12644,1433,2023-01-02,44214.17,Delivered,Delhi
12645,1715,2023-09-04,15727.42,Shipped,Indore
12646,1384,2022-08-02,26140.04,Cancelled,Jaipur
12647,1604,2023-05-05,60082.17,Cancelled,Pune
12648,1043,2023-11-27,75244.69,Delivered,Bhopal
12649,1512,2022-11-24,8360.46,Delivered,Vadodara
12650,1718,2023-04-30,7607.48,Shipped,Faridabad
12651,1771,2023-07-06,14905.18,Shipped,Faridabad
12652,1706,2023-08-25,30538.18,Delivered,Jaipur
12653,1972,2023-12-03,51176.71,Delivered,Ludhiana
12654,1390,2022-02-09,55090.11,Delivered,Agra
12655,1487,2022-09-16,38563.06,Delivered,Nagpur
12656,1252,2023-10-09,139.69,Shipped,Indore
12657,1389,2022-12-12,51286.48,Shipped,Vadodara
12658,1036,2022-11-27,23129.68,Shipped,Bangalore
12659,1222,2023-09-21,32211.63,Delivered,Agra
12660,1701,2022-05-12,55424.14,Delivered,Delhi
12661,1958,2023-06-03,55457.34,Cancelled,Chennai
12662,1186,2023-04-20,8291.05,Cancelled,Vadodara
12663,1398,2023-07-03,53442.56,Delivered,Jaipur
12664,1260,2023-08-23,8626.64,Cancelled,Indore
12665,1503,2022-06-28,22346.34,Delivered,Agra
12666,1875,2022-06-16,66942.89,Cancelled,Pune
12667,1340,2023-03-13,1843.12,Delivered,Ahmedabad
12668,1992,2022-03-20,26250.82,Shipped,Vadodara
12669,1256,2022-01-06,60086.20,Delivered,Delhi
12670,1792,2023-01-21,11326.58,Delivered,Bhopal
12671,1229,2022-12-15,39627.20,Cancelled,Chennai
12672,1866,2023-05-21,48635.98,Shipped,Bhopal
12673,1828,2023-12-19,23754.08,Delivered,Nashik
12674,1104,2022-06-18,70183.32,Cancelled,Bangalore
12675,1577,2022-01-25,47650.76,Delivered,Lucknow
12676,1814,2023-12-17,87393.85,Cancelled,Delhi
12677,1920,2023-12-12,19018.70,Cancelled,Delhi
12678,1109,2023-03-05,16625.55,Delivered,Mumbai
12679,1447,2023-07-25,34328.98,Delivered,Delhi
12680,1067,2022-03-31,48824.86,Delivered,Bangalore
12681,1487,2023-02-15,8338.00,Delivered,Nagpur
12682,1929,2022-05-21,31454.84,Delivered,Ahmedabad
12683,1089,2023-08-08,15815.82,Delivered,Lucknow
12684,1457,2023-11-07,40449.57,Delivered,Agra
12685,1571,2022-09-27,37848.53,Delivered,Kolkata
12686,1597,2023-02-28,14700.34,Delivered,Ludhiana
12687,1238,2022-07-27,21959.28,Delivered,Agra
12688,1765,2023-12-20,32051.50,Delivered,Surat
12689,1062,2023-06-07,60355.27,Delivered,Nagpur
12690,1538,2023-11-13,46416.99,Cancelled,Pune
12691,1010,2022-11-07,22771.17,Delivered,Nagpur
12692,1328,2022-09-07,54252.14,Delivered,Lucknow
12693,1194,2023-11-11,18736.98,Shipped,Surat
12694,1220,2022-04-12,14414.43,Cancelled,Faridabad
12695,1649,2023-10-05,103322.66,Delivered,Bangalore
12696,1150,2023-11-15,3964.20,Cancelled,Chennai
12697,1149,2022-03-11,25066.64,Delivered,Vadodara
12698,1580,2022-06-18,60332.58,Shipped,Mumbai
12699,1860,2023-10-03,37553.39,Delivered,Indore
12700,1848,2022-09-26,55120.77,Shipped,Agra
12701,1044,2022-11-25,15214.96,Delivered,Delhi
12702,1198,2023-11-19,20155.50,Delivered,Ahmedabad
12703,1401,2023-04-06,78980.13,Delivered,Vadodara
12704,1767,2022-05-11,15243.96,Cancelled,Lucknow
12705,1911,2023-02-21,9199.14,Delivered,Ahmedabad
12706,1248,2023-09-06,34121.78,Shipped,Jaipur
12707,1792,2022-03-18,38127.03,Delivered,Bhopal
12708,1428,2022-03-09,139.69,Delivered,Bangalore
12709,1792,2023-10-19,8347.26,Delivered,Bhopal
12710,1403,2022-10-15,64924.23,Delivered,Nashik
12711,1311,2023-07-03,51727.10,Delivered,Agra
12712,1876,2023-04-27,772.06,Shipped,Ahmedabad
12713,1776,2023-12-06,42101.48,Cancelled,Mumbai
12714,1946,2023-11-30,71257.37,Cancelled,Faridabad
12715,1141,2023-04-26,59825.81,Shipped,Surat
12716,1999,2022-12-17,34026.88,Cancelled,Mumbai
12717,1647,2022-03-06,12386.32,Delivered,Indore
12718,1957,2022-10-05,48295.38,Cancelled,Bangalore
12719,1526,2022-08-22,33165.68,Delivered,Indore
12720,1929,2022-09-03,13995.87,Delivered,Ahmedabad
12721,1996,2022-11-10,7907.91,Delivered,Faridabad
12722,1531,2023-11-24,6009.47,Delivered,Lucknow
12723,1613,2023-03-11,35391.08,Delivered,Vadodara
12724,1787,2023-09-20,4446.84,Delivered,Ahmedabad
12725,1822,2023-12-06,14122.34,Delivered,Faridabad
12726,1730,2023-07-10,43588.84,Delivered,Hyderabad
12727,1818,2023-04-19,23129.68,Delivered,Faridabad
12728,1121,2022-10-26,31776.28,Delivered,Pune
12729,1613,2023-10-11,55265.08,Delivered,Vadodara
12730,1909,2023-10-26,74150.27,Delivered,Chennai
12731,1252,2023-02-06,53560.76,Delivered,Indore
12732,1955,2023-08-05,34233.49,Delivered,Jaipur
12733,1150,2022-09-18,33239.39,Delivered,Chennai
12734,1128,2023-01-21,34504.10,Shipped,Chennai
12735,1004,2022-03-10,42212.40,Delivered,Agra
12736,1951,2023-05-22,21201.00,Cancelled,Ahmedabad
12737,1598,2022-10-11,46915.51,Shipped,Delhi
12738,1204,2022-09-30,14410.26,Shipped,Faridabad
12739,1644,2023-05-17,43853.35,Shipped,Faridabad
12740,1448,2023-02-01,49768.91,Delivered,Vadodara
12741,1186,2022-05-06,12963.03,Delivered,Vadodara
12742,1043,2022-03-13,35538.64,Cancelled,Bhopal
12743,1549,2022-10-02,26170.57,Delivered,Delhi
12744,1948,2023-12-05,30788.35,Delivered,Agra
12745,1913,2023-11-08,75842.64,Delivered,Chennai
12746,1115,2022-12-12,49861.61,Delivered,Kolkata
12747,1292,2023-03-17,71179.16,Delivered,Kolkata
12748,1634,2023-09-11,43418.17,Delivered,Lucknow
12749,1951,2023-07-20,30955.58,Delivered,Ahmedabad
12750,1156,2022-01-24,2144.12,Delivered,Bhopal
12751,1781,2022-08-14,13098.43,Shipped,Faridabad
12752,1209,2023-07-09,25094.19,Delivered,Kolkata
12753,1094,2023-08-08,26769.49,Delivered,Chennai
12754,1829,2023-05-13,13750.35,Delivered,Kolkata
12755,1866,2023-02-21,50030.91,Shipped,Bhopal
12756,1625,2022-06-19,53510.24,Delivered,Nashik
12757,1287,2022-04-20,8191.68,Delivered,Chennai
12758,1446,2023-08-17,1158.09,Shipped,Agra
12759,1457,2022-08-07,70452.33,Delivered,Agra
12760,1419,2023-12-31,41061.39,Delivered,Kolkata
12761,1757,2023-01-29,46725.31,Shipped,Lucknow
12762,1024,2023-07-09,25579.62,Delivered,Ludhiana
12763,1903,2023-11-21,62595.70,Cancelled,Surat
12764,1351,2022-11-26,42508.10,Cancelled,Ludhiana
12765,1631,2023-02-02,58647.54,Cancelled,Nashik
12766,1211,2023-01-17,42423.86,Delivered,Surat
12767,1616,2023-12-17,12491.32,Delivered,Agra
12768,1807,2023-02-18,37999.92,Delivered,Ludhiana
12769,1362,2023-02-19,6680.68,Delivered,Nagpur
12770,1921,2022-08-25,61025.38,Shipped,Delhi
12771,1984,2022-01-25,18579.48,Cancelled,Delhi
12772,1250,2023-10-23,37757.87,Shipped,Mumbai
12773,1731,2022-01-23,11864.52,Delivered,Nagpur
12774,1369,2023-01-26,66966.92,Shipped,Kolkata
12775,1742,2023-04-02,62292.43,Delivered,Lucknow
12776,1448,2022-09-19,53905.20,Delivered,Vadodara
12777,1376,2022-09-24,57978.34,Delivered,Nagpur
12778,1225,2023-08-23,3964.20,Cancelled,Kolkata
12779,1544,2022-07-20,86960.70,Shipped,Bangalore
12780,1374,2022-02-19,23935.07,Delivered,Agra
12781,1725,2022-06-12,91615.63,Cancelled,Patna
12782,1052,2022-09-14,39193.54,Delivered,Nashik
12783,1464,2022-06-02,35881.17,Shipped,Bhopal
12784,1286,2022-07-10,23734.32,Delivered,Lucknow
12785,1171,2023-06-18,98577.67,Delivered,Ludhiana
12786,1636,2022-02-23,13486.26,Delivered,Faridabad
12787,1296,2023-07-16,4665.29,Shipped,Patna
12788,1917,2022-06-21,57259.98,Delivered,Bangalore
12789,1618,2023-12-31,26180.78,Delivered,Agra
12790,1276,2022-07-03,98261.40,Shipped,Bangalore
12791,1567,2023-01-13,44093.17,Delivered,Lucknow
12792,1547,2022-07-11,15403.24,Delivered,Kolkata
12793,1334,2022-06-25,30965.80,Cancelled,Chennai
12794,1833,2022-01-22,37021.10,Delivered,Nagpur
12795,1404,2022-05-19,21474.12,Shipped,Pune
12796,1160,2022-05-16,59187.35,Cancelled,Ahmedabad
12797,1855,2023-01-12,24601.17,Delivered,Jaipur
12798,1474,2022-09-09,46820.20,Delivered,Nashik
12799,1731,2022-09-12,41135.70,Cancelled,Nagpur
12800,1773,2022-02-13,52225.09,Shipped,Surat
12801,1140,2022-01-01,68549.95,Cancelled,Lucknow
12802,1819,2023-05-17,4288.24,Shipped,Hyderabad
12803,1564,2023-07-09,8540.20,Cancelled,Ahmedabad
12804,1478,2023-10-25,27356.39,Delivered,Bhopal
12805,1806,2023-09-13,18579.48,Shipped,Ahmedabad
12806,1770,2022-09-15,4586.50,Shipped,Kolkata
12807,1171,2023-05-31,56689.52,Delivered,Ludhiana
12808,1825,2022-02-07,24436.44,Cancelled,Hyderabad
12809,1377,2022-11-02,9910.50,Shipped,Ludhiana
12810,1392,2023-01-20,2985.84,Delivered,Lucknow
12811,1323,2023-05-14,34728.97,Delivered,Ahmedabad
12812,1221,2023-03-22,66111.25,Delivered,Patna
12813,1461,2023-08-28,63955.80,Delivered,Mumbai
12814,1665,2022-11-06,69786.63,Delivered,Agra
12815,1017,2022-08-21,28048.50,Delivered,Delhi
12816,1499,2023-02-13,15570.81,Shipped,Kolkata
12817,1381,2022-07-29,7205.13,Shipped,Vadodara
12818,1983,2022-02-22,37564.40,Delivered,Delhi
12819,1919,2023-10-18,44106.70,Delivered,Bangalore
12820,1384,2022-02-24,41751.68,Shipped,Jaipur
12821,1909,2023-11-01,9740.53,Delivered,Chennai
12822,1613,2022-10-29,43328.64,Cancelled,Vadodara
12823,1565,2023-05-04,64893.73,Shipped,Faridabad
12824,1070,2022-12-27,3181.64,Delivered,Agra
12825,1945,2023-06-03,56035.66,Delivered,Chennai
12826,1150,2023-12-30,51203.62,Delivered,Chennai
12827,1026,2023-06-06,39615.00,Cancelled,Lucknow
12828,1381,2022-01-25,41951.14,Delivered,Vadodara
12829,1818,2023-09-20,76934.30,Cancelled,Faridabad
12830,1335,2022-10-19,33834.81,Cancelled,Nagpur
12831,1600,2022-05-07,24714.51,Shipped,Surat
12832,1444,2023-06-11,67073.40,Cancelled,Chennai
12833,1747,2023-08-03,28600.55,Delivered,Agra
12834,1956,2023-01-22,31454.84,Shipped,Agra
12835,1750,2023-10-13,27408.99,Delivered,Ahmedabad
12836,1781,2022-07-21,31711.44,Shipped,Faridabad
12837,1283,2023-02-08,51844.08,Delivered,Pune
12838,1311,2022-01-13,55907.78,Delivered,Agra
12839,1429,2023-08-06,2135.05,Delivered,Bhopal
12840,1438,2023-07-15,86649.17,Delivered,Surat
12841,1001,2022-03-09,10947.82,Delivered,Jaipur
12842,1272,2023-05-10,72616.57,Delivered,Chennai
12843,1480,2022-06-19,11188.27,Shipped,Patna
12844,1117,2022-03-23,3398.57,Delivered,Mumbai
12845,1632,2023-01-17,69230.05,Delivered,Vadodara
12846,1591,2023-07-26,25694.48,Delivered,Jaipur
12847,1647,2023-11-12,52464.31,Delivered,Indore
12848,1684,2023-11-30,26972.52,Cancelled,Patna
12849,1533,2023-11-30,73832.54,Cancelled,Agra
12850,1797,2022-09-09,39484.94,Delivered,Bangalore
12851,1445,2023-05-10,26844.64,Cancelled,Chennai
12852,1308,2023-05-26,78237.27,Shipped,Ahmedabad
12853,1053,2023-08-29,7594.07,Delivered,Nashik
12854,1110,2022-06-01,47284.08,Delivered,Agra
12855,1902,2022-09-12,3692.40,Delivered,Ludhiana
12856,1949,2022-04-11,24320.81,Cancelled,Agra
12857,1372,2023-02-27,61195.09,Shipped,Delhi
12858,1581,2022-12-06,30055.52,Delivered,Ahmedabad
12859,1167,2023-10-01,48058.56,Delivered,Bangalore
12860,1794,2022-11-18,51305.78,Delivered,Vadodara
12861,1447,2023-02-20,75159.38,Delivered,Delhi
12862,1425,2023-04-30,26635.44,Delivered,Bhopal
12863,1961,2023-01-15,49104.55,Delivered,Nashik
12864,1499,2023-05-19,20711.67,Shipped,Kolkata
12865,1603,2022-08-08,44096.71,Delivered,Lucknow
12866,1294,2022-09-07,13888.28,Delivered,Chennai
12867,1345,2022-06-13,40008.78,Cancelled,Vadodara
12868,1386,2022-03-26,29861.55,Delivered,Kolkata
12869,1816,2022-01-09,22875.18,Shipped,Bangalore
12870,1505,2022-04-05,63646.80,Delivered,Pune
12871,1053,2022-01-03,32172.37,Delivered,Nashik
12872,1137,2022-10-26,12491.32,Delivered,Mumbai
12873,1696,2023-12-04,35125.90,Delivered,Ahmedabad
12874,1683,2023-08-09,48923.89,Delivered,Bhopal
12875,1915,2022-11-14,4247.60,Delivered,Jaipur
12876,1597,2022-03-26,83886.17,Cancelled,Ludhiana
12877,1001,2022-07-16,21075.54,Shipped,Jaipur
12878,1844,2023-05-18,38344.60,Cancelled,Nashik
12879,1299,2023-09-23,3443.04,Delivered,Pune
12880,1852,2023-09-20,6680.68,Delivered,Jaipur
12881,1474,2023-09-13,643.10,Delivered,Nashik
12882,1659,2023-12-18,26635.44,Shipped,Delhi
12883,1622,2022-08-18,53820.07,Delivered,Jaipur
12884,1403,2022-12-13,54489.25,Shipped,Nashik
12885,1830,2023-04-09,46879.77,Cancelled,Bhopal
12886,1314,2022-10-28,25638.50,Shipped,Ludhiana
12887,1429,2022-08-29,5738.40,Delivered,Bhopal
12888,1683,2022-12-01,18346.00,Shipped,Bhopal
12889,1153,2023-12-22,46775.58,Delivered,Nashik
12890,1061,2023-08-25,57109.02,Delivered,Ahmedabad
12891,1111,2023-04-05,22983.44,Delivered,Vadodara
12892,1290,2022-12-07,72519.95,Cancelled,Chennai
12893,1245,2023-05-09,49999.45,Delivered,Lucknow
12894,1953,2023-10-22,47758.18,Cancelled,Vadodara
12895,1747,2023-08-25,15214.96,Delivered,Agra
12896,1918,2023-04-30,18582.37,Delivered,Ludhiana
12897,1161,2023-02-05,4976.40,Delivered,Faridabad
12898,1051,2022-02-02,72901.96,Delivered,Vadodara
12899,1399,2022-07-11,32717.10,Shipped,Jaipur
12900,1675,2023-02-12,26118.92,Delivered,Ahmedabad
12901,1461,2022-05-17,55974.08,Shipped,Mumbai
12902,1675,2022-11-19,68070.80,Cancelled,Ahmedabad
12903,1889,2023-12-18,23439.86,Delivered,Ludhiana
12904,1978,2022-09-14,50188.10,Shipped,Faridabad
12905,1897,2022-12-09,45037.90,Delivered,Patna
12906,1246,2023-06-10,76771.41,Delivered,Kolkata
12907,1930,2022-07-27,1286.20,Shipped,Patna
12908,1040,2022-01-10,44414.45,Delivered,Agra
12909,1820,2023-09-22,15186.93,Delivered,Faridabad
12910,1108,2023-05-10,22932.50,Cancelled,Indore
12911,1207,2022-08-05,7205.13,Cancelled,Patna
12912,1281,2023-06-28,36620.93,Cancelled,Hyderabad
12913,1605,2023-09-20,6900.82,Delivered,Kolkata
12914,1446,2022-02-10,85547.24,Cancelled,Agra
12915,1561,2022-10-25,9586.15,Shipped,Nagpur
12916,1046,2022-10-19,45145.16,Shipped,Pune
12917,1604,2023-10-05,25449.62,Delivered,Pune
12918,1486,2023-03-04,57745.24,Cancelled,Agra
12919,1586,2022-08-25,27719.78,Cancelled,Jaipur
12920,1229,2023-04-06,54973.30,Delivered,Chennai
12921,1837,2022-08-23,42676.49,Cancelled,Vadodara
12922,1261,2023-02-09,106501.52,Cancelled,Chennai
12923,1235,2022-02-11,3181.64,Shipped,Bangalore
12924,1245,2023-02-11,26850.28,Delivered,Lucknow
12925,1982,2022-03-19,88390.42,Delivered,Vadodara
12926,1549,2023-07-14,20104.06,Delivered,Delhi
12927,1514,2023-10-18,26642.28,Cancelled,Mumbai
12928,1680,2022-02-22,78271.83,Cancelled,Ahmedabad
12929,1219,2023-07-01,84599.63,Delivered,Bhopal
12930,1799,2022-04-29,4583.45,Shipped,Nagpur
12931,1575,2022-12-03,38137.82,Delivered,Lucknow
12932,1015,2023-12-03,29452.23,Delivered,Patna
12933,1663,2022-09-09,86950.54,Delivered,Bhopal
12934,1102,2022-05-13,33294.30,Delivered,Patna
12935,1174,2023-11-05,64141.78,Delivered,Hyderabad
12936,1426,2022-06-15,55268.87,Delivered,Indore
12937,1747,2022-06-17,21095.11,Delivered,Agra
12938,1317,2023-07-10,18384.34,Delivered,Bangalore
12939,1079,2022-06-09,35309.00,Delivered,Nagpur
12940,1977,2022-09-03,8521.40,Delivered,Bangalore
12941,1989,2022-07-03,81794.17,Shipped,Hyderabad
12942,1346,2022-05-05,16448.84,Cancelled,Patna
12943,1477,2023-06-08,18564.74,Cancelled,Bangalore
12944,1285,2022-03-27,34790.56,Delivered,Bangalore
12945,1362,2022-06-30,12265.52,Delivered,Nagpur
12946,1559,2022-09-14,74126.82,Cancelled,Indore
12947,1824,2022-03-30,3936.12,Delivered,Vadodara
12948,1150,2022-12-17,4757.40,Cancelled,Chennai
12949,1199,2023-05-06,37188.40,Delivered,Agra
12950,1031,2022-12-15,47798.81,Shipped,Delhi
12951,1107,2023-06-09,36685.38,Shipped,Agra
12952,1218,2022-06-21,14260.58,Shipped,Jaipur
12953,1793,2023-08-24,50887.08,Delivered,Bhopal
12954,2000,2022-08-21,30331.44,Shipped,Surat
12955,1571,2023-04-14,74181.47,Delivered,Kolkata
12956,1204,2022-02-12,26071.65,Delivered,Faridabad
12957,1004,2023-08-08,36173.07,Delivered,Agra
12958,1665,2022-12-13,70943.49,Delivered,Agra
12959,1993,2022-11-19,36874.23,Delivered,Kolkata
12960,1138,2022-04-09,30375.90,Cancelled,Lucknow
12961,1785,2022-04-30,53964.33,Shipped,Faridabad
12962,1507,2023-07-21,26267.49,Delivered,Ludhiana
12963,1123,2023-10-02,78670.26,Delivered,Indore
12964,1252,2022-11-16,67487.78,Shipped,Indore
12965,1301,2022-02-09,56918.27,Delivered,Hyderabad
12966,1962,2022-11-04,14273.06,Delivered,Surat
12967,1713,2022-09-22,5736.64,Delivered,Indore
12968,1288,2022-12-15,53656.96,Delivered,Nagpur
12969,1999,2023-06-28,62614.75,Shipped,Mumbai
12970,1316,2022-11-04,77582.38,Delivered,Indore
12971,1292,2022-12-02,41874.70,Delivered,Kolkata
12972,1891,2022-05-21,8310.63,Cancelled,Bhopal
12973,1614,2022-04-13,12401.04,Delivered,Pune
12974,1999,2022-09-28,82654.81,Delivered,Mumbai
12975,1910,2022-05-07,55166.34,Delivered,Kolkata
12976,1597,2022-03-22,50091.74,Delivered,Ludhiana
12977,1319,2023-07-18,101035.44,Delivered,Surat
12978,1832,2023-12-31,17150.87,Cancelled,Pune
12979,1892,2023-12-09,22903.31,Cancelled,Indore
12980,1674,2022-11-01,33927.00,Shipped,Kolkata
12981,1771,2022-02-11,38114.90,Shipped,Faridabad
12982,1096,2023-11-05,31874.03,Delivered,Kolkata
12983,1141,2022-03-12,34554.28,Cancelled,Surat
12984,1005,2022-04-20,47930.75,Delivered,Mumbai
12985,1481,2023-01-05,3472.07,Delivered,Bhopal
12986,1271,2022-06-12,2985.84,Cancelled,Hyderabad
12987,1917,2022-09-11,78474.65,Delivered,Bangalore
12988,1190,2023-10-27,20229.39,Delivered,Surat
12989,1646,2022-01-18,33635.84,Delivered,Ahmedabad
12990,1174,2023-11-30,25563.62,Shipped,Hyderabad
12991,1006,2023-11-29,18109.49,Delivered,Chennai
12992,1591,2022-07-12,67241.37,Delivered,Jaipur
12993,1061,2023-03-17,16701.70,Shipped,Ahmedabad
12994,1198,2023-06-25,7928.40,Delivered,Ahmedabad
12995,1415,2023-08-28,27027.38,Cancelled,Patna
12996,1295,2022-10-03,78282.01,Delivered,Pune
12997,1724,2023-03-07,15478.93,Cancelled,Nagpur
12998,1510,2022-01-02,49068.33,Shipped,Lucknow
12999,1605,2022-07-15,7025.18,Delivered,Kolkata
13000,1591,2022-07-08,28712.75,Cancelled,Jaipur
13001,1123,2023-11-19,10490.70,Delivered,Indore
13002,1237,2022-09-13,65003.50,Delivered,Patna
13003,1701,2023-02-09,19055.51,Delivered,Delhi
13004,1284,2022-04-26,74755.55,Delivered,Bhopal
13005,1735,2022-04-24,29153.28,Delivered,Nashik
13006,1424,2022-04-20,3340.34,Shipped,Ludhiana
13007,1148,2022-05-31,24009.60,Delivered,Delhi
13008,1890,2023-01-13,18558.84,Shipped,Lucknow
13009,1388,2023-11-07,6642.66,Delivered,Delhi
13010,1455,2023-11-11,41789.12,Delivered,Ahmedabad
13011,1212,2023-02-03,54909.69,Delivered,Indore
13012,1502,2023-05-16,20510.80,Shipped,Vadodara
13013,1051,2022-09-16,50474.50,Shipped,Vadodara
13014,1163,2022-03-04,48623.81,Delivered,Bhopal
13015,1767,2023-04-15,22605.63,Delivered,Lucknow
13016,1424,2022-04-24,67657.29,Delivered,Ludhiana
13017,1291,2022-10-14,13317.72,Delivered,Lucknow
13018,1485,2023-06-27,4169.00,Shipped,Nagpur
13019,1357,2022-11-07,18647.49,Shipped,Ahmedabad
13020,1206,2023-12-06,42913.86,Shipped,Chennai
13021,1987,2023-02-04,74408.32,Shipped,Indore
13022,1226,2023-03-25,36647.12,Delivered,Surat
13023,1800,2022-08-29,6456.06,Shipped,Ludhiana
13024,1225,2023-07-19,7701.62,Delivered,Kolkata
13025,1113,2022-10-02,28820.52,Cancelled,Indore
13026,1261,2023-12-08,60475.97,Cancelled,Chennai
13027,1819,2022-11-14,26345.34,Delivered,Hyderabad
13028,1065,2023-08-04,139.69,Delivered,Chennai
13029,1248,2022-10-17,89913.98,Delivered,Jaipur
13030,1776,2023-11-16,91446.78,Cancelled,Mumbai
13031,1589,2023-06-27,17896.25,Shipped,Indore
13032,1542,2022-01-04,46577.69,Delivered,Chennai
13033,1336,2023-12-08,54168.04,Shipped,Patna
13034,1582,2022-12-16,52176.56,Delivered,Delhi
13035,1192,2022-04-22,21173.02,Shipped,Jaipur
13036,1258,2023-12-14,24802.08,Cancelled,Hyderabad
13037,1205,2023-10-06,60508.51,Cancelled,Nagpur
13038,1579,2023-08-01,112306.81,Shipped,Pune
13039,1484,2023-10-02,129117.73,Delivered,Indore
13040,1333,2022-02-16,3692.40,Delivered,Mumbai
13041,1483,2022-09-04,73381.40,Shipped,Ahmedabad
13042,1234,2023-03-18,36498.62,Delivered,Patna
13043,1707,2022-03-20,59429.39,Delivered,Indore
13044,1237,2023-02-25,77651.73,Delivered,Patna
13045,1479,2023-02-27,51958.81,Delivered,Faridabad
13046,1106,2023-11-29,37319.72,Cancelled,Chennai
13047,1452,2022-05-19,27182.76,Delivered,Ahmedabad
13048,1224,2023-01-15,8540.20,Delivered,Mumbai
13049,1012,2023-08-25,40222.70,Delivered,Ahmedabad
13050,1659,2023-08-26,5297.49,Delivered,Delhi
13051,1096,2022-12-15,37618.12,Cancelled,Kolkata
13052,1122,2022-04-06,63444.08,Cancelled,Hyderabad
13053,1550,2023-10-07,56885.03,Delivered,Hyderabad
13054,1046,2023-05-03,41673.97,Cancelled,Pune
13055,1172,2023-11-05,4674.27,Delivered,Vadodara
13056,1949,2023-05-17,40265.20,Delivered,Agra
13057,1815,2023-02-26,68454.73,Delivered,Indore
13058,1091,2023-05-31,9740.53,Cancelled,Ludhiana
13059,1285,2022-01-01,82758.53,Delivered,Bangalore
13060,1958,2023-01-01,87349.75,Cancelled,Chennai
13061,1713,2022-06-18,30702.52,Delivered,Indore
13062,1643,2023-08-09,49660.75,Delivered,Surat
13063,1198,2022-06-26,51272.30,Delivered,Ahmedabad
13064,1756,2022-02-16,8238.17,Delivered,Delhi
13065,1848,2022-08-03,94727.52,Delivered,Agra
13066,1472,2022-03-04,28175.96,Delivered,Nashik
13067,1634,2022-05-18,22932.50,Delivered,Lucknow
13068,1376,2023-10-05,43107.79,Delivered,Nagpur
13069,1855,2023-12-05,60423.17,Delivered,Jaipur
13070,1854,2022-06-12,39104.47,Delivered,Pune
13071,1176,2023-01-19,10255.40,Delivered,Hyderabad
13072,1701,2023-03-07,78109.29,Delivered,Delhi
13073,1217,2022-03-16,1843.12,Delivered,Lucknow
13074,1446,2022-08-23,80238.08,Delivered,Agra
13075,1273,2024-01-01,82076.39,Cancelled,Pune
13076,1906,2023-11-25,27830.44,Cancelled,Bhopal
13077,1921,2023-08-23,25833.93,Shipped,Delhi
13078,1162,2023-09-01,51225.34,Cancelled,Ludhiana
13079,1221,2023-04-05,1990.56,Cancelled,Patna
13080,1857,2023-04-01,10979.64,Delivered,Mumbai
13081,1621,2022-08-08,9199.14,Delivered,Mumbai
13082,1201,2023-02-20,29434.91,Cancelled,Kolkata
13083,1477,2022-04-04,14030.02,Delivered,Bangalore
13084,1816,2023-12-13,72835.72,Delivered,Bangalore
13085,1236,2023-12-19,42318.56,Delivered,Agra
13086,1574,2023-05-06,41163.96,Cancelled,Chennai
13087,1730,2022-05-19,31886.64,Delivered,Hyderabad
13088,1552,2022-08-26,68893.35,Delivered,Ahmedabad
13089,1930,2022-02-21,26487.45,Cancelled,Patna
13090,1557,2022-03-17,31909.30,Cancelled,Chennai
13091,1086,2022-12-14,42903.14,Delivered,Ludhiana
13092,1266,2022-09-25,21764.36,Delivered,Indore
13093,1848,2022-07-02,3325.11,Shipped,Agra
13094,1871,2022-07-30,54653.00,Delivered,Agra
13095,1716,2023-10-14,51184.89,Delivered,Kolkata
13096,1640,2023-03-29,31882.80,Cancelled,Indore
13097,1083,2022-11-26,27408.99,Delivered,Ahmedabad
13098,1868,2022-12-12,20015.39,Delivered,Ludhiana
13099,1799,2022-01-28,12201.24,Delivered,Nagpur
13100,1884,2022-02-01,33034.40,Delivered,Surat
13101,1776,2023-10-15,37591.58,Delivered,Mumbai
13102,1705,2022-07-14,75601.17,Delivered,Surat
13103,1450,2023-07-06,8882.89,Delivered,Faridabad
13104,1807,2023-10-08,15143.55,Cancelled,Ludhiana
13105,1027,2022-06-03,79912.20,Delivered,Ludhiana
13106,1389,2023-11-20,107234.91,Cancelled,Vadodara
13107,1662,2022-10-24,48692.25,Delivered,Patna
13108,1164,2022-03-29,65210.00,Delivered,Jaipur
13109,1615,2023-11-16,1230.80,Shipped,Faridabad
13110,1295,2023-05-18,110517.19,Delivered,Pune
13111,1155,2022-06-29,68677.44,Delivered,Jaipur
13112,1514,2023-09-29,47930.75,Delivered,Mumbai
13113,1389,2023-04-26,5127.70,Shipped,Vadodara
13114,1479,2022-01-27,23832.21,Delivered,Faridabad
13115,1003,2023-11-09,43067.89,Delivered,Jaipur
13116,1387,2022-12-20,24871.46,Delivered,Bhopal
13117,1371,2023-06-13,50182.37,Delivered,Bhopal
13118,1415,2023-01-22,59982.22,Delivered,Patna
13119,1423,2022-06-02,42611.14,Cancelled,Hyderabad
13120,1234,2022-11-26,12757.76,Delivered,Patna
13121,1375,2022-11-14,57714.98,Cancelled,Chennai
13122,1385,2022-02-12,23591.13,Delivered,Faridabad
13123,1641,2023-04-27,24575.04,Delivered,Indore
13124,1247,2023-02-25,6650.22,Cancelled,Nagpur
13125,1572,2023-04-17,63271.27,Delivered,Bhopal
13126,1791,2023-10-02,27086.77,Cancelled,Nashik
13127,1190,2022-05-09,97963.74,Delivered,Surat
13128,1822,2022-02-18,10442.24,Shipped,Faridabad
13129,1259,2023-06-26,74373.33,Cancelled,Vadodara
13130,1938,2023-06-26,44263.56,Delivered,Nashik
13131,1641,2022-09-22,23513.43,Delivered,Indore
13132,1561,2023-05-01,9439.20,Delivered,Nagpur
13133,1529,2022-07-18,22220.40,Delivered,Ludhiana
13134,1542,2023-10-26,28912.10,Delivered,Chennai
13135,1249,2022-06-08,31852.72,Delivered,Agra
13136,1714,2023-02-14,39338.88,Delivered,Mumbai
13137,1744,2022-06-24,13300.44,Delivered,Kolkata
13138,1418,2022-11-01,18579.48,Delivered,Nagpur
13139,1901,2023-03-06,22486.76,Delivered,Mumbai
13140,1378,2023-06-26,8338.00,Delivered,Ludhiana
13141,1318,2022-09-15,24055.08,Delivered,Nashik
13142,1842,2023-02-04,15015.65,Shipped,Pune
13143,1161,2022-12-30,20305.50,Delivered,Faridabad
13144,1776,2022-10-25,21453.04,Delivered,Mumbai
13145,1192,2023-02-17,68209.46,Delivered,Jaipur
13146,1349,2023-07-11,19029.60,Delivered,Patna
13147,1197,2022-01-24,46910.05,Shipped,Jaipur
13148,1387,2022-11-12,59122.69,Delivered,Bhopal
13149,1884,2022-10-25,59118.86,Cancelled,Surat
13150,1518,2022-01-24,9173.00,Delivered,Patna
13151,1378,2022-09-05,27159.76,Cancelled,Ludhiana
13152,1532,2022-07-02,45631.91,Delivered,Pune
13153,1340,2022-05-18,48749.68,Delivered,Ahmedabad
13154,1690,2023-12-06,10491.38,Delivered,Mumbai
13155,1704,2023-10-17,6193.16,Delivered,Delhi
13156,1245,2022-07-29,24982.64,Delivered,Lucknow
13157,1994,2022-12-30,60274.44,Cancelled,Bangalore
13158,1264,2023-08-25,16992.85,Delivered,Bangalore
13159,1405,2022-08-16,32116.39,Delivered,Lucknow
13160,1093,2022-04-07,44032.80,Shipped,Bangalore
13161,1539,2023-04-23,22610.67,Delivered,Nashik
13162,1558,2022-02-19,60027.80,Delivered,Hyderabad
13163,1247,2023-08-31,69074.64,Delivered,Nagpur
13164,1505,2022-08-10,45437.36,Delivered,Pune
13165,1232,2022-02-10,56020.03,Delivered,Ludhiana
13166,1741,2022-03-20,22788.00,Cancelled,Hyderabad
13167,1780,2023-06-02,15727.42,Delivered,Delhi
13168,1399,2022-04-08,9910.50,Cancelled,Jaipur
13169,1879,2023-02-21,93638.41,Cancelled,Bangalore
13170,1914,2022-01-09,31495.94,Delivered,Indore
13171,1214,2022-01-28,88686.92,Delivered,Nashik
13172,1601,2022-04-20,42106.59,Shipped,Hyderabad
13173,1115,2023-07-17,25930.42,Cancelled,Kolkata
13174,1537,2022-01-14,17252.44,Shipped,Patna
13175,1342,2023-04-29,89412.46,Shipped,Patna
13176,1271,2022-10-18,47929.87,Cancelled,Hyderabad
13177,1123,2023-03-02,34123.84,Cancelled,Indore
13178,1697,2022-08-07,41156.05,Cancelled,Nashik
13179,1812,2022-12-21,45660.79,Delivered,Mumbai
13180,1079,2022-11-15,772.06,Delivered,Nagpur
13181,1892,2023-06-23,45322.25,Cancelled,Indore
13182,1294,2022-04-22,6172.46,Delivered,Chennai
13183,1237,2023-02-11,56607.34,Delivered,Patna
13184,1859,2022-01-28,44877.89,Shipped,Indore
13185,1200,2022-06-24,67920.28,Delivered,Lucknow
13186,1965,2022-08-09,41436.18,Cancelled,Faridabad
13187,1152,2022-03-17,24839.34,Delivered,Ludhiana
13188,1344,2022-12-12,33530.47,Delivered,Nagpur
13189,1262,2022-02-07,34165.90,Delivered,Vadodara
13190,1134,2023-06-17,1158.09,Delivered,Ahmedabad
13191,1850,2023-01-11,2123.80,Delivered,Nashik
13192,1244,2023-05-20,31046.32,Shipped,Hyderabad
13193,1446,2022-02-17,68736.20,Delivered,Agra
13194,1120,2022-05-12,5564.84,Delivered,Nashik
13195,1962,2022-02-13,51381.38,Delivered,Surat
13196,1533,2022-07-28,5782.42,Shipped,Agra
13197,1906,2023-09-15,56708.86,Delivered,Bhopal
13198,1396,2022-06-07,4757.40,Delivered,Delhi
13199,1329,2022-08-06,2283.81,Delivered,Lucknow
13200,1787,2022-08-12,52948.58,Delivered,Ahmedabad
13201,1365,2022-02-23,66119.25,Cancelled,Lucknow
13202,1564,2022-07-07,8360.46,Delivered,Ahmedabad
13203,1498,2023-10-04,55642.77,Shipped,Hyderabad
13204,1782,2023-07-29,27599.44,Delivered,Vadodara
13205,1637,2022-08-04,42584.45,Delivered,Chennai
13206,1298,2022-02-11,54072.54,Delivered,Nagpur
13207,1918,2023-07-22,29744.19,Cancelled,Ludhiana
13208,1459,2022-07-18,38017.77,Delivered,Chennai
13209,1489,2023-11-15,22782.21,Cancelled,Nashik
13210,1140,2023-02-22,13936.60,Delivered,Lucknow
13211,1661,2023-01-19,82814.01,Delivered,Bangalore
13212,1055,2022-04-15,48702.65,Shipped,Indore
13213,1708,2023-12-12,6921.96,Delivered,Delhi
13214,1520,2023-01-13,2130.35,Cancelled,Kolkata
13215,1725,2022-03-08,69816.20,Delivered,Patna
13216,1588,2022-07-06,46647.17,Shipped,Delhi
13217,1262,2023-08-20,28253.54,Shipped,Vadodara
13218,1775,2023-09-05,11147.28,Cancelled,Hyderabad
13219,1966,2023-10-03,103058.61,Cancelled,Bangalore
13220,1587,2023-01-20,8987.34,Delivered,Ahmedabad
13221,1851,2023-07-20,47966.20,Cancelled,Jaipur
13222,1764,2023-11-24,279.38,Shipped,Ludhiana
13223,1092,2023-06-19,51163.91,Cancelled,Lucknow
13224,1803,2023-01-10,12963.03,Cancelled,Vadodara
13225,1255,2022-05-31,62093.91,Delivered,Nashik
13226,1302,2022-01-22,21075.54,Delivered,Patna
13227,1584,2023-09-26,48872.62,Delivered,Mumbai
13228,1977,2022-06-29,35864.52,Delivered,Bangalore
13229,1190,2022-08-17,28743.92,Delivered,Surat
13230,1795,2023-03-17,50976.88,Cancelled,Agra
13231,1984,2022-02-26,17035.26,Delivered,Delhi
13232,1572,2023-04-30,68077.29,Delivered,Bhopal
13233,1469,2023-03-04,38340.06,Delivered,Lucknow
13234,1658,2023-03-29,39349.90,Delivered,Pune
13235,1317,2023-07-30,52426.79,Delivered,Bangalore
13236,1533,2023-09-14,17642.48,Cancelled,Agra
13237,1930,2023-01-06,50125.66,Cancelled,Patna
13238,1142,2023-11-05,12726.56,Delivered,Kolkata
13239,1857,2022-10-19,16352.13,Delivered,Mumbai
13240,1984,2023-02-22,45594.91,Delivered,Delhi
13241,1146,2023-12-13,80248.16,Shipped,Chennai
13242,1350,2022-01-31,5720.11,Delivered,Pune
13243,1416,2023-08-28,39173.71,Cancelled,Hyderabad
13244,1693,2022-05-31,56468.90,Delivered,Pune
13245,1096,2023-07-18,47344.07,Shipped,Kolkata
13246,1353,2023-02-21,9718.42,Delivered,Ahmedabad
13247,1016,2023-07-30,63595.07,Shipped,Jaipur
13248,1101,2023-11-20,8238.17,Delivered,Ludhiana
13249,1785,2022-07-14,52062.21,Delivered,Faridabad
13250,1586,2022-12-11,32839.80,Delivered,Jaipur
13251,1258,2022-07-16,25168.13,Shipped,Hyderabad
13252,1555,2022-06-02,53761.39,Delivered,Vadodara
13253,1871,2023-06-06,12024.38,Delivered,Agra
13254,1876,2022-01-31,13995.87,Delivered,Ahmedabad
13255,1490,2022-08-18,15888.14,Cancelled,Lucknow
13256,1445,2023-09-07,77653.78,Shipped,Chennai
13257,1065,2022-02-26,2084.50,Shipped,Chennai
13258,1516,2022-07-26,22637.66,Delivered,Agra
13259,1834,2023-09-19,42376.90,Delivered,Jaipur
13260,1050,2022-03-09,13205.49,Delivered,Indore
13261,1627,2023-10-26,42430.27,Delivered,Jaipur
13262,1645,2023-09-14,55335.61,Delivered,Kolkata
13263,1056,2023-04-10,68790.07,Delivered,Delhi
13264,1884,2023-10-07,60461.43,Cancelled,Surat
13265,1973,2023-03-30,61894.19,Delivered,Patna
13266,1052,2023-01-13,59313.61,Delivered,Nashik
13267,1277,2022-01-18,50797.03,Shipped,Nashik
13268,1454,2023-09-06,101254.51,Delivered,Nagpur
13269,1060,2023-04-05,33102.94,Shipped,Patna
13270,1782,2023-02-26,5598.60,Cancelled,Vadodara
13271,1141,2022-12-19,25862.19,Delivered,Surat
13272,1764,2023-05-19,15553.56,Shipped,Ludhiana
13273,1945,2023-01-29,8568.11,Delivered,Chennai
13274,1579,2023-12-18,50828.37,Delivered,Pune
13275,1788,2022-09-27,8535.94,Cancelled,Patna
13276,1691,2023-07-01,19558.33,Delivered,Indore
13277,1204,2022-07-27,50057.32,Delivered,Faridabad
13278,1960,2022-05-16,17284.04,Delivered,Lucknow
13279,1367,2022-06-25,9199.14,Shipped,Ludhiana
13280,1112,2023-04-24,41667.69,Delivered,Pune
13281,1476,2022-01-11,40041.90,Delivered,Indore
13282,1695,2022-04-15,23129.68,Delivered,Jaipur
13283,1001,2023-01-24,3325.11,Shipped,Jaipur
13284,1244,2023-06-10,48844.62,Delivered,Hyderabad
13285,1136,2023-04-24,40054.76,Cancelled,Jaipur
13286,2000,2022-12-20,32712.72,Delivered,Surat
13287,1224,2023-04-04,68181.72,Cancelled,Mumbai
13288,1304,2022-11-11,33176.96,Delivered,Delhi
13289,1744,2022-06-22,78047.65,Delivered,Kolkata
13290,1049,2022-05-25,37103.78,Delivered,Kolkata
13291,1523,2022-02-14,6193.16,Delivered,Pune
13292,1442,2022-10-10,3293.14,Delivered,Ludhiana
13293,1243,2023-04-08,59649.12,Delivered,Agra
13294,1852,2022-04-15,37798.72,Cancelled,Jaipur
13295,1111,2022-05-26,31765.04,Shipped,Vadodara
13296,1684,2023-06-10,20370.87,Delivered,Patna
13297,1077,2022-01-15,31776.28,Delivered,Nagpur
13298,1900,2023-05-19,42818.97,Cancelled,Indore
13299,1550,2022-07-06,6658.86,Delivered,Hyderabad
13300,1268,2023-06-16,13759.50,Shipped,Bangalore
13301,1176,2023-08-10,29831.98,Shipped,Hyderabad
13302,1804,2023-12-05,6432.36,Delivered,Ludhiana
13303,1777,2023-03-13,1544.12,Delivered,Bangalore
13304,1896,2023-07-07,55792.92,Delivered,Mumbai
13305,1869,2023-06-12,72524.03,Delivered,Delhi
13306,1419,2022-01-30,19277.68,Cancelled,Kolkata
13307,1769,2023-04-06,69277.81,Delivered,Bhopal
13308,1505,2023-12-21,22372.49,Shipped,Pune
13309,1413,2023-11-29,51570.36,Delivered,Surat
13310,1465,2023-05-05,13915.22,Shipped,Agra
13311,1882,2023-05-24,28303.76,Shipped,Indore
13312,1531,2022-05-31,39318.55,Delivered,Lucknow
13313,1374,2022-01-03,82086.27,Delivered,Agra
13314,1087,2023-11-06,9960.72,Delivered,Agra
13315,1230,2023-10-07,53637.73,Delivered,Vadodara
13316,1089,2023-02-07,9975.33,Delivered,Lucknow
13317,1016,2022-12-10,48475.35,Shipped,Jaipur
13318,1960,2022-04-18,27820.96,Shipped,Lucknow
13319,1584,2022-06-03,1521.84,Cancelled,Mumbai
13320,1667,2022-06-28,65113.43,Cancelled,Faridabad
13321,1143,2022-12-02,18601.56,Shipped,Ludhiana
13322,1774,2023-09-01,25173.52,Cancelled,Mumbai
13323,1605,2023-07-02,54419.05,Delivered,Kolkata
13324,1241,2023-03-17,29109.38,Cancelled,Chennai
13325,1296,2023-07-14,67893.53,Delivered,Patna
13326,1130,2022-02-08,16738.92,Delivered,Ahmedabad
13327,1975,2023-09-12,22120.94,Delivered,Patna
13328,1679,2023-07-10,16701.70,Cancelled,Kolkata
13329,1734,2023-12-10,17082.32,Delivered,Indore
13330,1664,2022-05-14,60052.14,Cancelled,Hyderabad
13331,1346,2023-09-17,36867.30,Delivered,Patna
13332,1663,2022-03-28,105144.14,Shipped,Bhopal
13333,1642,2023-07-13,26154.64,Delivered,Delhi
13334,1712,2023-11-02,20966.76,Delivered,Nashik
13335,1946,2022-07-03,16105.59,Cancelled,Faridabad
13336,1412,2023-04-04,61944.92,Delivered,Ahmedabad
13337,1553,2023-11-04,68460.26,Cancelled,Delhi
13338,1463,2022-10-09,51882.17,Delivered,Faridabad
13339,1987,2023-09-21,15779.31,Shipped,Indore
13340,1507,2023-09-18,7051.56,Shipped,Ludhiana
13341,1555,2022-06-03,71826.25,Cancelled,Vadodara
13342,1938,2023-03-23,87284.63,Delivered,Nashik
13343,1858,2022-05-13,45382.49,Cancelled,Ahmedabad
13344,1201,2023-05-21,81414.97,Delivered,Kolkata
13345,1810,2023-10-21,51469.28,Cancelled,Nagpur
13346,1001,2023-02-13,68308.08,Delivered,Jaipur
13347,1378,2022-02-23,40857.47,Delivered,Ludhiana
13348,1680,2023-01-05,89329.89,Shipped,Ahmedabad
13349,1391,2023-09-27,6432.36,Shipped,Faridabad
13350,1583,2022-02-09,34489.70,Delivered,Ahmedabad
13351,1172,2022-10-14,44204.48,Delivered,Vadodara
13352,1798,2022-12-17,90698.07,Delivered,Delhi
13353,1258,2022-07-06,13300.44,Shipped,Hyderabad
13354,1472,2023-08-31,34512.38,Delivered,Nashik
13355,1362,2023-09-19,31658.46,Delivered,Nagpur
13356,1650,2022-05-17,19117.97,Cancelled,Vadodara
13357,1868,2022-10-03,55330.80,Delivered,Ludhiana
13358,1888,2022-07-19,39400.44,Cancelled,Bhopal
13359,1957,2022-04-16,113554.56,Delivered,Bangalore
13360,1267,2022-03-23,13052.66,Delivered,Surat
13361,1192,2023-06-30,4586.50,Shipped,Jaipur
13362,1183,2022-12-18,54771.36,Cancelled,Surat
13363,1176,2023-02-18,37960.00,Delivered,Hyderabad
13364,1890,2023-12-13,66833.90,Cancelled,Lucknow
13365,1623,2023-12-04,24970.88,Delivered,Jaipur
13366,1882,2023-06-01,95430.72,Shipped,Indore
13367,1379,2023-01-10,5968.12,Shipped,Surat
13368,1532,2022-09-27,4976.40,Cancelled,Pune
13369,1333,2022-01-17,85254.23,Shipped,Mumbai
13370,1792,2023-11-28,49850.66,Delivered,Bhopal
13371,1230,2022-01-08,27603.28,Cancelled,Vadodara
13372,1123,2023-11-23,23835.82,Cancelled,Indore
13373,1077,2022-04-26,16072.64,Cancelled,Nagpur
13374,1496,2022-06-18,20335.40,Cancelled,Vadodara
13375,1854,2023-12-23,18661.16,Delivered,Pune
13376,1276,2022-02-08,35864.88,Delivered,Bangalore
13377,1216,2023-02-08,41553.15,Delivered,Faridabad
13378,1301,2023-04-10,5564.84,Delivered,Hyderabad
13379,1208,2022-04-20,64078.22,Delivered,Bangalore
13380,1375,2023-09-27,28267.63,Shipped,Chennai
13381,1488,2023-06-22,36069.63,Shipped,Indore
13382,1459,2022-11-21,6797.14,Cancelled,Chennai
13383,1273,2022-06-03,33060.30,Delivered,Pune
13384,1291,2022-03-31,18108.84,Delivered,Lucknow
13385,1182,2023-04-13,29743.04,Cancelled,Vadodara
13386,1971,2022-05-05,23210.94,Cancelled,Indore
13387,1485,2023-07-29,71973.06,Delivered,Nagpur
13388,1776,2023-05-05,18389.08,Delivered,Mumbai
13389,1133,2022-08-29,34931.36,Cancelled,Vadodara
13390,1572,2022-12-23,68429.86,Delivered,Bhopal
13391,1958,2022-12-05,44877.09,Shipped,Chennai
13392,1427,2022-03-01,19481.06,Cancelled,Bangalore
13393,1519,2023-03-02,58261.88,Shipped,Bangalore
13394,1552,2023-03-29,78772.98,Delivered,Ahmedabad
13395,1142,2023-05-20,81889.67,Cancelled,Kolkata
13396,1346,2023-11-17,25583.24,Delivered,Patna
13397,1751,2023-08-26,51769.96,Delivered,Bhopal
13398,1816,2022-11-21,54551.54,Cancelled,Bangalore
13399,1295,2022-07-02,65480.06,Delivered,Pune
13400,1981,2023-09-22,6423.62,Delivered,Kolkata
13401,1832,2023-12-11,48854.13,Delivered,Pune
13402,1027,2022-05-20,1607.75,Delivered,Ludhiana
13403,1904,2022-02-10,21960.80,Delivered,Hyderabad
13404,1382,2023-10-17,38458.98,Delivered,Surat
13405,1075,2022-08-31,17347.26,Delivered,Bhopal
13406,1819,2022-11-30,15588.34,Delivered,Hyderabad
13407,1214,2022-01-06,37510.22,Shipped,Nashik
13408,1035,2023-06-19,21802.84,Shipped,Patna
13409,1569,2022-07-06,9141.20,Delivered,Indore
13410,1311,2022-10-19,41148.12,Cancelled,Agra
13411,1632,2023-01-28,41131.42,Cancelled,Vadodara
13412,1734,2023-05-18,19594.44,Delivered,Indore
13413,1434,2023-04-05,89932.57,Shipped,Kolkata
13414,1737,2022-10-27,31659.15,Delivered,Hyderabad
13415,1765,2022-01-07,11147.28,Cancelled,Surat
13416,1757,2023-12-22,28912.10,Delivered,Lucknow
13417,1295,2022-08-03,50273.39,Delivered,Pune
13418,1539,2022-08-12,47555.96,Delivered,Nashik
13419,1725,2023-07-11,36750.85,Delivered,Patna
13420,1755,2022-05-17,11411.22,Delivered,Agra
13421,1130,2022-07-24,31282.05,Delivered,Ahmedabad
13422,1642,2022-11-09,32239.18,Delivered,Delhi
13423,1387,2022-01-09,60850.79,Cancelled,Bhopal
13424,1251,2023-03-02,107379.28,Delivered,Surat
13425,1209,2023-07-21,36915.16,Delivered,Kolkata
13426,1546,2022-06-19,85866.82,Shipped,Patna
13427,1532,2023-12-25,93691.61,Shipped,Pune
13428,1182,2022-07-05,31705.70,Shipped,Vadodara
13429,1476,2022-11-25,38883.90,Delivered,Indore
13430,1576,2023-10-05,110432.10,Delivered,Bhopal
13431,1389,2022-06-08,86655.32,Delivered,Vadodara
13432,1334,2022-05-26,58461.20,Cancelled,Chennai
13433,1837,2023-11-17,15331.90,Shipped,Vadodara
13434,1922,2023-11-05,4665.29,Delivered,Lucknow
13435,1402,2022-02-24,4586.50,Delivered,Surat
13436,1736,2023-03-27,17309.52,Shipped,Surat
13437,1180,2022-03-06,43814.12,Delivered,Ahmedabad
13438,1204,2023-03-30,61638.83,Delivered,Faridabad
13439,1949,2023-08-02,1230.80,Delivered,Agra
13440,1980,2022-01-30,27449.10,Delivered,Patna
13441,1159,2023-08-14,16383.36,Cancelled,Kolkata
13442,1220,2023-02-26,69140.70,Delivered,Faridabad
13443,1751,2023-03-14,24028.05,Cancelled,Bhopal
13444,1078,2023-10-18,20277.00,Cancelled,Indore
13445,1564,2022-05-28,71792.33,Delivered,Ahmedabad
13446,1333,2023-10-31,13280.96,Delivered,Mumbai
13447,1809,2023-08-15,22972.58,Cancelled,Bangalore
13448,1209,2022-11-24,29565.54,Delivered,Kolkata
13449,1274,2023-03-04,34255.94,Shipped,Pune
13450,1755,2023-05-20,16383.36,Shipped,Agra
13451,1297,2022-09-11,2084.50,Cancelled,Agra
13452,1341,2022-09-25,39339.63,Cancelled,Lucknow
13453,1831,2023-05-26,27599.14,Delivered,Kolkata
13454,1185,2023-04-03,15331.90,Cancelled,Indore
13455,1450,2022-01-03,6743.13,Delivered,Faridabad
13456,1451,2022-03-13,48203.90,Delivered,Surat
13457,1253,2023-11-14,4260.70,Shipped,Bangalore
13458,1778,2023-06-24,19350.15,Delivered,Bangalore
13459,1220,2023-05-18,27544.31,Delivered,Faridabad
13460,1142,2023-08-17,6253.50,Cancelled,Kolkata
13461,1249,2022-05-14,79658.00,Delivered,Agra
13462,1138,2023-01-09,16352.13,Delivered,Lucknow
13463,1562,2022-07-12,36361.10,Delivered,Faridabad
13464,1272,2023-07-22,86358.05,Shipped,Chennai
13465,1532,2023-05-31,52202.52,Cancelled,Pune
13466,1449,2022-12-24,33307.73,Delivered,Kolkata
13467,1684,2023-06-11,20335.40,Delivered,Patna
13468,1653,2023-07-02,25927.74,Delivered,Hyderabad
13469,1818,2022-02-11,18384.34,Delivered,Faridabad
13470,1310,2022-08-30,43364.37,Delivered,Bhopal
13471,1835,2023-08-10,62095.99,Cancelled,Ludhiana
13472,1329,2022-04-23,27039.75,Delivered,Lucknow
13473,1856,2022-06-16,16352.13,Cancelled,Hyderabad
13474,1921,2022-04-06,84301.62,Delivered,Delhi
13475,1659,2023-08-15,26538.67,Cancelled,Delhi
13476,1768,2022-12-23,16120.08,Delivered,Surat
13477,1311,2022-07-23,47480.83,Cancelled,Agra
13478,1198,2022-02-28,21998.82,Delivered,Ahmedabad
13479,1934,2022-01-06,2144.12,Shipped,Surat
13480,1085,2022-08-04,7907.91,Shipped,Faridabad
13481,1096,2023-09-16,21615.39,Delivered,Kolkata
13482,1408,2022-02-19,60449.08,Delivered,Surat
13483,1119,2022-08-01,63390.37,Shipped,Chennai
13484,1420,2023-04-23,36215.09,Delivered,Patna
13485,1055,2022-04-28,23380.94,Delivered,Indore
13486,1119,2022-04-26,6650.22,Delivered,Chennai
13487,1133,2022-07-05,21452.18,Cancelled,Vadodara
13488,1739,2022-02-02,14721.53,Delivered,Surat
13489,1678,2023-06-26,75360.03,Delivered,Lucknow
13490,1203,2023-09-30,28476.68,Delivered,Ahmedabad
13491,1038,2022-10-28,1119.72,Shipped,Jaipur
13492,1390,2022-12-12,22782.21,Delivered,Agra
13493,1677,2022-07-03,17160.33,Delivered,Pune
13494,1796,2023-06-18,18346.00,Delivered,Ahmedabad
13495,1181,2022-04-13,21064.56,Delivered,Mumbai
13496,1809,2023-07-26,48159.64,Cancelled,Bangalore
13497,1144,2022-12-12,37594.85,Cancelled,Jaipur
13498,1681,2022-12-01,53835.80,Delivered,Vadodara
13499,1611,2022-10-21,16637.96,Delivered,Bangalore
13500,1861,2023-08-29,9434.73,Delivered,Patna
13501,1991,2022-12-25,21802.84,Delivered,Faridabad
13502,1830,2023-11-02,33720.54,Delivered,Bhopal
13503,1733,2023-11-14,27408.99,Delivered,Surat
13504,1132,2023-12-13,34831.89,Delivered,Indore
13505,1795,2022-04-10,44757.13,Shipped,Agra
13506,1122,2022-05-26,9859.16,Shipped,Hyderabad
13507,1958,2023-01-03,38819.50,Cancelled,Chennai
13508,1376,2023-02-01,8273.85,Delivered,Nagpur
13509,1218,2022-01-28,19145.06,Delivered,Jaipur
13510,1910,2022-06-09,18272.66,Shipped,Kolkata
13511,1953,2022-02-25,65082.42,Delivered,Vadodara
13512,1629,2022-06-15,95448.77,Cancelled,Surat
13513,1507,2022-10-12,44220.18,Cancelled,Ludhiana
13514,1635,2022-03-04,6132.76,Delivered,Nashik
13515,1442,2023-03-13,47285.40,Delivered,Ludhiana
13516,1423,2022-08-22,10651.75,Delivered,Hyderabad
13517,1544,2023-10-28,19817.72,Delivered,Bangalore
13518,1351,2022-11-24,48486.20,Delivered,Ludhiana
13519,1848,2023-12-02,67099.53,Delivered,Agra
13520,1228,2023-12-20,89667.83,Delivered,Jaipur
13521,1034,2022-09-13,18272.66,Delivered,Kolkata
13522,1631,2023-01-07,97280.16,Shipped,Nashik
13523,1980,2023-05-24,27449.10,Shipped,Patna
13524,1378,2023-03-10,16601.20,Delivered,Ludhiana
13525,1638,2022-03-08,10678.03,Cancelled,Bangalore
13526,1694,2022-12-23,65314.19,Shipped,Agra
13527,1864,2022-06-26,54892.50,Delivered,Ahmedabad
13528,1492,2022-04-19,79101.22,Delivered,Nagpur
13529,1473,2023-03-21,48692.25,Delivered,Kolkata
13530,1569,2022-03-02,27178.04,Cancelled,Indore
13531,1126,2022-02-09,14124.05,Shipped,Bangalore
13532,1568,2022-08-24,21959.28,Shipped,Jaipur
13533,1283,2022-04-03,32256.60,Shipped,Pune
13534,1529,2022-02-13,41835.60,Cancelled,Ludhiana
13535,1100,2023-11-18,4478.88,Delivered,Faridabad
13536,1152,2023-08-30,74956.84,Delivered,Ludhiana
13537,1998,2022-12-17,9578.06,Shipped,Surat
13538,1087,2022-07-20,14176.83,Shipped,Agra
13539,1464,2022-04-15,53668.65,Shipped,Bhopal
13540,1730,2022-08-23,37396.66,Delivered,Hyderabad
13541,1833,2022-10-22,19672.37,Cancelled,Nagpur
13542,1977,2022-10-10,52873.44,Delivered,Bangalore
13543,1821,2023-02-15,63469.21,Delivered,Ludhiana
13544,1026,2022-01-18,43739.35,Delivered,Lucknow
13545,1358,2023-06-29,34243.05,Delivered,Mumbai
13546,1458,2023-03-13,59304.40,Cancelled,Patna
13547,1260,2023-05-24,18083.54,Delivered,Indore
13548,1575,2022-01-06,45010.25,Delivered,Lucknow
13549,1622,2023-02-17,1930.15,Shipped,Jaipur
13550,1945,2022-09-18,7698.12,Shipped,Chennai
13551,1448,2022-06-02,3903.11,Cancelled,Vadodara
13552,1066,2023-06-22,54916.22,Delivered,Kolkata
13553,1717,2023-05-02,35988.40,Delivered,Ahmedabad
13554,1273,2023-02-17,49520.99,Delivered,Pune
13555,1319,2022-12-05,26735.52,Delivered,Surat
13556,1774,2022-03-11,20134.83,Delivered,Mumbai
13557,1458,2023-08-26,37086.25,Shipped,Patna
13558,1128,2022-09-16,8238.17,Delivered,Chennai
13559,1600,2022-08-30,558.76,Cancelled,Surat
13560,1070,2023-07-31,52861.82,Delivered,Agra
13561,1588,2022-01-04,16701.70,Delivered,Delhi
13562,1325,2022-06-26,40343.92,Cancelled,Indore
13563,1624,2023-05-29,77553.40,Cancelled,Surat
13564,1305,2023-10-25,57192.69,Shipped,Surat
13565,1952,2023-02-09,42565.59,Cancelled,Jaipur
13566,1505,2023-10-17,22792.96,Delivered,Pune
13567,1204,2023-04-20,62305.03,Delivered,Faridabad
13568,1834,2023-03-01,28624.26,Cancelled,Jaipur
13569,1768,2022-10-27,19356.25,Shipped,Surat
13570,1979,2022-04-12,3472.07,Shipped,Pune
13571,1294,2022-02-20,40941.13,Cancelled,Chennai
13572,1273,2022-09-12,50358.72,Delivered,Pune
13573,1781,2022-11-27,58113.29,Delivered,Faridabad
13574,1755,2023-12-07,32423.43,Cancelled,Agra
13575,1610,2022-10-24,59609.25,Delivered,Kolkata
13576,1626,2023-04-02,27422.61,Delivered,Lucknow
13577,1729,2022-09-28,22061.44,Shipped,Nashik
13578,1869,2023-11-08,20752.66,Delivered,Delhi
13579,1479,2022-02-22,55261.54,Cancelled,Faridabad
13580,1865,2022-06-25,77688.61,Shipped,Jaipur
13581,1057,2022-06-12,39334.55,Delivered,Ludhiana
13582,1646,2023-11-08,19232.29,Delivered,Ahmedabad
13583,1871,2023-07-13,47566.09,Delivered,Agra
13584,1241,2023-01-14,8360.46,Cancelled,Chennai
13585,1586,2023-06-10,33348.15,Cancelled,Jaipur
13586,1460,2022-05-31,45921.18,Delivered,Ludhiana
13587,2000,2023-04-01,31072.12,Cancelled,Surat
13588,1516,2023-10-03,6193.16,Delivered,Agra
13589,1951,2023-11-09,55293.40,Delivered,Ahmedabad
13590,1994,2023-07-14,72826.59,Delivered,Bangalore
13591,1312,2023-07-02,15649.02,Delivered,Chennai
13592,1463,2022-12-31,45777.67,Delivered,Faridabad
13593,1585,2023-03-27,23627.49,Delivered,Nagpur
13594,1449,2022-01-12,1230.80,Delivered,Kolkata
13595,1832,2022-01-27,54963.02,Delivered,Pune
13596,1429,2023-05-01,55845.14,Delivered,Bhopal
13597,1849,2022-07-04,51904.45,Shipped,Vadodara
13598,1577,2022-03-29,24802.08,Shipped,Lucknow
13599,1094,2023-10-26,4976.40,Delivered,Chennai
13600,1524,2023-05-27,13463.40,Cancelled,Surat
13601,1277,2022-06-19,52607.84,Shipped,Nashik
13602,1574,2023-06-01,6405.15,Shipped,Chennai
13603,1593,2023-11-18,77572.18,Shipped,Jaipur
13604,1681,2023-10-13,21111.24,Delivered,Vadodara
13605,1603,2022-12-30,15744.48,Delivered,Lucknow
13606,1265,2022-04-01,48606.82,Shipped,Patna
13607,1116,2022-12-30,44516.98,Shipped,Ahmedabad
13608,1922,2023-07-20,36056.90,Delivered,Lucknow
13609,1500,2022-10-18,55427.04,Cancelled,Bhopal
13610,1572,2022-08-18,21333.79,Shipped,Bhopal
13611,1363,2022-04-20,39575.42,Shipped,Agra
13612,1595,2023-11-06,6481.51,Shipped,Bangalore
13613,1187,2022-10-27,39925.58,Cancelled,Hyderabad
13614,1949,2023-03-08,54112.50,Delivered,Agra
13615,1856,2023-09-17,35291.89,Cancelled,Hyderabad
13616,1255,2022-09-29,79146.59,Shipped,Nashik
13617,1027,2022-09-30,34023.40,Delivered,Ludhiana
13618,1156,2022-03-08,27267.23,Delivered,Bhopal
13619,1575,2022-12-13,59797.41,Delivered,Lucknow
13620,1164,2022-12-31,99376.61,Delivered,Jaipur
13621,1846,2023-10-08,49305.66,Cancelled,Nagpur
13622,1560,2022-05-09,25694.48,Cancelled,Ludhiana
13623,1984,2022-08-16,79961.97,Shipped,Delhi
13624,1546,2023-12-15,41793.88,Cancelled,Patna
13625,1043,2023-03-23,2144.12,Delivered,Bhopal
13626,1405,2023-05-07,26855.79,Cancelled,Lucknow
13627,1456,2023-09-09,64602.94,Shipped,Jaipur
13628,1023,2023-10-01,44079.47,Delivered,Bhopal
13629,1308,2022-03-17,64620.24,Delivered,Ahmedabad
13630,1601,2022-09-12,53528.44,Cancelled,Hyderabad
13631,1656,2022-06-17,4272.04,Delivered,Lucknow
13632,1732,2023-02-22,5946.30,Delivered,Vadodara
13633,1487,2023-02-22,33294.30,Delivered,Nagpur
13634,1192,2022-09-12,24444.16,Delivered,Jaipur
13635,1329,2023-07-24,58212.63,Shipped,Lucknow
13636,1341,2023-12-19,52571.25,Delivered,Lucknow
13637,1369,2022-10-13,57502.65,Shipped,Kolkata
13638,1149,2022-09-26,44414.45,Delivered,Vadodara
13639,1440,2022-11-22,15727.42,Delivered,Nashik
13640,1714,2022-10-24,25814.31,Cancelled,Mumbai
13641,1427,2023-02-16,995.28,Shipped,Bangalore
13642,1774,2023-05-11,26635.44,Delivered,Mumbai
13643,1791,2023-06-13,31228.30,Delivered,Nashik
13644,1609,2023-07-06,21802.84,Cancelled,Hyderabad
13645,1646,2022-02-12,82614.63,Delivered,Ahmedabad
13646,1888,2023-02-15,43214.31,Cancelled,Bhopal
13647,1149,2022-04-10,68381.04,Shipped,Vadodara
13648,1278,2023-02-28,64208.32,Delivered,Patna
13649,1807,2022-08-20,47713.16,Cancelled,Ludhiana
13650,1190,2023-02-08,46607.13,Delivered,Surat
13651,1560,2023-03-09,70827.71,Cancelled,Ludhiana
13652,1633,2022-09-12,19018.70,Cancelled,Nagpur
13653,1406,2023-12-15,89074.51,Shipped,Hyderabad
13654,1320,2023-06-03,4288.24,Delivered,Pune
13655,1706,2022-04-03,63570.97,Cancelled,Jaipur
13656,1268,2022-11-18,5720.11,Delivered,Bangalore
13657,1114,2022-05-08,65921.11,Cancelled,Patna
13658,1696,2022-07-04,17950.01,Shipped,Ahmedabad
13659,1370,2022-09-10,11440.22,Shipped,Faridabad
13660,1911,2023-12-13,13998.89,Delivered,Ahmedabad
13661,1073,2023-05-01,21724.68,Delivered,Nagpur
13662,1233,2023-09-03,22050.51,Cancelled,Vadodara
13663,1827,2023-02-09,6193.16,Delivered,Ahmedabad
13664,1255,2023-02-25,32875.96,Delivered,Nashik
13665,1103,2023-06-12,60750.16,Delivered,Ludhiana
13666,1382,2023-09-06,53128.98,Shipped,Surat
13667,1008,2022-02-20,44315.55,Cancelled,Ahmedabad
13668,1309,2022-05-20,100937.80,Cancelled,Ludhiana
13669,1257,2022-07-03,14272.20,Shipped,Vadodara
13670,1385,2023-11-30,21959.28,Cancelled,Faridabad
13671,1629,2023-03-22,13132.77,Shipped,Surat
13672,1052,2022-12-01,13888.28,Delivered,Nashik
13673,1166,2022-01-15,15892.47,Delivered,Ahmedabad
13674,1323,2023-03-10,69981.17,Shipped,Ahmedabad
13675,1775,2023-03-30,13281.51,Delivered,Hyderabad
13676,1585,2023-04-07,33876.67,Delivered,Nagpur
13677,1787,2022-11-23,58191.35,Delivered,Ahmedabad
13678,1801,2023-06-03,64681.71,Delivered,Ludhiana
13679,1436,2022-05-14,64862.74,Delivered,Agra
13680,1265,2023-02-19,8238.17,Delivered,Patna
13681,1875,2023-10-11,20639.15,Shipped,Pune
13682,1345,2023-12-19,30617.68,Delivered,Vadodara
13683,1407,2023-10-10,27576.51,Cancelled,Chennai
13684,1356,2022-08-23,47383.15,Delivered,Surat
13685,1712,2023-11-23,48462.47,Delivered,Nashik
13686,1122,2022-06-29,11799.43,Delivered,Hyderabad
13687,1987,2023-04-08,10195.71,Shipped,Indore
13688,1711,2023-11-04,35936.98,Shipped,Jaipur
13689,1138,2022-11-20,31870.79,Shipped,Lucknow
13690,1029,2022-04-17,20687.60,Delivered,Agra
13691,1727,2022-04-13,24878.11,Cancelled,Faridabad
13692,1835,2022-09-15,33790.12,Cancelled,Ludhiana
13693,1655,2023-02-02,19047.76,Delivered,Bhopal
13694,1779,2023-07-04,56838.39,Shipped,Indore
13695,1603,2023-06-13,17765.78,Shipped,Lucknow
13696,1729,2023-05-22,36567.63,Delivered,Nashik
13697,1201,2022-03-23,52681.38,Cancelled,Kolkata
13698,1904,2023-01-02,63804.62,Delivered,Hyderabad
13699,1954,2022-10-07,44299.66,Shipped,Mumbai
13700,1812,2022-09-27,15425.08,Shipped,Mumbai
13701,1078,2022-05-31,29677.70,Delivered,Indore
13702,1055,2022-07-28,50878.21,Delivered,Indore
13703,1754,2023-05-06,45751.98,Shipped,Hyderabad
13704,1355,2023-12-15,6650.22,Shipped,Nashik
13705,1888,2023-06-30,22532.95,Cancelled,Bhopal
13706,1359,2023-10-13,4247.60,Delivered,Jaipur
13707,1971,2023-06-11,70121.06,Delivered,Indore
13708,1127,2023-11-19,14115.37,Delivered,Vadodara
13709,1516,2022-11-29,9173.00,Delivered,Agra
13710,1817,2022-10-02,29963.82,Shipped,Jaipur
13711,1261,2022-11-09,30027.82,Delivered,Chennai
13712,1668,2023-04-24,38849.91,Delivered,Vadodara
13713,1891,2022-07-21,54156.16,Delivered,Bhopal
13714,1115,2022-05-24,39178.95,Delivered,Kolkata
13715,1958,2024-01-01,35343.10,Delivered,Chennai
13716,1789,2023-07-05,130180.95,Shipped,Nashik
13717,1699,2023-09-28,65710.62,Delivered,Chennai
13718,1462,2023-03-25,41248.04,Shipped,Bangalore
13719,1783,2022-07-31,118545.38,Delivered,Agra
13720,1661,2023-10-19,17284.04,Delivered,Bangalore
13721,1502,2022-06-23,60765.62,Cancelled,Vadodara
13722,1552,2023-01-24,44255.48,Delivered,Ahmedabad
13723,1920,2023-05-02,39881.64,Delivered,Delhi
13724,1671,2023-07-10,30965.80,Delivered,Patna
13725,1622,2023-02-01,31304.23,Delivered,Jaipur
13726,1262,2022-12-03,25263.48,Delivered,Vadodara
13727,1034,2023-01-31,84963.10,Delivered,Kolkata
13728,1333,2023-07-13,24191.30,Delivered,Mumbai
13729,1274,2023-10-02,77347.81,Delivered,Pune
13730,1869,2022-08-24,3043.68,Delivered,Delhi
13731,1037,2023-12-18,52324.22,Delivered,Nashik
13732,1528,2022-03-12,50847.10,Shipped,Surat
13733,1452,2023-05-01,12265.52,Cancelled,Ahmedabad
13734,1927,2022-03-10,10449.72,Delivered,Bhopal
13735,1177,2022-10-13,51141.88,Delivered,Lucknow
13736,1268,2022-09-26,16004.00,Cancelled,Bangalore
13737,1216,2023-07-02,321.55,Delivered,Faridabad
13738,1487,2023-09-10,46262.52,Shipped,Nagpur
13739,1722,2023-07-20,54624.22,Delivered,Hyderabad
13740,1247,2023-10-22,18458.69,Delivered,Nagpur
13741,1550,2023-04-13,54908.50,Cancelled,Hyderabad
13742,1677,2022-09-19,17847.46,Shipped,Pune
13743,1824,2023-09-30,9215.60,Shipped,Vadodara
13744,1601,2023-06-25,45216.50,Delivered,Hyderabad
13745,1907,2023-12-09,12566.62,Delivered,Chennai
13746,1323,2023-05-08,12726.56,Delivered,Ahmedabad
13747,1858,2023-05-06,1658.21,Shipped,Ahmedabad
13748,1698,2022-05-21,9136.33,Delivered,Hyderabad
13749,1038,2022-04-02,22880.44,Cancelled,Jaipur
13750,1554,2023-01-26,72239.42,Delivered,Bhopal
13751,1275,2022-05-16,12473.12,Cancelled,Patna
13752,1665,2022-08-20,13317.72,Delivered,Agra
13753,1534,2022-08-30,8088.19,Delivered,Agra
13754,1155,2022-04-26,60348.57,Cancelled,Jaipur
13755,1512,2022-01-31,45935.38,Delivered,Vadodara
13756,1967,2023-08-04,4804.81,Delivered,Pune
13757,1530,2023-06-12,11049.31,Cancelled,Vadodara
13758,1571,2022-08-06,20656.72,Delivered,Kolkata
13759,1046,2022-04-30,8347.26,Delivered,Pune
13760,1180,2022-01-03,77288.77,Cancelled,Ahmedabad
13761,1396,2023-04-18,33373.53,Delivered,Delhi
13762,1047,2022-01-31,72481.94,Cancelled,Agra
13763,1688,2023-07-26,12491.32,Shipped,Kolkata
13764,1733,2023-01-31,97126.17,Cancelled,Surat
13765,1086,2022-10-30,38953.80,Shipped,Ludhiana
13766,1816,2022-04-06,55218.12,Delivered,Bangalore
13767,1920,2023-07-21,32161.36,Delivered,Delhi
13768,1666,2022-09-07,4583.45,Delivered,Faridabad
13769,1604,2023-06-07,643.10,Shipped,Pune
13770,1283,2023-03-08,22955.64,Cancelled,Pune
13771,1657,2022-05-22,10675.25,Delivered,Ludhiana
13772,1419,2023-08-26,9740.53,Delivered,Kolkata
13773,1036,2022-01-04,26648.67,Delivered,Bangalore
13774,1469,2023-02-18,5529.36,Delivered,Lucknow
13775,1379,2022-10-13,21474.12,Cancelled,Surat
13776,1389,2023-03-25,65745.72,Delivered,Vadodara
13777,1021,2023-12-07,17695.82,Shipped,Indore
13778,1996,2023-11-16,40798.81,Delivered,Faridabad
13779,1095,2022-03-17,66610.93,Shipped,Bangalore
13780,1939,2023-01-15,30896.27,Delivered,Indore
13781,1726,2022-04-03,18601.56,Delivered,Nashik
13782,1289,2022-01-02,44304.98,Cancelled,Bangalore
13783,1332,2022-04-13,60710.20,Cancelled,Indore
13784,1276,2023-09-26,65311.93,Cancelled,Bangalore
13785,1630,2022-01-16,27449.10,Cancelled,Ludhiana
13786,1779,2022-07-19,49117.61,Cancelled,Indore
13787,1208,2022-10-29,17565.85,Shipped,Bangalore
13788,1548,2023-08-05,14123.82,Shipped,Lucknow
13789,1164,2023-02-02,4270.10,Delivered,Jaipur
13790,1541,2022-08-28,22394.41,Cancelled,Bhopal
13791,1569,2023-06-17,41110.90,Cancelled,Indore
13792,1122,2023-04-29,47660.40,Shipped,Hyderabad
13793,1801,2023-09-22,33888.58,Delivered,Ludhiana
13794,1380,2023-08-29,50219.73,Delivered,Nashik
13795,1465,2022-03-21,13995.87,Shipped,Agra
13796,1024,2023-12-11,26648.67,Delivered,Ludhiana
13797,1023,2022-03-31,43687.36,Delivered,Bhopal
13798,1466,2023-10-09,23326.45,Cancelled,Hyderabad
13799,1851,2022-07-11,54630.84,Delivered,Jaipur
13800,1081,2023-07-21,10438.98,Cancelled,Delhi
13801,1378,2022-05-23,29660.90,Shipped,Ludhiana
13802,1370,2022-12-10,37722.58,Delivered,Faridabad
13803,1472,2023-05-14,54117.68,Delivered,Nashik
13804,1688,2022-05-22,55419.22,Shipped,Kolkata
13805,1617,2022-07-09,88529.75,Delivered,Chennai
13806,1555,2023-11-21,11642.22,Cancelled,Vadodara
13807,1149,2022-10-15,12852.02,Cancelled,Vadodara
13808,1413,2022-05-22,11070.44,Delivered,Surat
13809,1167,2022-05-25,16811.18,Shipped,Bangalore
13810,1343,2023-06-09,8642.02,Shipped,Bangalore
13811,1055,2023-12-26,48716.76,Delivered,Indore
13812,1739,2023-01-11,23087.21,Delivered,Surat
13813,1108,2023-07-21,76805.70,Delivered,Indore
13814,1382,2023-05-13,60436.72,Delivered,Surat
13815,1327,2023-03-22,17545.88,Delivered,Bangalore
13816,1003,2023-08-15,8882.89,Delivered,Jaipur
13817,1509,2022-01-01,65922.15,Delivered,Ludhiana
13818,1961,2022-02-20,93818.96,Shipped,Nashik
13819,1225,2023-12-23,68667.03,Shipped,Kolkata
13820,1282,2022-02-24,43828.04,Delivered,Jaipur
13821,1848,2022-05-20,37783.20,Shipped,Agra
13822,1182,2023-05-31,27423.60,Cancelled,Vadodara
13823,1626,2022-12-02,42358.78,Delivered,Lucknow
13824,1006,2022-03-01,13280.96,Cancelled,Chennai
13825,1668,2023-06-14,26671.80,Delivered,Vadodara
13826,1735,2023-04-09,6658.86,Delivered,Nashik
13827,1430,2022-03-16,12430.75,Cancelled,Hyderabad
13828,1947,2023-01-18,24254.64,Delivered,Lucknow
13829,1061,2022-12-26,21017.33,Delivered,Ahmedabad
13830,1094,2022-04-29,29463.10,Delivered,Chennai
13831,1626,2022-07-02,51912.40,Delivered,Lucknow
13832,1836,2023-11-04,6870.64,Delivered,Delhi
13833,1438,2022-03-24,46050.66,Delivered,Surat
13834,1762,2023-01-07,32138.59,Shipped,Nagpur
13835,1055,2023-08-07,17160.33,Delivered,Indore
13836,1034,2023-04-19,28183.99,Shipped,Kolkata
13837,1608,2022-11-18,83989.98,Delivered,Agra
13838,1980,2023-05-11,43908.90,Delivered,Patna
13839,1899,2023-06-01,57589.07,Delivered,Surat
13840,1576,2023-12-30,27670.47,Delivered,Bhopal
13841,1233,2023-10-24,10675.25,Cancelled,Vadodara
13842,1535,2023-04-25,8191.68,Cancelled,Patna
13843,1587,2022-08-07,3359.16,Shipped,Ahmedabad
13844,1353,2022-05-15,60892.04,Delivered,Ahmedabad
13845,1980,2023-04-29,92781.92,Shipped,Patna
13846,1857,2022-04-01,57574.21,Cancelled,Mumbai
13847,1948,2022-05-25,2135.05,Delivered,Agra
13848,1825,2022-11-15,8248.23,Delivered,Hyderabad
13849,1219,2022-03-14,14765.61,Delivered,Bhopal
13850,1047,2022-06-07,386.03,Cancelled,Agra
13851,1680,2023-09-18,33323.39,Delivered,Ahmedabad
13852,1071,2023-04-25,76160.67,Delivered,Bhopal
13853,1995,2023-01-04,14816.38,Cancelled,Mumbai
13854,1783,2022-09-05,38034.87,Delivered,Agra
13855,1431,2023-06-27,73569.25,Delivered,Jaipur
13856,1559,2023-03-22,7120.16,Shipped,Indore
13857,1459,2022-07-18,73854.52,Delivered,Chennai
13858,1735,2022-09-15,16701.70,Cancelled,Nashik
13859,1516,2022-07-19,81923.12,Delivered,Agra
13860,1326,2022-08-22,45714.38,Delivered,Nagpur
13861,1416,2022-05-22,21605.05,Delivered,Hyderabad
13862,1343,2022-02-24,31454.84,Shipped,Bangalore
13863,1950,2022-10-11,8291.05,Shipped,Delhi
13864,1369,2023-04-05,33407.55,Delivered,Kolkata
13865,1082,2023-01-08,29252.32,Delivered,Bhopal
13866,1211,2023-08-02,22880.44,Delivered,Surat
13867,1609,2022-02-04,72458.37,Delivered,Hyderabad
13868,1924,2022-11-29,24915.24,Shipped,Nagpur
13869,1645,2023-12-18,45528.77,Delivered,Kolkata
13870,1683,2023-09-07,33581.52,Delivered,Bhopal
13871,1103,2022-03-27,36750.85,Shipped,Ludhiana
13872,1798,2023-06-04,34519.49,Delivered,Delhi
13873,1616,2023-12-05,33162.54,Delivered,Agra
13874,1825,2022-10-30,5368.53,Shipped,Hyderabad
13875,1699,2023-02-03,29189.73,Delivered,Chennai
13876,1173,2023-10-12,94488.21,Cancelled,Agra
13877,1380,2022-08-28,56304.36,Delivered,Nashik
13878,1716,2022-03-27,73998.23,Delivered,Kolkata
13879,1915,2022-03-26,16469.46,Delivered,Jaipur
13880,1449,2022-11-18,66911.24,Cancelled,Kolkata
13881,1366,2022-03-02,16686.47,Shipped,Surat
13882,1778,2023-12-18,71828.56,Delivered,Bangalore
13883,1328,2022-04-24,58361.18,Delivered,Lucknow
13884,1929,2022-12-22,45960.85,Cancelled,Ahmedabad
13885,1266,2023-03-27,27479.40,Cancelled,Indore
13886,1348,2022-02-02,25976.33,Delivered,Bangalore
13887,1979,2023-05-20,25554.27,Shipped,Pune
13888,1722,2022-07-15,23656.63,Shipped,Hyderabad
13889,1610,2023-07-18,33407.02,Delivered,Kolkata
13890,1726,2023-08-28,5573.64,Delivered,Nashik
13891,1936,2022-08-25,46636.96,Delivered,Ludhiana
13892,1050,2022-01-10,45749.50,Delivered,Indore
13893,1981,2023-11-25,24772.64,Delivered,Kolkata
13894,1792,2022-01-13,57501.96,Cancelled,Bhopal
13895,1122,2022-01-04,45270.53,Delivered,Hyderabad
13896,1961,2022-02-02,18258.64,Shipped,Nashik
13897,1047,2023-06-03,45150.03,Delivered,Agra
13898,1066,2022-03-15,63789.96,Cancelled,Kolkata
13899,1932,2022-04-07,73268.52,Delivered,Surat
13900,1902,2023-09-23,14414.43,Delivered,Ludhiana
13901,1983,2023-07-13,27606.09,Delivered,Delhi
13902,1932,2023-01-18,26635.44,Delivered,Surat
13903,1151,2022-02-16,3472.07,Delivered,Hyderabad
13904,1035,2022-03-02,42759.96,Shipped,Patna
13905,1584,2023-08-15,35655.15,Delivered,Mumbai
13906,1408,2023-08-08,73386.70,Cancelled,Surat
13907,1061,2022-03-17,81658.32,Shipped,Ahmedabad
13908,1489,2022-09-27,48539.95,Delivered,Nashik
13909,1491,2023-05-28,22215.10,Delivered,Bhopal
13910,1734,2022-08-12,103113.67,Cancelled,Indore
13911,1869,2022-10-23,1061.90,Delivered,Delhi
13912,1883,2022-08-19,62372.17,Shipped,Chennai
13913,1503,2023-04-15,38694.77,Delivered,Agra
13914,1343,2022-12-02,69150.60,Delivered,Bangalore
13915,1649,2022-12-23,18087.23,Delivered,Bangalore
13916,1506,2022-08-06,68626.05,Delivered,Bhopal
13917,1262,2022-05-14,36564.80,Delivered,Vadodara
13918,1293,2022-04-19,67921.89,Delivered,Agra
13919,1189,2023-08-20,57246.06,Delivered,Ahmedabad
13920,1678,2023-08-10,11469.18,Delivered,Lucknow
13921,1225,2022-08-15,1061.90,Delivered,Kolkata
13922,1072,2022-01-16,74493.68,Delivered,Nagpur
13923,1586,2022-02-10,51539.86,Shipped,Jaipur
13924,1860,2023-11-25,71260.27,Delivered,Indore
13925,1006,2023-10-15,1119.72,Cancelled,Chennai
13926,1570,2023-02-28,76618.85,Delivered,Bangalore
13927,1015,2022-06-05,41505.26,Delivered,Patna
13928,1091,2023-01-29,78879.88,Delivered,Ludhiana
13929,1814,2022-05-20,88959.32,Delivered,Delhi
13930,1289,2023-11-26,1521.84,Shipped,Bangalore
13931,1343,2023-07-31,50950.77,Cancelled,Bangalore
13932,1462,2022-11-28,3185.70,Delivered,Bangalore
13933,1090,2022-06-25,47217.19,Cancelled,Surat
13934,1790,2023-03-10,19948.62,Shipped,Hyderabad
13935,1048,2022-08-25,4467.35,Delivered,Bangalore
13936,1430,2023-11-19,54480.67,Delivered,Hyderabad
13937,1817,2022-01-09,5529.36,Delivered,Jaipur
13938,1469,2023-01-14,21605.05,Delivered,Lucknow
13939,1080,2022-09-19,24802.08,Shipped,Mumbai
13940,1912,2022-01-26,4590.72,Delivered,Lucknow
13941,1002,2023-04-01,17436.59,Delivered,Bangalore
13942,1863,2022-06-15,41553.15,Cancelled,Pune
13943,1007,2022-07-05,48343.87,Delivered,Indore
13944,1102,2023-10-25,31474.14,Delivered,Patna
13945,1070,2022-12-28,62859.94,Cancelled,Agra
13946,1805,2022-05-08,46042.76,Shipped,Delhi
13947,1741,2022-01-05,52872.63,Cancelled,Hyderabad
13948,1097,2023-03-21,37010.72,Delivered,Mumbai
13949,1516,2023-03-24,28693.24,Delivered,Agra
13950,1341,2023-07-18,12492.51,Cancelled,Lucknow
13951,1902,2022-11-17,24802.08,Shipped,Ludhiana
13952,1707,2023-04-27,53334.77,Delivered,Indore
13953,1391,2023-07-24,80256.84,Delivered,Faridabad
13954,1769,2022-12-14,1119.72,Shipped,Bhopal
13955,1548,2023-12-18,66731.55,Delivered,Lucknow
13956,1069,2023-07-15,35318.29,Cancelled,Bhopal
13957,1966,2022-06-08,26487.45,Cancelled,Bangalore
13958,1492,2022-06-26,47427.74,Delivered,Nagpur
13959,1340,2022-11-15,57305.94,Delivered,Ahmedabad
13960,1527,2022-05-22,54357.44,Shipped,Agra
13961,1167,2022-01-02,13347.30,Cancelled,Bangalore
13962,1219,2023-09-22,46117.82,Delivered,Bhopal
13963,1641,2022-08-23,53963.21,Delivered,Indore
13964,1061,2022-09-16,20942.85,Delivered,Ahmedabad
13965,1499,2022-10-13,41745.44,Delivered,Kolkata
13966,1947,2023-06-22,44191.02,Delivered,Lucknow
13967,1432,2023-01-04,17996.86,Delivered,Agra
13968,1718,2022-01-11,27576.51,Delivered,Faridabad
13969,1131,2022-02-06,17765.78,Delivered,Patna
13970,1284,2023-12-14,13594.36,Delivered,Bhopal
13971,1134,2023-03-26,34897.60,Delivered,Ahmedabad
13972,1713,2022-04-16,26262.63,Delivered,Indore
13973,1043,2022-05-14,54804.83,Shipped,Bhopal
13974,1344,2022-02-18,32381.12,Shipped,Nagpur
13975,1202,2022-01-03,53544.43,Delivered,Nashik
13976,1353,2023-09-02,31151.45,Shipped,Ahmedabad
13977,1468,2023-04-16,21605.05,Cancelled,Nagpur
13978,1099,2023-09-18,25222.52,Delivered,Patna
13979,1787,2022-03-14,53097.11,Delivered,Ahmedabad
13980,1613,2022-04-02,63764.75,Delivered,Vadodara
13981,1481,2022-11-02,1119.72,Cancelled,Bhopal
13982,1042,2022-06-12,77972.66,Cancelled,Hyderabad
13983,1224,2022-05-03,7861.40,Delivered,Mumbai
13984,1270,2022-09-11,386.03,Cancelled,Jaipur
13985,1841,2022-10-10,86773.76,Shipped,Lucknow
13986,1402,2022-06-16,40885.14,Delivered,Surat
13987,1821,2022-07-27,13486.26,Shipped,Ludhiana
13988,1499,2022-01-15,7701.62,Delivered,Kolkata
13989,1416,2023-07-25,50379.78,Shipped,Hyderabad
13990,1862,2023-02-07,48389.00,Delivered,Indore
13991,1393,2022-08-28,23337.94,Delivered,Surat
13992,1087,2023-08-08,53808.88,Shipped,Agra
13993,1371,2023-01-06,40244.29,Cancelled,Bhopal
13994,1294,2022-09-18,10539.82,Delivered,Chennai
13995,1452,2023-03-18,81140.04,Delivered,Ahmedabad
13996,1702,2022-11-10,84956.34,Delivered,Pune
13997,1735,2022-08-19,99603.37,Delivered,Nashik
13998,1009,2022-11-06,50386.24,Shipped,Indore
13999,1172,2023-04-10,59954.14,Delivered,Vadodara
14000,1395,2022-05-18,21969.73,Delivered,Indore
14001,1091,2022-10-30,39564.57,Delivered,Ludhiana
14002,1222,2023-02-25,29177.00,Delivered,Agra
14003,1964,2023-11-02,24802.08,Delivered,Faridabad
14004,1273,2023-11-21,2364.36,Cancelled,Pune
14005,1871,2023-06-10,73634.54,Delivered,Agra
14006,1547,2023-05-20,22308.66,Cancelled,Kolkata
14007,1974,2023-12-05,10766.04,Cancelled,Pune
14008,1953,2023-02-22,34652.45,Delivered,Vadodara
14009,1742,2022-11-15,9586.15,Delivered,Lucknow
14010,1674,2023-09-08,56905.77,Shipped,Kolkata
14011,1270,2022-08-14,31228.30,Delivered,Jaipur
14012,1825,2022-09-03,64067.00,Delivered,Hyderabad
14013,1970,2023-04-17,51326.95,Delivered,Indore
14014,1911,2023-01-10,51646.62,Delivered,Ahmedabad
14015,1545,2022-08-30,14410.26,Delivered,Patna
14016,1973,2022-07-27,2144.12,Delivered,Patna
14017,1829,2023-12-08,31107.12,Delivered,Kolkata
14018,1724,2023-01-10,6132.76,Cancelled,Nagpur
14019,1512,2023-02-20,27193.20,Delivered,Vadodara
14020,1379,2023-04-24,7928.40,Shipped,Surat
14021,1939,2023-12-08,38128.74,Delivered,Indore
14022,1512,2022-12-05,52316.93,Shipped,Vadodara
14023,1601,2023-12-31,9044.40,Delivered,Hyderabad
14024,1740,2023-10-13,35477.14,Delivered,Faridabad
14025,1370,2022-09-03,26635.44,Cancelled,Faridabad
14026,1484,2022-10-05,53630.05,Cancelled,Indore
14027,1796,2023-05-30,38779.38,Delivered,Ahmedabad
14028,1442,2022-08-02,9141.20,Delivered,Ludhiana
14029,1081,2022-07-01,77079.34,Delivered,Delhi
14030,1023,2023-07-03,15744.48,Delivered,Bhopal
14031,1587,2022-12-07,18661.16,Cancelled,Ahmedabad
14032,1940,2022-11-10,38756.06,Delivered,Chennai
14033,1190,2023-02-13,61685.84,Delivered,Surat
14034,1806,2023-01-16,91325.41,Shipped,Ahmedabad
14035,1310,2023-04-03,18317.74,Delivered,Bhopal
14036,1014,2023-04-10,77462.95,Delivered,Faridabad
14037,1140,2022-09-03,12479.92,Cancelled,Lucknow
14038,1122,2022-09-30,35776.22,Delivered,Hyderabad
14039,1956,2022-10-20,8338.00,Delivered,Agra
14040,1667,2023-07-12,77844.85,Delivered,Faridabad
14041,1812,2022-06-11,38978.65,Delivered,Mumbai
14042,1309,2022-11-21,558.76,Delivered,Ludhiana
14043,1736,2022-02-27,29592.89,Shipped,Surat
14044,1226,2023-11-05,17622.06,Delivered,Surat
14045,1107,2023-11-29,26902.54,Delivered,Agra
14046,1547,2023-10-24,50512.45,Delivered,Kolkata
14047,1508,2023-06-28,17075.46,Delivered,Jaipur
14048,1146,2022-05-04,34069.13,Cancelled,Chennai
14049,1458,2022-04-05,20005.18,Cancelled,Patna
14050,1288,2022-11-22,48702.65,Delivered,Nagpur
14051,1836,2023-11-05,13934.10,Delivered,Delhi
14052,1444,2023-06-02,7372.48,Delivered,Chennai
14053,1274,2023-11-28,45239.87,Shipped,Pune
14054,1050,2022-04-26,10221.06,Delivered,Indore
14055,1891,2023-10-26,80381.53,Delivered,Bhopal
14056,1709,2023-06-26,38846.14,Delivered,Surat
14057,1897,2022-06-01,40007.02,Shipped,Patna
14058,1474,2023-04-09,43949.16,Shipped,Nashik
14059,1410,2023-11-30,33369.77,Delivered,Pune
14060,1200,2023-04-25,5316.29,Delivered,Lucknow
14061,1933,2022-03-05,46890.44,Delivered,Faridabad
14062,1948,2023-10-07,15888.14,Delivered,Agra
14063,1834,2023-03-26,24280.53,Delivered,Jaipur
14064,1026,2023-01-12,79147.82,Cancelled,Lucknow
14065,1675,2022-02-16,5741.54,Delivered,Ahmedabad
14066,1496,2023-11-30,82569.06,Delivered,Vadodara
14067,1068,2022-11-13,89311.64,Shipped,Chennai
14068,1679,2022-07-19,4270.10,Delivered,Kolkata
14069,1619,2022-11-05,39917.16,Cancelled,Vadodara
14070,1709,2022-05-07,49228.33,Delivered,Surat
14071,1782,2023-02-12,85363.04,Delivered,Vadodara
14072,1507,2022-06-18,36768.68,Delivered,Ludhiana
14073,1125,2022-07-22,47101.77,Delivered,Delhi
14074,1360,2023-12-28,12737.43,Shipped,Pune
14075,1181,2022-01-28,8222.41,Delivered,Mumbai
14076,1590,2023-10-09,18625.38,Delivered,Surat
14077,1353,2022-05-11,27408.99,Cancelled,Ahmedabad
14078,1361,2023-11-07,46247.04,Delivered,Surat
14079,1152,2022-06-23,11320.49,Shipped,Ludhiana
14080,1233,2023-12-18,5598.60,Cancelled,Vadodara
14081,1618,2023-09-15,89610.21,Delivered,Agra
14082,1373,2023-05-01,53030.62,Delivered,Nagpur
14083,1801,2022-12-29,65711.19,Delivered,Ludhiana
14084,1434,2023-03-14,32255.25,Delivered,Kolkata
14085,1996,2022-02-05,34326.07,Delivered,Faridabad
14086,1930,2022-02-20,30806.48,Shipped,Patna
14087,1047,2023-06-08,67176.32,Cancelled,Agra
14088,1510,2022-05-04,33689.73,Delivered,Lucknow
14089,1850,2022-07-24,20227.12,Delivered,Nashik
14090,1015,2023-05-19,37970.35,Shipped,Patna
14091,1103,2022-12-29,27907.97,Cancelled,Ludhiana
14092,1228,2023-07-26,15760.20,Delivered,Jaipur
14093,1724,2022-04-02,44809.83,Shipped,Nagpur
14094,1683,2023-10-08,54248.43,Delivered,Bhopal
14095,1547,2022-09-22,44570.16,Shipped,Kolkata
14096,1206,2022-11-29,3803.74,Delivered,Chennai
14097,1135,2022-05-29,70020.64,Delivered,Bangalore
14098,1708,2022-06-06,27480.69,Delivered,Delhi
14099,1942,2023-12-31,7872.24,Delivered,Jaipur
14100,1773,2023-09-15,27025.99,Delivered,Surat
14101,1355,2023-07-28,28745.30,Cancelled,Nashik
14102,1158,2023-11-12,50448.82,Delivered,Bangalore
14103,1183,2022-12-29,54396.12,Shipped,Surat
14104,1188,2023-09-25,12201.24,Delivered,Chennai
14105,1217,2023-01-16,36515.99,Shipped,Lucknow
14106,1249,2023-10-13,51103.80,Shipped,Agra
14107,1886,2022-09-08,13486.26,Delivered,Bhopal
14108,1545,2022-02-26,26652.01,Shipped,Patna
14109,1283,2022-04-18,79505.95,Delivered,Pune
14110,1498,2023-11-17,5573.64,Cancelled,Hyderabad
14111,1973,2022-11-09,8360.46,Cancelled,Patna
14112,1332,2022-06-02,49647.09,Delivered,Indore
14113,1226,2023-01-30,18763.47,Delivered,Surat
14114,1521,2022-10-21,9910.50,Delivered,Ludhiana
14115,1585,2023-04-30,27449.10,Shipped,Nagpur
14116,1065,2022-11-18,56845.33,Shipped,Chennai
14117,1047,2023-01-06,51310.27,Cancelled,Agra
14118,1075,2022-06-28,3320.24,Delivered,Bhopal
14119,1378,2022-03-30,9858.70,Delivered,Ludhiana
14120,1074,2022-03-21,29977.13,Delivered,Pune
14121,1338,2023-03-15,67963.15,Cancelled,Ahmedabad
14122,1956,2023-11-18,62869.28,Shipped,Agra
14123,1607,2022-08-05,34837.64,Shipped,Ahmedabad
14124,1561,2023-05-24,88936.27,Delivered,Nagpur
14125,1062,2023-05-04,6658.86,Delivered,Nagpur
14126,1019,2022-09-17,13995.87,Delivered,Patna
14127,1683,2022-01-16,63332.31,Shipped,Bhopal
14128,1099,2022-05-20,1521.84,Delivered,Patna
14129,1154,2022-11-11,105756.53,Delivered,Kolkata
14130,1586,2022-09-07,17160.33,Shipped,Jaipur
14131,1928,2023-09-28,84993.28,Cancelled,Kolkata
14132,1581,2023-10-25,93241.92,Delivered,Ahmedabad
14133,1580,2023-06-20,51375.53,Delivered,Mumbai
14134,1169,2023-03-13,62816.69,Shipped,Lucknow
14135,1237,2022-03-23,30806.48,Delivered,Patna
14136,1136,2023-03-25,41190.85,Delivered,Jaipur
14137,1472,2022-12-14,60930.57,Cancelled,Nashik
14138,1548,2023-09-29,65970.11,Cancelled,Lucknow
14139,1431,2022-12-27,45769.26,Delivered,Jaipur
14140,1964,2023-10-09,2239.44,Delivered,Faridabad
14141,1208,2022-04-29,82739.85,Shipped,Bangalore
14142,1337,2022-11-13,964.65,Cancelled,Nashik
14143,1689,2023-08-16,36564.80,Delivered,Faridabad
14144,1239,2022-05-08,97177.83,Delivered,Surat
14145,1124,2023-08-24,65409.62,Delivered,Hyderabad
14146,1794,2022-12-24,43595.21,Shipped,Vadodara
14147,1279,2022-10-17,39374.09,Shipped,Bangalore
14148,1819,2022-10-18,43066.44,Delivered,Hyderabad
14149,1002,2022-05-24,22451.40,Cancelled,Bangalore
14150,1476,2023-02-10,35125.90,Cancelled,Indore
14151,1682,2023-03-22,52426.98,Delivered,Jaipur
14152,1587,2023-04-04,59851.66,Delivered,Ahmedabad
14153,1907,2022-04-02,68379.85,Delivered,Chennai
14154,1395,2022-12-22,70317.61,Delivered,Indore
14155,1264,2022-12-05,8009.35,Shipped,Bangalore
14156,1251,2022-12-28,45220.91,Delivered,Surat
14157,1482,2022-07-23,37436.87,Shipped,Bangalore
14158,1999,2022-10-06,50312.33,Cancelled,Mumbai
14159,1191,2023-04-21,1061.90,Delivered,Agra
14160,1904,2023-10-13,30080.92,Delivered,Hyderabad
14161,1141,2023-08-06,41875.25,Delivered,Surat
14162,1329,2022-07-30,55376.72,Delivered,Lucknow
14163,1608,2023-04-23,14817.71,Delivered,Agra
14164,1377,2022-12-25,44193.40,Cancelled,Ludhiana
14165,1165,2023-04-19,44411.35,Delivered,Delhi
14166,1437,2022-11-03,72722.50,Delivered,Ludhiana
14167,1874,2022-11-18,24459.58,Cancelled,Pune
14168,1636,2023-07-28,57952.78,Delivered,Faridabad
14169,1627,2023-02-07,36038.29,Delivered,Jaipur
14170,1424,2023-11-05,12265.52,Delivered,Ludhiana
14171,1996,2022-12-05,76957.03,Delivered,Faridabad
14172,1764,2022-08-15,23591.13,Delivered,Ludhiana
14173,1805,2022-03-16,40071.09,Delivered,Delhi
14174,1627,2022-05-05,15815.82,Cancelled,Jaipur
14175,1604,2022-09-08,1286.20,Delivered,Pune
14176,1854,2023-12-24,9975.33,Delivered,Pune
14177,1283,2023-08-16,39696.08,Delivered,Pune
14178,1589,2022-10-04,63172.95,Delivered,Indore
14179,1018,2023-06-23,34206.84,Cancelled,Nashik
14180,1176,2022-05-30,25598.54,Cancelled,Hyderabad
14181,1337,2023-05-28,44401.44,Cancelled,Nashik
14182,1741,2023-05-04,16638.31,Delivered,Hyderabad
14183,1590,2023-11-17,28758.45,Cancelled,Surat
14184,1597,2022-10-04,52955.02,Delivered,Ludhiana
14185,1107,2022-01-09,67998.90,Cancelled,Agra
14186,1457,2022-05-13,21730.41,Delivered,Agra
14187,1118,2023-05-06,17188.98,Shipped,Delhi
14188,1335,2022-11-05,35531.56,Cancelled,Nagpur
14189,1357,2022-07-17,20955.02,Shipped,Ahmedabad
14190,1380,2022-12-11,56200.78,Cancelled,Nashik
14191,1136,2022-05-09,75306.76,Delivered,Jaipur
14192,1044,2022-11-06,34873.13,Shipped,Delhi
14193,1869,2022-11-08,26533.40,Delivered,Delhi
14194,1152,2023-09-18,28415.66,Delivered,Ludhiana
14195,1843,2022-01-29,60169.04,Delivered,Ahmedabad
14196,1110,2022-05-20,31309.03,Delivered,Agra
14197,1752,2023-04-18,25344.69,Shipped,Surat
14198,1886,2022-12-31,29769.94,Cancelled,Bhopal
14199,1402,2022-07-14,8360.46,Delivered,Surat
14200,1644,2023-11-25,16522.92,Delivered,Faridabad
14201,1569,2023-03-17,57291.26,Delivered,Indore
14202,1945,2023-08-11,30111.63,Delivered,Chennai
14203,1268,2023-12-24,56800.78,Delivered,Bangalore
14204,1194,2022-09-23,12241.36,Shipped,Surat
14205,1398,2022-08-15,27423.60,Delivered,Jaipur
14206,1957,2023-07-10,61326.55,Delivered,Bangalore
14207,1907,2022-07-29,30075.93,Delivered,Chennai
14208,1196,2023-02-22,45893.16,Delivered,Pune
14209,1035,2022-09-12,5529.36,Shipped,Patna
14210,1300,2022-07-07,18346.00,Delivered,Vadodara
14211,1672,2022-04-21,68275.10,Delivered,Nagpur
14212,1680,2023-04-07,34713.52,Shipped,Ahmedabad
14213,1517,2023-12-11,37206.72,Shipped,Bhopal
14214,1801,2023-07-08,139.69,Delivered,Ludhiana
14215,1566,2023-10-29,48038.16,Delivered,Kolkata
14216,1583,2022-10-15,3043.68,Cancelled,Ahmedabad
14217,1983,2022-02-21,10422.50,Delivered,Delhi
14218,1663,2023-11-10,30763.25,Shipped,Bhopal
14219,1911,2022-10-20,13843.42,Delivered,Ahmedabad
14220,1193,2022-02-08,22636.86,Delivered,Patna
14221,1060,2022-06-08,20790.26,Delivered,Patna
14222,1970,2022-02-18,8781.78,Cancelled,Indore
14223,1625,2022-10-15,4288.24,Delivered,Nashik
14224,1186,2023-04-05,49669.32,Delivered,Vadodara
14225,1204,2022-07-25,44553.22,Delivered,Faridabad
14226,1639,2022-08-28,80181.45,Delivered,Jaipur
14227,1138,2022-12-05,59418.61,Delivered,Lucknow
14228,1221,2022-07-29,31182.38,Delivered,Patna
14229,1023,2022-08-13,6727.42,Shipped,Bhopal
14230,1480,2023-03-28,12491.32,Delivered,Patna
14231,1687,2023-03-15,23816.54,Delivered,Surat
14232,1956,2022-01-11,31940.28,Shipped,Agra
14233,1146,2023-05-05,46155.18,Delivered,Chennai
14234,1769,2022-11-19,135467.49,Delivered,Bhopal
14235,1178,2022-10-12,66292.15,Delivered,Vadodara
14236,1058,2022-03-22,22880.44,Delivered,Jaipur
14237,1933,2022-08-25,24223.32,Cancelled,Faridabad
14238,1789,2022-09-22,7052.52,Delivered,Nashik
14239,1241,2022-01-30,34998.92,Delivered,Chennai
14240,1048,2022-05-11,45471.18,Shipped,Bangalore
14241,1070,2023-08-19,20229.39,Delivered,Agra
14242,1094,2023-04-11,53202.04,Delivered,Chennai
14243,1678,2022-05-16,35923.77,Delivered,Lucknow
14244,1060,2023-03-26,16923.74,Shipped,Patna
14245,1939,2022-09-23,15403.24,Cancelled,Indore
14246,1474,2022-04-15,41131.47,Shipped,Nashik
14247,1658,2023-10-14,48811.02,Delivered,Pune
14248,1845,2022-09-24,32137.59,Cancelled,Bangalore
14249,1806,2023-09-08,11321.14,Delivered,Ahmedabad
14250,1948,2022-09-28,37271.24,Delivered,Agra
14251,1656,2023-07-09,7863.71,Shipped,Lucknow
14252,1158,2023-11-25,45322.54,Delivered,Bangalore
14253,1348,2023-06-02,48692.25,Delivered,Bangalore
14254,1185,2022-06-09,23327.17,Delivered,Indore
14255,1822,2023-08-22,17985.98,Delivered,Faridabad
14256,1395,2023-02-08,6900.82,Delivered,Indore
14257,1730,2022-09-18,29893.35,Delivered,Hyderabad
14258,1970,2022-09-11,48247.85,Delivered,Indore
14259,1463,2023-08-11,14774.77,Delivered,Faridabad
14260,1814,2022-07-10,65656.70,Delivered,Delhi
14261,1089,2022-02-18,45369.16,Shipped,Lucknow
14262,1990,2023-06-10,10972.08,Delivered,Bhopal
14263,1705,2023-07-21,9330.58,Cancelled,Surat
14264,1052,2023-11-17,41542.77,Delivered,Nashik
14265,1466,2022-02-20,43555.73,Shipped,Hyderabad
14266,1299,2023-12-12,82965.10,Delivered,Pune
14267,1613,2022-06-04,31536.96,Cancelled,Vadodara
14268,1995,2023-09-27,26648.43,Delivered,Mumbai
14269,1183,2023-09-05,3803.74,Delivered,Surat
14270,1506,2022-04-15,13956.54,Delivered,Bhopal
14271,1928,2023-05-20,47011.25,Delivered,Kolkata
14272,1256,2022-08-14,15892.47,Delivered,Delhi
14273,1168,2022-01-22,49383.58,Delivered,Hyderabad
14274,1154,2022-05-28,23787.00,Delivered,Kolkata
14275,1386,2023-11-27,31796.95,Delivered,Kolkata
14276,1606,2023-10-24,32795.60,Delivered,Nagpur
14277,1931,2022-07-19,20493.83,Delivered,Nashik
14278,1709,2023-07-07,45975.09,Delivered,Surat
14279,2000,2022-10-24,36290.25,Shipped,Surat
14280,1899,2022-01-19,62099.59,Cancelled,Surat
14281,1512,2023-06-05,9738.45,Delivered,Vadodara
14282,1013,2022-10-05,21954.30,Delivered,Nagpur
14283,1011,2023-01-19,4665.29,Shipped,Lucknow
14284,1785,2023-06-04,8146.30,Delivered,Faridabad
14285,1627,2022-11-17,19792.40,Shipped,Jaipur
14286,1509,2022-09-21,3398.57,Delivered,Ludhiana
14287,1407,2023-03-14,45419.08,Delivered,Chennai
14288,1164,2023-09-05,40852.76,Shipped,Jaipur
14289,1239,2022-10-02,24802.08,Shipped,Surat
14290,1486,2022-11-23,18715.65,Delivered,Agra
14291,1934,2023-01-03,15188.14,Delivered,Surat
14292,1429,2022-03-24,72337.10,Delivered,Bhopal
14293,1556,2022-03-27,23808.16,Cancelled,Mumbai
14294,1138,2022-01-29,30091.18,Cancelled,Lucknow
14295,1743,2022-06-11,43908.90,Delivered,Chennai
14296,1120,2022-03-15,27266.46,Shipped,Nashik
14297,1224,2022-02-13,4583.45,Delivered,Mumbai
14298,1324,2023-11-12,30402.84,Shipped,Nagpur
14299,1239,2023-03-23,9725.39,Delivered,Surat
14300,1662,2023-02-23,45875.42,Cancelled,Patna
14301,1741,2022-10-31,62299.36,Delivered,Hyderabad
14302,1044,2023-03-18,84400.51,Delivered,Delhi
14303,1680,2022-09-23,11411.22,Delivered,Ahmedabad
14304,1662,2023-11-16,33715.65,Delivered,Patna
14305,1200,2022-07-29,15211.60,Delivered,Lucknow
14306,1671,2023-07-06,21959.28,Delivered,Patna
14307,1045,2022-10-07,44913.71,Delivered,Kolkata
14308,1722,2022-06-10,7594.07,Delivered,Hyderabad
14309,1182,2022-06-05,71049.35,Delivered,Vadodara
14310,1801,2022-03-20,31879.58,Delivered,Ludhiana
14311,1524,2023-11-10,30806.48,Delivered,Surat
14312,1729,2023-01-17,42308.80,Shipped,Nashik
14313,1557,2023-03-04,76796.70,Shipped,Chennai
14314,1306,2022-01-09,67645.18,Cancelled,Chennai
14315,1113,2023-06-28,66903.17,Cancelled,Indore
14316,1551,2022-03-01,38344.60,Delivered,Lucknow
14317,1769,2022-05-17,41268.36,Delivered,Bhopal
14318,1044,2023-02-02,55225.96,Cancelled,Delhi
14319,1938,2023-05-25,76985.74,Cancelled,Nashik
14320,1492,2022-09-08,4804.81,Cancelled,Nagpur
14321,1336,2023-02-02,3181.64,Delivered,Patna
14322,1969,2023-02-13,67331.10,Delivered,Kolkata
14323,1611,2023-03-22,27875.59,Delivered,Bangalore
14324,1304,2023-11-06,38805.01,Cancelled,Delhi
14325,1145,2023-03-23,82612.92,Delivered,Chennai
14326,1077,2022-07-17,4583.45,Delivered,Nagpur
14327,1707,2022-03-07,76096.99,Delivered,Indore
14328,1627,2022-09-17,2295.36,Delivered,Jaipur
14329,1289,2023-05-13,13280.96,Cancelled,Bangalore
14330,1792,2023-12-18,25101.52,Delivered,Bhopal
14331,1483,2023-09-22,70346.39,Shipped,Ahmedabad
14332,1603,2023-09-17,14318.26,Cancelled,Lucknow
14333,1285,2023-08-13,41197.76,Delivered,Bangalore
14334,1668,2022-06-14,31510.02,Delivered,Vadodara
14335,1114,2023-07-17,12726.56,Delivered,Patna
14336,1897,2023-03-19,54936.68,Delivered,Patna
14337,1756,2023-12-06,64394.09,Delivered,Delhi
14338,1064,2022-01-06,38291.90,Delivered,Hyderabad
14339,1766,2022-06-15,6743.13,Delivered,Chennai
14340,1558,2023-02-10,85606.43,Delivered,Hyderabad
14341,1004,2022-11-26,5573.64,Delivered,Agra
14342,1830,2022-07-03,14740.54,Cancelled,Bhopal
14343,1921,2022-08-29,77165.03,Delivered,Delhi
14344,1958,2022-12-30,68187.64,Delivered,Chennai
14345,1948,2023-03-04,33242.52,Cancelled,Agra
14346,1176,2023-11-07,115568.00,Cancelled,Hyderabad
14347,1064,2022-03-03,70122.92,Cancelled,Hyderabad
14348,1715,2023-03-19,45718.64,Shipped,Indore
14349,1775,2023-03-23,13105.72,Delivered,Hyderabad
14350,1182,2023-07-24,50774.67,Delivered,Vadodara
14351,1904,2023-05-29,49035.92,Shipped,Hyderabad
14352,1690,2022-07-28,9192.17,Shipped,Mumbai
14353,1418,2022-03-27,37183.74,Delivered,Nagpur
14354,1905,2023-10-09,41908.88,Shipped,Nagpur
14355,1182,2023-02-12,51893.58,Delivered,Vadodara
14356,1445,2023-07-20,38822.38,Delivered,Chennai
14357,1001,2022-03-18,88013.09,Cancelled,Jaipur
14358,1811,2022-06-10,45033.01,Delivered,Vadodara
14359,1735,2023-09-16,33978.99,Cancelled,Nashik
14360,1870,2023-06-05,5368.53,Delivered,Patna
14361,1358,2022-07-11,88298.44,Cancelled,Mumbai
14362,1746,2022-03-06,31776.28,Delivered,Hyderabad
14363,1726,2023-12-19,36496.42,Shipped,Nashik
14364,1505,2023-01-30,39807.24,Delivered,Pune
14365,1433,2023-10-07,38032.47,Cancelled,Delhi
14366,1172,2022-01-07,68719.32,Cancelled,Vadodara
14367,1536,2022-04-13,73925.86,Delivered,Lucknow
14368,1254,2022-03-18,43301.21,Shipped,Surat
14369,1622,2023-04-01,75137.25,Delivered,Jaipur
14370,1472,2023-05-31,78456.25,Delivered,Nashik
14371,1994,2023-08-31,33043.75,Cancelled,Bangalore
14372,1659,2022-09-10,48510.24,Delivered,Delhi
14373,1359,2023-11-08,6087.36,Delivered,Jaipur
14374,1734,2022-06-04,50285.33,Shipped,Indore
14375,1378,2023-12-14,54053.26,Shipped,Ludhiana
14376,1547,2023-01-29,7928.40,Cancelled,Kolkata
14377,1891,2022-12-29,42709.14,Delivered,Bhopal
14378,1142,2022-11-28,43168.50,Delivered,Kolkata
14379,1632,2023-06-04,44979.99,Delivered,Vadodara
14380,1352,2022-11-30,13317.72,Delivered,Jaipur
14381,1688,2023-03-22,34759.58,Delivered,Kolkata
14382,1783,2023-04-01,58435.48,Delivered,Agra
14383,1594,2023-09-15,29675.90,Delivered,Mumbai
14384,1643,2023-05-02,23683.08,Cancelled,Surat
14385,1422,2023-03-10,22782.21,Delivered,Nashik
14386,1065,2023-03-25,23832.21,Shipped,Chennai
14387,1497,2022-01-23,1982.10,Cancelled,Vadodara
14388,1801,2023-09-02,46483.69,Shipped,Ludhiana
14389,1262,2023-07-27,46289.74,Cancelled,Vadodara
14390,1872,2023-08-08,50631.46,Delivered,Pune
14391,1078,2023-06-06,31941.43,Cancelled,Indore
14392,1822,2023-06-01,52874.27,Delivered,Faridabad
14393,1421,2023-04-19,85668.67,Shipped,Hyderabad
14394,1532,2023-10-08,71098.98,Shipped,Pune
14395,1751,2023-08-19,31984.30,Cancelled,Bhopal
14396,1110,2023-01-25,23298.26,Cancelled,Agra
14397,1547,2022-01-29,33449.62,Delivered,Kolkata
14398,1011,2023-09-12,76875.67,Cancelled,Lucknow
14399,1826,2023-02-08,13924.92,Delivered,Bangalore
14400,1989,2022-06-25,29429.97,Delivered,Hyderabad
14401,1168,2023-02-13,20639.87,Shipped,Hyderabad
14402,1041,2023-02-11,51984.13,Cancelled,Vadodara
14403,1617,2022-03-04,58311.98,Cancelled,Chennai
14404,1184,2022-10-05,85500.39,Delivered,Jaipur
14405,1368,2023-06-17,37776.12,Delivered,Mumbai
14406,1001,2023-07-24,18661.16,Cancelled,Jaipur
14407,1569,2022-07-14,52558.33,Delivered,Indore
14408,1338,2023-05-10,50231.90,Cancelled,Ahmedabad
14409,1565,2022-08-31,34417.23,Shipped,Faridabad
14410,1269,2022-04-19,44701.40,Shipped,Indore
14411,1887,2022-08-31,120440.68,Shipped,Agra
14412,1808,2023-01-15,44114.48,Delivered,Mumbai
14413,1001,2022-08-06,99121.56,Delivered,Jaipur
14414,1738,2023-02-04,1843.12,Shipped,Faridabad
14415,1105,2023-08-30,62174.10,Cancelled,Agra
14416,1365,2023-10-23,28461.86,Delivered,Lucknow
14417,1397,2022-10-27,39414.14,Delivered,Ahmedabad
14418,1786,2023-08-02,26487.45,Shipped,Kolkata
14419,1555,2023-11-12,38915.48,Delivered,Vadodara
14420,1443,2023-04-05,28211.18,Cancelled,Pune
14421,1780,2023-05-07,51545.05,Delivered,Delhi
14422,1670,2022-05-02,55280.92,Delivered,Ahmedabad
14423,1425,2023-10-21,50943.05,Delivered,Bhopal
14424,1116,2023-10-09,26635.44,Shipped,Ahmedabad
14425,1382,2023-12-06,54669.22,Delivered,Surat
14426,1278,2022-10-30,17562.04,Delivered,Patna
14427,1135,2023-09-08,20481.11,Delivered,Bangalore
14428,1403,2023-05-11,10239.92,Delivered,Nashik
14429,1978,2023-03-09,56588.41,Shipped,Faridabad
14430,1839,2023-01-19,17682.44,Delivered,Ludhiana
14431,1387,2022-05-26,66790.18,Delivered,Bhopal
14432,1120,2022-11-28,42123.94,Cancelled,Nashik
14433,1612,2023-03-23,47841.42,Delivered,Surat
14434,1323,2023-03-12,35802.34,Delivered,Ahmedabad
14435,1962,2022-07-05,61035.70,Delivered,Surat
14436,1340,2022-08-30,26984.71,Delivered,Ahmedabad
14437,1451,2022-01-31,23584.93,Delivered,Surat
14438,1492,2023-02-03,30878.96,Delivered,Nagpur
14439,1702,2022-11-30,72744.79,Delivered,Pune
14440,1616,2023-03-24,321.55,Delivered,Agra
14441,1869,2022-08-26,41388.30,Delivered,Delhi
14442,1007,2023-05-16,27563.29,Delivered,Indore
14443,1295,2022-12-08,55714.56,Delivered,Pune
14444,1105,2022-06-20,20335.40,Cancelled,Agra
14445,1058,2022-01-04,1147.68,Shipped,Jaipur
14446,1131,2023-11-06,66579.30,Delivered,Patna
14447,1953,2022-03-11,16476.34,Shipped,Vadodara
14448,1243,2023-10-18,11440.22,Shipped,Agra
14449,1507,2022-06-10,34738.41,Delivered,Ludhiana
14450,1549,2023-10-20,12787.64,Delivered,Delhi
14451,1633,2022-12-21,32182.77,Delivered,Nagpur
14452,1568,2022-11-29,67745.22,Cancelled,Jaipur
14453,1685,2022-11-09,47156.04,Delivered,Mumbai
14454,1144,2023-12-31,36525.79,Delivered,Jaipur
14455,1416,2022-04-29,39318.55,Delivered,Hyderabad
14456,1501,2023-01-13,139.69,Shipped,Ahmedabad
14457,1069,2022-02-26,72294.93,Delivered,Bhopal
14458,1542,2023-10-15,18426.78,Delivered,Chennai
14459,1614,2022-04-05,38159.90,Shipped,Pune
14460,1315,2022-10-03,28115.24,Delivered,Ludhiana
14461,1654,2022-08-08,87267.00,Delivered,Nashik
14462,1305,2023-03-25,7609.20,Delivered,Surat
14463,1115,2023-04-18,97857.58,Cancelled,Kolkata
14464,1308,2023-12-21,48702.65,Cancelled,Ahmedabad
14465,1471,2022-07-24,8554.23,Cancelled,Pune
14466,1209,2022-02-07,69117.71,Shipped,Kolkata
14467,1523,2023-07-02,5738.40,Delivered,Pune
14468,1128,2023-06-27,24982.64,Delivered,Chennai
14469,1895,2022-03-12,53523.85,Delivered,Hyderabad
14470,1846,2023-10-22,69859.46,Cancelled,Nagpur
14471,1187,2023-03-14,19018.70,Cancelled,Hyderabad
14472,1486,2023-06-03,52544.25,Delivered,Agra
14473,1832,2023-07-25,50975.06,Delivered,Pune
14474,1492,2023-07-11,12726.56,Delivered,Nagpur
14475,1293,2023-07-23,100998.01,Delivered,Agra
14476,1701,2022-03-06,50288.79,Delivered,Delhi
14477,1456,2023-12-10,76448.67,Delivered,Jaipur
14478,1852,2023-11-08,7025.18,Delivered,Jaipur
14479,1747,2022-08-20,7872.24,Cancelled,Agra
14480,1052,2022-04-14,57938.15,Delivered,Nashik
14481,1365,2023-03-12,4170.94,Delivered,Lucknow
14482,1300,2022-10-13,3185.70,Shipped,Vadodara
14483,1090,2023-05-06,53589.91,Shipped,Surat
14484,1956,2022-06-16,52189.31,Shipped,Agra
14485,1603,2022-03-08,10525.37,Delivered,Lucknow
14486,1215,2023-02-10,4288.24,Cancelled,Vadodara
14487,1590,2022-09-21,9173.00,Shipped,Surat
14488,1269,2022-12-16,14392.62,Cancelled,Indore
14489,1589,2023-08-23,45808.16,Delivered,Indore
14490,1115,2022-02-19,54926.57,Cancelled,Kolkata
14491,1349,2023-05-07,6247.50,Delivered,Patna
14492,1545,2022-08-28,11233.13,Delivered,Patna
14493,1168,2022-04-08,55408.60,Cancelled,Hyderabad
14494,1609,2023-02-24,22921.84,Delivered,Hyderabad
14495,1927,2022-10-22,9514.80,Delivered,Bhopal
14496,1400,2022-10-11,40095.23,Cancelled,Hyderabad
14497,1796,2023-06-14,66241.34,Cancelled,Ahmedabad
14498,1742,2023-04-14,45146.67,Shipped,Lucknow
14499,1175,2023-07-29,27074.98,Delivered,Lucknow
14500,1844,2023-05-18,58049.49,Cancelled,Nashik
14501,1357,2023-06-17,24028.05,Cancelled,Ahmedabad
14502,1760,2022-04-24,18661.16,Delivered,Jaipur
14503,1184,2022-05-27,9975.33,Cancelled,Jaipur
14504,1474,2023-07-06,63171.81,Delivered,Nashik
14505,1840,2022-05-21,45465.87,Cancelled,Patna
14506,1193,2023-10-17,59527.09,Shipped,Patna
14507,1921,2022-03-25,40406.50,Delivered,Delhi
14508,1769,2023-08-18,29707.71,Delivered,Bhopal
14509,1948,2022-12-03,24487.33,Delivered,Agra
14510,1814,2022-07-31,31592.79,Delivered,Delhi
14511,1536,2023-02-05,6267.85,Delivered,Lucknow
14512,1085,2022-07-06,17092.41,Delivered,Faridabad
14513,1215,2023-06-25,32586.38,Shipped,Vadodara
14514,1870,2023-07-04,56372.58,Delivered,Patna
14515,1592,2022-09-09,9975.33,Shipped,Jaipur
14516,1855,2023-07-06,2281.48,Delivered,Jaipur
14517,1591,2022-01-12,56516.21,Delivered,Jaipur
14518,1756,2023-09-25,54643.48,Cancelled,Delhi
14519,1646,2022-06-20,77313.01,Shipped,Ahmedabad
14520,1480,2023-08-14,58543.50,Delivered,Patna
14521,1152,2023-07-28,8055.52,Shipped,Ludhiana
14522,1600,2022-08-01,39215.99,Delivered,Surat
14523,1092,2023-10-06,17013.44,Delivered,Lucknow
14524,1763,2023-06-01,46741.52,Delivered,Patna
14525,1773,2023-04-21,33823.60,Delivered,Surat
14526,1788,2023-11-16,20789.10,Delivered,Patna
14527,1690,2023-02-09,52240.62,Delivered,Mumbai
14528,1125,2023-08-13,66646.64,Cancelled,Delhi
14529,1082,2022-01-11,19920.12,Cancelled,Bhopal
14530,1129,2023-08-11,78741.66,Delivered,Faridabad
14531,1138,2023-10-24,85147.92,Delivered,Lucknow
14532,1125,2022-09-07,39361.40,Delivered,Delhi
14533,1588,2022-03-02,45631.51,Delivered,Delhi
14534,1847,2023-07-02,52411.16,Cancelled,Nashik
14535,1735,2022-05-06,50667.30,Delivered,Nashik
14536,1063,2022-05-19,74654.35,Shipped,Ludhiana
14537,1212,2023-02-15,38902.87,Delivered,Indore
14538,1956,2023-12-15,21458.18,Cancelled,Agra
14539,1509,2022-07-30,33179.03,Shipped,Ludhiana
14540,1144,2023-03-27,19018.68,Delivered,Jaipur
14541,1522,2023-09-06,46650.06,Delivered,Nashik
14542,1215,2022-12-28,28637.29,Cancelled,Vadodara
14543,1062,2023-12-23,43593.64,Delivered,Nagpur
14544,1558,2022-11-26,8191.68,Shipped,Hyderabad
14545,1093,2023-01-11,18312.07,Delivered,Bangalore
14546,1462,2023-11-13,48629.20,Delivered,Bangalore
14547,1882,2023-01-31,30511.61,Delivered,Indore
14548,1599,2023-05-15,57910.57,Delivered,Ahmedabad
14549,1356,2022-04-29,69615.19,Delivered,Surat
14550,1253,2023-02-07,43916.63,Cancelled,Bangalore
14551,1044,2023-11-07,14763.98,Cancelled,Delhi
14552,1933,2022-09-03,5720.11,Delivered,Faridabad
14553,1468,2022-01-29,23591.13,Cancelled,Nagpur
14554,1609,2023-03-08,44422.44,Shipped,Hyderabad
14555,1420,2022-01-05,41588.60,Delivered,Patna
14556,1303,2022-07-01,41982.70,Shipped,Jaipur
14557,1827,2022-09-19,37618.33,Shipped,Ahmedabad
14558,1079,2022-02-05,6956.73,Cancelled,Nagpur
14559,1714,2023-04-18,83652.59,Delivered,Mumbai
14560,1650,2022-07-29,41497.22,Delivered,Vadodara
14561,1420,2022-09-29,13353.65,Delivered,Patna
14562,1987,2022-05-08,58496.17,Cancelled,Indore
14563,1560,2022-01-02,24446.92,Delivered,Ludhiana
14564,1009,2022-09-28,49582.69,Shipped,Indore
14565,1214,2023-03-09,47613.72,Cancelled,Nashik
14566,1894,2022-04-15,21135.11,Delivered,Bhopal
14567,1693,2022-10-05,42591.70,Cancelled,Pune
14568,1774,2023-08-16,23211.46,Delivered,Mumbai
14569,1814,2022-08-05,44247.22,Cancelled,Delhi
14570,1422,2023-08-12,104428.69,Shipped,Nashik
14571,1508,2023-02-16,3398.57,Cancelled,Jaipur
14572,1642,2023-12-10,5782.42,Cancelled,Delhi
14573,1178,2022-06-27,29807.31,Delivered,Vadodara
14574,1962,2023-09-21,48824.16,Delivered,Surat
14575,1893,2022-11-24,59692.05,Delivered,Ahmedabad
14576,1115,2023-12-25,69716.85,Delivered,Kolkata
14577,1551,2023-04-10,34079.73,Shipped,Lucknow
14578,1127,2023-04-10,80562.45,Delivered,Vadodara
14579,1022,2023-10-20,30251.60,Cancelled,Bangalore
14580,1983,2023-07-28,36545.32,Delivered,Delhi
14581,1776,2023-01-28,59101.71,Delivered,Mumbai
14582,1795,2022-02-05,16383.36,Delivered,Agra
14583,1605,2023-05-31,35049.32,Delivered,Kolkata
14584,1520,2023-05-21,22759.96,Shipped,Kolkata
14585,1454,2023-10-30,87099.90,Cancelled,Nagpur
14586,1228,2022-08-28,48450.87,Delivered,Jaipur
14587,1780,2023-05-02,44977.44,Delivered,Delhi
14588,1097,2022-08-27,6900.82,Cancelled,Mumbai
14589,1013,2023-09-30,94749.77,Delivered,Nagpur
14590,1198,2023-06-09,68105.49,Shipped,Ahmedabad
14591,1993,2022-01-24,34357.54,Delivered,Kolkata
14592,1406,2022-05-17,65148.74,Delivered,Hyderabad
14593,1994,2022-02-10,26640.49,Delivered,Bangalore
14594,1671,2022-06-24,72277.01,Delivered,Patna
14595,1916,2022-03-29,37970.35,Delivered,Ludhiana
14596,1462,2023-04-18,6457.18,Delivered,Bangalore
14597,1777,2022-10-14,17401.28,Delivered,Bangalore
14598,1725,2023-12-08,120724.30,Cancelled,Patna
14599,1859,2023-12-23,7205.13,Cancelled,Indore
14600,1221,2022-06-13,18070.68,Delivered,Patna
14601,1861,2023-07-19,34521.39,Delivered,Patna
14602,1637,2023-05-10,43658.73,Delivered,Chennai
14603,1102,2023-10-12,10422.50,Delivered,Patna
14604,1769,2022-10-11,2295.36,Shipped,Bhopal
14605,1029,2023-08-25,83901.56,Cancelled,Agra
14606,1487,2022-06-04,38742.41,Delivered,Nagpur
14607,1887,2023-08-12,31110.70,Delivered,Agra
14608,1182,2023-01-18,81474.13,Shipped,Vadodara
14609,1863,2022-11-02,52833.35,Delivered,Pune
14610,1297,2022-01-15,42968.94,Delivered,Agra
14611,1177,2023-03-06,55680.31,Cancelled,Lucknow
14612,1849,2023-09-29,7863.71,Delivered,Vadodara
14613,1313,2023-01-27,4583.45,Delivered,Jaipur
14614,1705,2023-01-26,8191.68,Shipped,Surat
14615,1013,2022-06-02,25754.70,Shipped,Nagpur
14616,1712,2023-10-31,32259.03,Delivered,Nashik
14617,1798,2022-02-05,20359.50,Delivered,Delhi
14618,1799,2022-08-31,25899.94,Shipped,Nagpur
14619,1739,2022-05-19,46859.70,Delivered,Surat
14620,1202,2023-02-24,72218.67,Cancelled,Nashik
14621,1032,2022-01-11,9892.92,Shipped,Bangalore
14622,1620,2022-11-17,18736.98,Delivered,Ahmedabad
14623,1507,2022-09-07,5489.82,Cancelled,Ludhiana
14624,1989,2022-01-13,52929.53,Shipped,Hyderabad
14625,1222,2023-09-23,64381.81,Delivered,Agra
14626,1771,2022-02-05,16587.27,Delivered,Faridabad
14627,1165,2022-04-06,9259.88,Cancelled,Delhi
14628,1833,2023-01-25,10651.75,Cancelled,Nagpur
14629,1484,2022-03-19,38341.93,Shipped,Indore
14630,1146,2022-07-10,89874.60,Delivered,Chennai
14631,1324,2023-12-28,31776.28,Shipped,Nagpur
14632,1812,2022-04-25,57132.56,Delivered,Mumbai
14633,1584,2022-06-21,8759.20,Delivered,Mumbai
14634,1486,2022-01-07,29024.06,Delivered,Agra
14635,1251,2023-02-21,15727.42,Delivered,Surat
14636,1845,2022-08-19,45683.84,Delivered,Bangalore
14637,1878,2022-05-15,24655.60,Delivered,Mumbai
14638,1096,2023-10-26,5255.78,Delivered,Kolkata
14639,1351,2022-07-05,10594.98,Cancelled,Ludhiana
14640,1277,2022-03-26,22410.15,Delivered,Nashik
14641,1598,2022-10-06,8291.05,Shipped,Delhi
14642,1817,2023-05-01,28759.35,Shipped,Jaipur
14643,1632,2022-01-24,10083.47,Delivered,Vadodara
14644,1431,2023-10-19,42313.75,Delivered,Jaipur
14645,1097,2022-08-19,50490.80,Shipped,Mumbai
14646,1419,2022-03-22,42897.45,Cancelled,Kolkata
14647,1838,2022-11-04,22392.37,Delivered,Faridabad
14648,1994,2023-11-25,52057.04,Delivered,Bangalore
14649,1848,2023-12-10,31510.02,Cancelled,Agra
14650,1360,2022-04-25,56422.28,Delivered,Pune
14651,1109,2022-04-19,61305.13,Delivered,Mumbai
14652,1328,2023-07-04,14714.00,Delivered,Lucknow
14653,1175,2023-03-17,33991.92,Shipped,Lucknow
14654,1776,2023-12-21,26743.61,Cancelled,Mumbai
14655,1822,2023-07-03,6658.86,Delivered,Faridabad
14656,1491,2023-07-24,59993.45,Cancelled,Bhopal
14657,1691,2023-03-08,14624.75,Shipped,Indore
14658,1389,2022-03-02,57381.59,Cancelled,Vadodara
14659,1539,2022-10-03,9914.05,Delivered,Nashik
14660,1025,2023-06-08,39190.00,Shipped,Agra
14661,1841,2023-11-05,94284.15,Delivered,Lucknow
14662,1579,2022-04-23,29959.44,Shipped,Pune
14663,1299,2023-09-27,77748.75,Delivered,Pune
14664,1088,2023-03-24,14920.69,Delivered,Pune
14665,1414,2023-08-08,45592.87,Cancelled,Ahmedabad
14666,1956,2022-07-26,63488.54,Delivered,Agra
14667,1854,2022-07-22,50391.73,Delivered,Pune
14668,1286,2023-07-08,4757.40,Shipped,Lucknow
14669,1277,2023-04-05,36631.86,Delivered,Nashik
14670,1517,2022-06-11,16854.64,Cancelled,Bhopal
14671,1989,2023-06-25,59443.51,Delivered,Hyderabad
14672,1443,2022-07-11,11564.84,Delivered,Pune
14673,1173,2022-03-09,79662.45,Delivered,Agra
14674,1762,2023-05-19,3152.48,Delivered,Nagpur
14675,1888,2022-01-15,62983.75,Delivered,Bhopal
14676,1002,2022-08-02,50191.90,Delivered,Bangalore
14677,1063,2022-01-22,12177.52,Cancelled,Ludhiana
14678,1386,2022-09-12,73517.01,Shipped,Kolkata
14679,1465,2022-09-03,23038.89,Cancelled,Agra
14680,1005,2022-01-04,43779.49,Cancelled,Mumbai
14681,1787,2023-08-05,1576.24,Delivered,Ahmedabad
14682,1259,2022-05-02,67029.33,Delivered,Vadodara
14683,1024,2023-08-17,62900.71,Delivered,Ludhiana
14684,1394,2023-08-05,46435.20,Delivered,Lucknow
14685,1841,2022-08-29,38962.12,Shipped,Lucknow
14686,1207,2023-04-13,51384.36,Cancelled,Patna
14687,1690,2023-06-29,25498.67,Cancelled,Mumbai
14688,1745,2023-04-16,40011.38,Cancelled,Surat
14689,1046,2023-02-02,91789.94,Delivered,Pune
14690,1308,2023-07-11,1061.90,Delivered,Ahmedabad
14691,1966,2023-07-15,24037.54,Delivered,Bangalore
14692,1398,2022-09-08,29400.68,Delivered,Jaipur
14693,1944,2023-09-04,12386.32,Cancelled,Lucknow
14694,1528,2022-10-11,17626.45,Delivered,Surat
14695,1445,2022-05-02,40182.64,Delivered,Chennai
14696,1976,2023-04-02,63215.33,Delivered,Hyderabad
14697,1536,2022-03-29,31569.85,Cancelled,Lucknow
14698,1569,2023-10-24,51289.53,Delivered,Indore
14699,1338,2023-05-29,48843.66,Cancelled,Ahmedabad
14700,1986,2022-11-13,17303.30,Delivered,Delhi
14701,1194,2023-10-14,58823.70,Delivered,Surat
14702,1071,2023-01-07,16999.71,Delivered,Bhopal
14703,1285,2023-02-27,13594.28,Shipped,Bangalore
14704,1330,2023-01-20,29221.59,Cancelled,Patna
14705,1612,2022-09-14,66653.94,Delivered,Surat
14706,1884,2023-02-19,35531.56,Delivered,Surat
14707,1734,2022-02-24,12626.74,Cancelled,Indore
14708,1142,2022-10-01,40822.79,Delivered,Kolkata
14709,1830,2022-05-23,96246.81,Cancelled,Bhopal
14710,1933,2022-04-04,8238.17,Delivered,Faridabad
14711,1943,2022-05-22,4169.00,Cancelled,Nagpur
14712,1458,2023-09-03,11731.09,Delivered,Patna
14713,1992,2022-01-02,41504.48,Shipped,Vadodara
14714,1145,2022-02-04,39957.57,Cancelled,Chennai
14715,1909,2022-03-13,73231.04,Delivered,Chennai
14716,1927,2022-05-20,30704.15,Delivered,Bhopal
14717,1653,2022-07-17,24575.04,Delivered,Hyderabad
14718,1974,2022-08-16,45706.00,Shipped,Pune
14719,1018,2022-01-09,10720.60,Delivered,Nashik
14720,1635,2022-04-07,9858.97,Cancelled,Nashik
14721,1974,2022-05-23,23707.10,Delivered,Pune
14722,1110,2023-07-17,14903.48,Shipped,Agra
14723,1961,2022-03-13,63686.31,Delivered,Nashik
14724,1355,2023-08-02,74792.14,Shipped,Nashik
14725,1118,2022-02-02,38213.98,Cancelled,Delhi
14726,1178,2022-08-13,34764.75,Shipped,Vadodara
14727,1419,2022-01-25,62027.73,Delivered,Kolkata
14728,1576,2022-09-06,27531.28,Shipped,Bhopal
14729,1089,2022-01-31,48962.25,Delivered,Lucknow
14730,1206,2022-05-11,26148.54,Shipped,Chennai
14731,1071,2022-12-26,5720.11,Delivered,Bhopal
14732,1671,2022-09-28,1544.12,Delivered,Patna
14733,1012,2023-05-25,20893.50,Shipped,Ahmedabad
14734,1770,2022-11-29,48051.56,Delivered,Kolkata
14735,1320,2023-01-26,8716.52,Delivered,Pune
14736,1671,2022-07-01,70365.77,Shipped,Patna
14737,1430,2022-08-13,60550.85,Delivered,Hyderabad
14738,1393,2022-01-26,66370.97,Delivered,Surat
14739,1341,2022-08-31,34957.97,Shipped,Lucknow
14740,1737,2023-10-03,56980.24,Delivered,Hyderabad
14741,1504,2022-06-02,4565.52,Delivered,Bangalore
14742,1572,2023-03-08,6087.36,Shipped,Bhopal
14743,1548,2022-06-23,43937.14,Delivered,Lucknow
14744,1776,2022-04-14,53314.42,Delivered,Mumbai
14745,1846,2023-04-15,87325.12,Delivered,Nagpur
14746,1404,2023-04-09,39573.01,Cancelled,Pune
14747,1402,2023-03-05,93032.25,Shipped,Surat
14748,1958,2022-12-26,50662.30,Shipped,Chennai
14749,1976,2022-06-06,36820.78,Delivered,Hyderabad
14750,1079,2023-09-29,18272.66,Shipped,Nagpur
14751,1873,2023-07-13,78610.96,Delivered,Vadodara
14752,1810,2023-10-01,59621.52,Shipped,Nagpur
14753,1850,2022-03-24,4757.40,Cancelled,Nashik
14754,1062,2023-10-17,42141.50,Delivered,Nagpur
14755,1038,2023-02-27,7902.92,Delivered,Jaipur
14756,1826,2023-06-07,48883.53,Cancelled,Bangalore
14757,1495,2022-11-05,55201.59,Delivered,Faridabad
14758,1241,2022-11-17,23787.00,Delivered,Chennai
14759,1315,2022-02-24,46599.65,Shipped,Ludhiana
14760,1900,2023-01-23,26680.95,Delivered,Indore
14761,1155,2022-03-30,64171.31,Shipped,Jaipur
14762,1864,2022-09-16,18940.20,Delivered,Ahmedabad
14763,1168,2023-01-01,62831.54,Delivered,Hyderabad
14764,1018,2023-02-14,22782.21,Delivered,Nashik
14765,1821,2022-10-17,79784.50,Delivered,Ludhiana
14766,1785,2022-05-07,53936.55,Cancelled,Faridabad
14767,1505,2022-07-20,24028.05,Delivered,Pune
14768,1544,2022-05-31,3185.70,Delivered,Bangalore
14769,1878,2023-11-16,66721.06,Delivered,Mumbai
14770,1231,2022-12-12,64710.81,Delivered,Hyderabad
14771,1513,2023-05-30,32800.72,Delivered,Surat
14772,1541,2023-06-14,64182.84,Shipped,Bhopal
14773,1550,2022-01-24,13664.24,Shipped,Hyderabad
14774,1266,2022-01-19,9975.33,Delivered,Indore
14775,1837,2022-04-14,4586.50,Delivered,Vadodara
14776,1094,2022-06-14,23129.68,Delivered,Chennai
14777,1319,2022-07-20,28368.84,Delivered,Surat
14778,1085,2022-07-10,9740.53,Delivered,Faridabad
14779,1122,2023-12-27,50813.05,Delivered,Hyderabad
14780,1626,2023-06-25,58958.11,Delivered,Lucknow
14781,1509,2022-05-26,77668.77,Cancelled,Ludhiana
14782,1395,2022-02-24,9471.46,Delivered,Indore
14783,1168,2022-03-05,48956.29,Delivered,Hyderabad
14784,1108,2023-09-01,13083.89,Cancelled,Indore
14785,1638,2023-09-11,13486.26,Delivered,Bangalore
14786,1083,2022-04-02,55741.02,Delivered,Ahmedabad
14787,1961,2022-01-14,65220.82,Shipped,Nashik
14788,1833,2022-04-30,59218.64,Shipped,Nagpur
14789,1766,2022-04-12,83378.25,Shipped,Chennai
14790,1781,2023-10-30,34504.10,Delivered,Faridabad
14791,1800,2022-04-18,2130.35,Shipped,Ludhiana
14792,1906,2022-06-09,11951.17,Delivered,Bhopal
14793,1701,2023-09-24,14129.68,Delivered,Delhi
14794,1740,2023-06-04,29623.57,Cancelled,Faridabad
14795,1664,2022-10-19,788.12,Shipped,Hyderabad
14796,1842,2023-06-21,58448.81,Delivered,Pune
14797,1944,2022-01-10,49908.10,Delivered,Lucknow
14798,1211,2023-03-25,24309.75,Delivered,Surat
14799,1543,2022-06-19,69709.70,Delivered,Nashik
14800,1484,2022-06-20,68343.22,Shipped,Indore
14801,1536,2022-01-04,23591.13,Shipped,Lucknow
14802,1614,2022-02-27,35233.88,Shipped,Pune
14803,1115,2023-03-02,17563.56,Delivered,Kolkata
14804,1566,2023-12-08,13749.44,Cancelled,Kolkata
14805,1482,2022-06-08,14410.26,Delivered,Bangalore
14806,1694,2023-09-03,4590.72,Cancelled,Agra
14807,1649,2023-01-29,51039.16,Shipped,Bangalore
14808,1794,2022-05-04,22606.70,Shipped,Vadodara
14809,1347,2022-08-21,26270.34,Shipped,Vadodara
14810,1574,2022-04-19,16111.04,Delivered,Chennai
14811,1187,2022-10-21,24714.51,Cancelled,Hyderabad
14812,1376,2022-12-27,68005.58,Cancelled,Nagpur
14813,1033,2022-01-16,49326.05,Delivered,Agra
14814,1686,2022-10-28,32037.40,Delivered,Lucknow
14815,1219,2023-02-09,24475.56,Delivered,Bhopal
14816,1994,2022-05-05,74080.92,Delivered,Bangalore
14817,1809,2023-01-29,36578.21,Shipped,Bangalore
14818,1565,2022-12-27,13727.70,Delivered,Faridabad
14819,1408,2023-11-14,73494.33,Shipped,Surat
14820,1821,2023-03-30,71037.46,Delivered,Ludhiana
14821,1068,2023-03-24,88902.12,Delivered,Chennai
14822,1252,2023-08-15,32816.24,Delivered,Indore
14823,1714,2022-05-26,40463.24,Delivered,Mumbai
14824,1754,2022-04-29,29748.84,Delivered,Hyderabad
14825,1844,2022-05-29,21081.42,Delivered,Nashik
14826,1492,2022-01-10,42697.03,Delivered,Nagpur
14827,1048,2023-10-27,36733.65,Delivered,Bangalore
14828,1915,2022-06-10,69690.54,Delivered,Jaipur
14829,1720,2023-12-13,37133.59,Cancelled,Ahmedabad
14830,1887,2022-08-16,5738.40,Delivered,Agra
14831,1555,2022-10-27,21802.84,Delivered,Vadodara
14832,1025,2022-01-11,74475.77,Delivered,Agra
14833,1757,2023-03-12,28001.00,Delivered,Lucknow
14834,1834,2022-01-16,20229.39,Delivered,Jaipur
14835,1048,2022-05-31,28912.10,Delivered,Bangalore
14836,1387,2023-05-03,23248.58,Cancelled,Bhopal
14837,1398,2023-12-17,17302.73,Delivered,Jaipur
14838,1237,2023-11-15,2985.84,Cancelled,Patna
14839,1884,2022-12-04,33032.68,Cancelled,Surat
14840,1093,2022-04-06,32581.05,Delivered,Bangalore
14841,1840,2022-05-02,31544.92,Delivered,Patna
14842,1934,2023-05-26,24847.10,Delivered,Surat
14843,1503,2023-06-02,21178.13,Cancelled,Agra
14844,1807,2023-03-11,42252.45,Delivered,Ludhiana
14845,1328,2023-04-29,3066.38,Delivered,Lucknow
14846,1329,2022-04-24,19476.90,Delivered,Lucknow
14847,1928,2023-04-05,37970.35,Delivered,Kolkata
14848,1827,2022-04-11,2348.10,Cancelled,Ahmedabad
14849,1382,2023-07-31,33072.74,Delivered,Surat
14850,1350,2023-01-06,14968.20,Shipped,Pune
14851,1875,2023-10-17,2461.60,Cancelled,Pune
14852,1473,2022-06-14,9738.45,Shipped,Kolkata
14853,1020,2022-06-07,33444.50,Delivered,Agra
14854,1446,2023-01-14,24316.19,Shipped,Agra
14855,1792,2023-04-19,52823.51,Delivered,Bhopal
14856,1367,2022-03-08,8540.20,Delivered,Ludhiana
14857,1472,2022-07-28,67547.92,Cancelled,Nashik
14858,1475,2022-05-06,23063.27,Delivered,Chennai
14859,1773,2023-10-30,20229.39,Delivered,Surat
14860,1493,2023-11-12,82210.37,Delivered,Kolkata
14861,1101,2023-05-14,26126.61,Delivered,Ludhiana
14862,1543,2022-01-17,31805.54,Shipped,Nashik
14863,1304,2022-03-16,15403.24,Cancelled,Delhi
14864,1867,2022-11-29,49712.25,Delivered,Vadodara
14865,1393,2022-02-21,47068.17,Delivered,Surat
14866,1341,2022-09-23,24028.05,Shipped,Lucknow
14867,1702,2023-06-25,77966.60,Delivered,Pune
14868,1915,2023-04-07,13801.64,Cancelled,Jaipur
14869,1854,2022-11-04,20073.48,Shipped,Pune
14870,1427,2023-03-15,43990.73,Delivered,Bangalore
14871,1457,2023-10-31,55542.38,Delivered,Agra
14872,1148,2023-05-05,52377.42,Delivered,Delhi
14873,1966,2022-12-13,8134.16,Cancelled,Bangalore
14874,1991,2023-02-15,1658.21,Delivered,Faridabad
14875,1367,2023-09-11,33937.90,Cancelled,Ludhiana
14876,1442,2023-06-01,29060.06,Cancelled,Ludhiana
14877,1054,2023-02-21,5782.42,Delivered,Bangalore
14878,1817,2022-09-27,8338.00,Cancelled,Jaipur
14879,1403,2023-08-29,4078.43,Delivered,Nashik
14880,1059,2023-12-12,16268.32,Delivered,Patna
14881,1797,2022-08-29,37379.93,Delivered,Bangalore
14882,1808,2022-01-27,47387.58,Cancelled,Mumbai
14883,1791,2022-05-29,45542.76,Cancelled,Nashik
14884,1429,2022-03-27,61484.75,Delivered,Bhopal
14885,1611,2023-04-06,17527.04,Delivered,Bangalore
14886,1796,2022-01-10,70573.56,Delivered,Ahmedabad
14887,1422,2023-04-07,65732.13,Shipped,Nashik
14888,1513,2023-09-02,42649.00,Shipped,Surat
14889,1728,2022-12-14,25638.50,Delivered,Delhi
14890,1447,2022-03-20,93353.28,Delivered,Delhi
14891,1248,2023-06-24,67707.99,Delivered,Jaipur
14892,1489,2022-08-04,36878.89,Delivered,Nashik
14893,1467,2022-07-31,10195.71,Delivered,Faridabad
14894,1180,2023-10-21,44686.27,Delivered,Ahmedabad
14895,1109,2022-03-18,14560.98,Delivered,Mumbai
14896,1667,2023-05-17,16383.36,Delivered,Faridabad
14897,1992,2023-05-19,56862.29,Delivered,Vadodara
14898,1059,2022-10-29,60908.96,Cancelled,Patna
14899,1381,2022-04-27,19596.78,Cancelled,Vadodara
14900,1414,2023-08-14,26274.66,Delivered,Ahmedabad
14901,1384,2022-06-29,43520.67,Shipped,Jaipur
14902,1979,2023-08-16,59399.14,Cancelled,Pune
14903,1878,2022-07-03,57109.30,Delivered,Mumbai
14904,1765,2023-02-28,28820.52,Cancelled,Surat
14905,1814,2023-07-17,50023.05,Delivered,Delhi
14906,1189,2023-11-26,61220.65,Shipped,Ahmedabad
14907,1849,2022-03-21,11185.86,Cancelled,Vadodara
14908,1026,2022-03-15,95233.72,Delivered,Lucknow
14909,1944,2022-08-10,66233.02,Delivered,Lucknow
14910,1410,2022-07-18,15732.38,Delivered,Pune
14911,1910,2022-12-17,23664.92,Delivered,Kolkata
14912,1299,2023-08-21,3185.70,Delivered,Pune
14913,1424,2023-04-15,35383.43,Delivered,Ludhiana
14914,1386,2023-08-15,54439.81,Delivered,Kolkata
14915,1884,2023-03-28,20335.40,Delivered,Surat
14916,1802,2023-03-31,19621.64,Delivered,Nashik
14917,1938,2023-07-23,7776.78,Delivered,Nashik
14918,1981,2023-07-31,69553.98,Shipped,Kolkata
14919,1775,2022-11-29,9199.14,Delivered,Hyderabad
14920,1903,2022-12-25,16531.22,Cancelled,Surat
14921,1838,2023-07-18,61059.49,Cancelled,Faridabad
14922,1225,2023-09-12,9141.20,Shipped,Kolkata
14923,1718,2022-06-11,44971.45,Shipped,Faridabad
14924,1185,2023-07-08,12386.32,Delivered,Indore
14925,1917,2023-08-10,19546.10,Shipped,Bangalore
14926,1228,2022-12-23,7944.07,Delivered,Jaipur
14927,1999,2023-07-31,9199.14,Delivered,Mumbai
14928,1129,2023-03-17,38407.92,Shipped,Faridabad
14929,1405,2023-10-24,8310.63,Delivered,Lucknow
14930,1465,2022-06-20,4169.00,Delivered,Agra
14931,1365,2022-07-30,61318.93,Delivered,Lucknow
14932,1639,2023-10-04,16166.38,Delivered,Jaipur
14933,1464,2022-01-01,38883.90,Cancelled,Bhopal
14934,1446,2022-11-05,39720.35,Shipped,Agra
14935,1767,2023-05-23,37341.73,Shipped,Lucknow
14936,1867,2022-01-23,48530.60,Cancelled,Vadodara
14937,1011,2023-11-13,44697.50,Delivered,Lucknow
14938,1579,2022-06-25,53241.78,Delivered,Pune
14939,1191,2022-03-21,24206.50,Delivered,Agra
14940,1904,2022-09-01,55402.18,Delivered,Hyderabad
14941,1266,2023-07-10,41841.17,Delivered,Indore
14942,1599,2022-08-19,22881.49,Delivered,Ahmedabad
14943,1357,2022-07-17,59226.07,Delivered,Ahmedabad
14944,1007,2022-06-21,35317.83,Delivered,Indore
14945,1042,2022-06-07,28959.36,Delivered,Hyderabad
14946,1353,2022-03-02,22233.19,Delivered,Ahmedabad
14947,1346,2022-10-18,2084.50,Delivered,Patna
14948,1232,2023-02-19,50768.84,Cancelled,Ludhiana
14949,1828,2023-07-28,86147.21,Delivered,Nashik
14950,1639,2022-07-18,50212.99,Delivered,Jaipur
14951,1198,2022-06-16,31483.28,Delivered,Ahmedabad
14952,1404,2022-06-17,64796.27,Delivered,Pune
14953,1008,2023-07-05,27423.60,Cancelled,Ahmedabad
14954,1765,2023-07-06,65119.77,Delivered,Surat
14955,1126,2022-05-10,20129.81,Delivered,Bangalore
14956,1771,2022-10-04,77377.50,Cancelled,Faridabad
14957,1059,2023-03-31,10902.94,Cancelled,Patna
14958,1403,2022-11-17,9785.32,Cancelled,Nashik
14959,1616,2023-09-22,63441.92,Delivered,Agra
14960,1121,2022-05-27,35215.41,Shipped,Pune
14961,1412,2022-07-22,10594.98,Shipped,Ahmedabad
14962,1317,2023-08-26,3043.68,Delivered,Bangalore
14963,1068,2022-01-16,94457.21,Cancelled,Chennai
14964,1794,2022-10-02,13927.68,Cancelled,Vadodara
14965,1209,2023-04-04,31387.72,Delivered,Kolkata
14966,1601,2022-05-16,17864.12,Shipped,Hyderabad
14967,1078,2023-12-21,13148.46,Shipped,Indore
14968,1382,2022-08-26,19375.28,Delivered,Surat
14969,1967,2023-03-10,43416.48,Delivered,Pune
14970,1485,2022-11-23,6900.82,Cancelled,Nagpur
14971,1645,2023-02-13,14356.21,Delivered,Kolkata
14972,1919,2022-05-26,36712.03,Cancelled,Bangalore
14973,1436,2022-05-04,71106.16,Delivered,Agra
14974,1028,2022-01-05,15888.14,Delivered,Ludhiana
14975,1676,2023-06-30,49277.27,Delivered,Mumbai
14976,1896,2022-05-21,19018.70,Delivered,Mumbai
14977,1171,2023-12-24,1982.10,Delivered,Ludhiana
14978,1708,2022-08-24,50785.94,Delivered,Delhi
14979,1011,2022-11-22,85379.44,Delivered,Lucknow
14980,1738,2022-05-23,24000.83,Delivered,Faridabad
14981,1307,2022-09-01,6132.76,Delivered,Vadodara
14982,1530,2023-03-29,32092.40,Cancelled,Vadodara
14983,1473,2023-10-16,45962.75,Shipped,Kolkata
14984,1620,2022-05-10,59252.75,Delivered,Ahmedabad
14985,1881,2022-05-15,47668.75,Delivered,Bangalore
14986,1514,2023-07-13,2123.80,Delivered,Mumbai
14987,1644,2023-11-23,47734.48,Cancelled,Faridabad
14988,1811,2022-04-23,29245.32,Delivered,Vadodara
14989,1310,2023-07-10,70623.13,Delivered,Bhopal
14990,1442,2023-05-20,34130.15,Cancelled,Ludhiana
14991,1204,2022-08-02,56410.37,Delivered,Faridabad
14992,1604,2023-08-27,30414.96,Shipped,Pune
14993,1363,2022-04-08,57677.05,Cancelled,Agra
14994,1966,2022-02-28,38541.41,Shipped,Bangalore
14995,1734,2023-07-10,48642.53,Shipped,Indore
14996,1282,2022-02-28,28974.78,Delivered,Jaipur
14997,1652,2023-05-31,45865.56,Delivered,Ahmedabad
14998,1753,2023-06-24,38405.65,Cancelled,Nagpur
14999,1176,2022-11-25,40813.51,Shipped,Hyderabad
15000,1139,2023-02-19,17765.78,Delivered,Bhopal
